Time,Total Electric Power (kW),Total Gas Power (therms/hour),Total Reactive Power (kVAR),Gas Furnace Electric Power (kW),Gas Furnace Gas Power (therms/hour),Air Conditioner Electric Power (kW),Electric Resistance Water Heater Electric Power (kW),Clothes Washer Electric Power (kW),Clothes Dryer Electric Power (kW),Dishwasher Electric Power (kW),Refrigerator Electric Power (kW),Cooking Range Electric Power (kW),Exterior Lighting Electric Power (kW),Indoor Lighting Electric Power (kW),TV Electric Power (kW),MELs Electric Power (kW),PV Electric Power (kW),Battery Electric Power (kW),EV Electric Power (kW),Temperature - Indoor (C),Unmet HVAC Load (C),Gas Furnace Mode (-),Gas Furnace Setpoint (C),Air Conditioner Mode (-),Air Conditioner Setpoint (C),Electric Resistance Water Heater Mode (-),Electric Resistance Water Heater Setpoint (C),Clothes Washer Mode (-),Clothes Dryer Mode (-),Dishwasher Mode (-),Refrigerator Mode (-),Cooking Range Mode (-),Exterior Lighting Mode (-),Indoor Lighting Mode (-),TV Mode (-),MELs Mode (-),PV Mode (-),Battery Mode (-),Battery SOC (-),EV Mode (-),EV SOC (-)
2019-01-01T00:00:00-07:00,0.43733342160419153,0.0,0.2542512985517326,0.0,0.0,0.05,0.0,0.0,0.0,0.0,0.05950936765964479,0.0,0.012776407163742684,0.05173505956614509,0.02378082191780822,0.2423342465753424,0.0,-0.002802481278491668,0.0,19.222650373030277,0.0,0.0,0.0,0.0,0.0,0.0,0.0,0.0,0.0,0.0,0.0,0.0,0.0,0.0,0.0,0.0,0.0,0.0,0.0,0.0,0.0
2019-01-01T00:15:00-07:00,0.43733339035727925,0.0,0.2542512985517326,0.0,0.0,0.05,0.0,0.0,0.0,0.0,0.05950936765964479,0.0,0.012776407163742684,0.05173505956614509,0.02378082191780822,0.2423342465753424,0.0,-0.0028025125254039166,0.0,18.61175889443721,0.0,0.0,0.0,0.0,0.0,0.0,0.0,0.0,0.0,0.0,0.0,0.0,0.0,0.0,0.0,0.0,0.0,0.0,0.0,0.0,0.0
2019-01-01T00:30:00-07:00,0.4373333606711565,0.0,0.2542512985517326,0.0,0.0,0.05,0.0,0.0,0.0,0.0,0.05950936765964479,0.0,0.012776407163742684,0.05173505956614509,0.02378082191780822,0.2423342465753424,0.0,-0.0028025422115266225,0.0,18.11004480911583,0.0,0.0,0.0,0.0,0.0,0.0,0.0,0.0,0.0,0.0,0.0,0.0,0.0,0.0,0.0,0.0,0.0,0.0,0.0,0.0,0.0
2019-01-01T00:45:00-07:00,0.4364230738469128,0.0,0.2542512985517326,0.0,0.0,0.05,0.0,0.0,0.0,0.0,0.05950936765964479,0.0,0.012776407163742684,0.05173505956614509,0.02378082191780822,0.2423342465753424,0.0,-0.0037128290357703346,0.0,17.666113326059428,0.0,0.0,0.0,0.0,0.0,0.0,0.0,0.0,0.0,0.0,0.0,0.0,0.0,0.0,0.0,0.0,0.0,0.0,0.0,0.0,0.0
2019-01-01T01:00:00-07:00,0.41294311304098197,0.0,0.25210288066125897,0.0,0.0,0.05,0.0,0.0,0.0,0.0,0.058021633468153665,0.0,0.011818176626461983,0.04311254963845424,0.01189041095890411,0.2423342465753424,0.0,-0.004233904226334404,0.0,17.25919383215454,0.0,0.0,0.0,0.0,0.0,0.0,0.0,0.0,0.0,0.0,0.0,0.0,0.0,0.0,0.0,0.0,0.0,0.0,0.0,0.0,0.0
2019-01-01T01:15:00-07:00,0.41174492923142736,0.0,0.25210288066125897,0.0,0.0,0.05,0.0,0.0,0.0,0.0,0.058021633468153665,0.0,0.011818176626461983,0.04311254963845424,0.01189041095890411,0.2423342465753424,0.0,-0.005432088035889001,0.0,16.88635519478582,0.0,0.0,0.0,0.0,0.0,0.0,0.0,0.0,0.0,0.0,0.0,0.0,0.0,0.0,0.0,0.0,0.0,0.0,0.0,0.0,0.0
2019-01-01T01:30:00-07:00,0.4103943986647908,0.0,0.25210288066125897,0.0,0.0,0.05,0.0,0.0,0.0,0.0,0.058021633468153665,0.0,0.011818176626461983,0.04311254963845424,0.01189041095890411,0.2423342465753424,0.0,-0.00678261860252554,0.0,16.53953002911501,0.0,0.0,0.0,0.0,0.0,0.0,0.0,0.0,0.0,0.0,0.0,0.0,0.0,0.0,0.0,0.0,0.0,0.0,0.0,0.0,0.0
2019-01-01T01:45:00-07:00,0.4089029652118583,0.0,0.25210288066125897,0.0,0.0,0.05,0.0,0.0,0.0,0.0,0.058021633468153665,0.0,0.011818176626461983,0.04311254963845424,0.01189041095890411,0.2423342465753424,0.0,-0.008274052055458073,0.0,16.217912884657476,0.0,0.0,0.0,0.0,0.0,0.0,0.0,0.0,0.0,0.0,0.0,0.0,0.0,0.0,0.0,0.0,0.0,0.0,0.0,0.0,0.0
2019-01-01T02:00:00-07:00,0.40096071760116875,0.0,0.2509126933080661,0.0,0.0,0.05,0.0,0.0,0.0,0.0,0.05653389927666255,0.0,0.011818176626461983,0.04311254963845424,0.006794520547945205,0.2423342465753424,0.0,-0.009632675063697572,0.0,15.915269938300707,0.0,0.0,0.0,0.0,0.0,0.0,0.0,0.0,0.0,0.0,0.0,0.0,0.0,0.0,0.0,0.0,0.0,0.0,0.0,0.0,0.0
2019-01-01T02:15:00-07:00,0.39923971273283776,0.0,0.2509126933080661,0.0,0.0,0.05,0.0,0.0,0.0,0.0,0.05653389927666255,0.0,0.011818176626461983,0.04311254963845424,0.006794520547945205,0.2423342465753424,0.0,-0.01135367993202857,0.0,15.63331364460806,0.0,0.0,0.0,0.0,0.0,0.0,0.0,0.0,0.0,0.0,0.0,0.0,0.0,0.0,0.0,0.0,0.0,0.0,0.0,0.0,0.0
2019-01-01T02:30:00-07:00,0.3974099297475638,0.0,0.2509126933080661,0.0,0.0,0.05,0.0,0.0,0.0,0.0,0.05653389927666255,0.0,0.011818176626461983,0.04311254963845424,0.006794520547945205,0.2423342465753424,0.0,-0.01318346291730256,0.0,15.367047024813214,0.0,0.0,0.0,0.0,0.0,0.0,0.0,0.0,0.0,0.0,0.0,0.0,0.0,0.0,0.0,0.0,0.0,0.0,0.0,0.0,0.0
2019-01-01T02:45:00-07:00,0.3954946476738289,0.0,0.2509126933080661,0.0,0.0,0.05,0.0,0.0,0.0,0.0,0.05653389927666255,0.0,0.011818176626461983,0.04311254963845424,0.006794520547945205,0.2423342465753424,0.0,-0.015098744991037437,0.0,15.117629911274204,0.0,0.0,0.0,0.0,0.0,0.0,0.0,0.0,0.0,0.0,0.0,0.0,0.0,0.0,0.0,0.0,0.0,0.0,0.0,0.0,0.0
2019-01-01T03:00:00-07:00,0.3899389076062017,0.0,0.24908368559668606,0.0,0.0,0.05,0.0,0.0,0.0,0.0,0.05504616508517143,0.0,0.01117935626827485,0.04311254963845424,0.005095890410958904,0.2423342465753424,0.0,-0.016829300372000068,0.0,14.880006168869189,0.0,0.0,0.0,0.0,0.0,0.0,0.0,0.0,0.0,0.0,0.0,0.0,0.0,0.0,0.0,0.0,0.0,0.0,0.0,0.0,0.0
2019-01-01T03:15:00-07:00,0.3879720472005911,0.0,0.24908368559668606,0.0,0.0,0.05,0.0,0.0,0.0,0.0,0.05504616508517143,0.0,0.01117935626827485,0.04311254963845424,0.005095890410958904,0.2423342465753424,0.0,-0.018796160777610683,0.0,14.656969916453717,0.0,0.0,0.0,0.0,0.0,0.0,0.0,0.0,0.0,0.0,0.0,0.0,0.0,0.0,0.0,0.0,0.0,0.0,0.0,0.0,0.0
2019-01-01T03:30:00-07:00,0.3859813656472664,0.0,0.24908368559668606,0.0,0.0,0.05,0.0,0.0,0.0,0.0,0.05504616508517143,0.0,0.01117935626827485,0.04311254963845424,0.005095890410958904,0.2423342465753424,0.0,-0.02078684233093542,0.0,14.444766808247195,0.0,0.0,0.0,0.0,0.0,0.0,0.0,0.0,0.0,0.0,0.0,0.0,0.0,0.0,0.0,0.0,0.0,0.0,0.0,0.0,0.0
2019-01-01T03:45:00-07:00,0.3839411148218157,0.0,0.24908368559668606,0.0,0.0,0.05,0.0,0.0,0.0,0.0,0.05504616508517143,0.0,0.01117935626827485,0.04311254963845424,0.005095890410958904,0.2423342465753424,0.0,-0.02282709315638608,0.0,14.246287871010104,0.0,0.0,0.0,0.0,0.0,0.0,0.0,0.0,0.0,0.0,0.0,0.0,0.0,0.0,0.0,0.0,0.0,0.0,0.0,0.0,0.0
2019-01-01T04:00:00-07:00,0.38596528137522224,0.0,0.24789349824349316,0.0,0.0,0.05,0.0,0.0,0.0,0.0,0.0535584308936803,0.0,0.01117935626827485,0.04742380460229966,0.006794520547945205,0.2423342465753424,0.0,-0.025325077512320136,0.0,14.05796555824124,0.0,0.0,0.0,0.0,0.0,0.0,0.0,0.0,0.0,0.0,0.0,0.0,0.0,0.0,0.0,0.0,0.0,0.0,0.0,0.0,0.0
2019-01-01T04:15:00-07:00,0.3837259119937289,0.0,0.24789349824349316,0.0,0.0,0.05,0.0,0.0,0.0,0.0,0.0535584308936803,0.0,0.01117935626827485,0.04742380460229966,0.006794520547945205,0.2423342465753424,0.0,-0.0275644468938135,0.0,13.882232245049137,0.0,0.0,0.0,0.0,0.0,0.0,0.0,0.0,0.0,0.0,0.0,0.0,0.0,0.0,0.0,0.0,0.0,0.0,0.0,0.0,0.0
2019-01-01T04:30:00-07:00,0.3813783789393668,0.0,0.24789349824349316,0.0,0.0,0.05,0.0,0.0,0.0,0.0,0.0535584308936803,0.0,0.01117935626827485,0.04742380460229966,0.006794520547945205,0.2423342465753424,0.0,-0.029911979948175547,0.0,13.715256686411081,0.0,0.0,0.0,0.0,0.0,0.0,0.0,0.0,0.0,0.0,0.0,0.0,0.0,0.0,0.0,0.0,0.0,0.0,0.0,0.0,0.0
2019-01-01T04:45:00-07:00,1.275500727257975,0.0,0.24789349824349316,0.0,0.0,0.05,0.0,0.0,0.0,0.0,0.0535584308936803,1.0,0.01117935626827485,0.04742380460229966,0.006794520547945205,0.2423342465753424,0.0,-0.13578963162956756,0.0,13.560497120003673,0.0,0.0,0.0,0.0,0.0,0.0,0.0,0.0,0.0,0.0,0.0,0.0,0.0,0.0,0.0,0.0,0.0,0.0,0.0,0.0,0.0
2019-01-01T05:00:00-07:00,0.40727780253552187,0.0,0.24917113895986742,0.0,0.0,0.05,0.0,0.0,0.0,0.0,0.0535584308936803,0.0,0.012456996984649119,0.07760258934921763,0.010191780821917807,0.2423342465753424,0.0,-0.03886624208928535,0.0,13.417732195525137,0.0,0.0,0.0,0.0,0.0,0.0,0.0,0.0,0.0,0.0,0.0,0.0,0.0,0.0,0.0,0.0,0.0,0.0,0.0,0.0,0.0
2019-01-01T05:15:00-07:00,0.4042226611017022,0.0,0.24917113895986742,0.0,0.0,0.05,0.0,0.0,0.0,0.0,0.0535584308936803,0.0,0.012456996984649119,0.07760258934921763,0.010191780821917807,0.2423342465753424,0.0,-0.041921383523105024,0.0,13.285340694915032,0.0,0.0,0.0,0.0,0.0,0.0,0.0,0.0,0.0,0.0,0.0,0.0,0.0,0.0,0.0,0.0,0.0,0.0,0.0,0.0,0.0
2019-01-01T05:30:00-07:00,1.2744764210435926,0.0,0.24917113895986742,0.0,0.0,0.05,0.0,0.0,0.0,0.0,0.0535584308936803,1.0,0.012456996984649119,0.07760258934921763,0.010191780821917807,0.2423342465753424,0.0,-0.17166762358121468,0.0,13.158891165016318,0.0,0.0,0.0,0.0,0.0,0.0,0.0,0.0,0.0,0.0,0.0,0.0,0.0,0.0,0.0,0.0,0.0,0.0,0.0,0.0,0.0
2019-01-01T05:45:00-07:00,1.2625659274244907,0.0,0.24917113895986742,0.0,0.0,0.05,0.0,0.0,0.0,0.0,0.0535584308936803,1.0,0.012456996984649119,0.07760258934921763,0.010191780821917807,0.2423342465753424,0.0,-0.1835781172003166,0.0,13.040923766485928,0.0,0.0,0.0,0.0,0.0,0.0,0.0,0.0,0.0,0.0,0.0,0.0,0.0,0.0,0.0,0.0,0.0,0.0,0.0,0.0,0.0
2019-01-01T06:00:00-07:00,0.4596991799138438,0.0,0.2639189755206252,0.0,0.0,0.05,0.0,0.0,0.0,0.0,0.05653389927666255,0.0,0.014054047880116953,0.1293376489153627,0.016986301369863014,0.25579726027397254,0.0,-0.06300997780213399,0.0,12.935494368759887,0.0,0.0,0.0,0.0,0.0,0.0,0.0,0.0,0.0,0.0,0.0,0.0,0.0,0.0,0.0,0.0,0.0,0.0,0.0,0.0,0.0
2019-01-01T06:15:00-07:00,0.4555415591267033,0.0,0.2639189755206252,0.0,0.0,0.05,0.0,0.0,0.0,0.0,0.05653389927666255,0.0,0.014054047880116953,0.1293376489153627,0.016986301369863014,0.25579726027397254,0.0,-0.0671675985892745,0.0,12.83579884249163,0.0,0.0,0.0,0.0,0.0,0.0,0.0,0.0,0.0,0.0,0.0,0.0,0.0,0.0,0.0,0.0,0.0,0.0,0.0,0.0,0.0
2019-01-01T06:30:00-07:00,0.45133506880294205,0.0,0.2639189755206252,0.0,0.0,0.05,0.0,0.0,0.0,0.0,0.05653389927666255,0.0,0.014054047880116953,0.1293376489153627,0.016986301369863014,0.25579726027397254,0.0,-0.07137408891303576,0.0,12.73923355528754,0.0,0.0,0.0,0.0,0.0,0.0,0.0,0.0,0.0,0.0,0.0,0.0,0.0,0.0,0.0,0.0,0.0,0.0,0.0,0.0,0.0
2019-01-01T06:45:00-07:00,0.4470390795730693,0.0,0.2639189755206252,0.0,0.0,0.05,0.0,0.0,0.0,0.0,0.05653389927666255,0.0,0.014054047880116953,0.1293376489153627,0.016986301369863014,0.25579726027397254,0.0,-0.07567007814290852,0.0,12.650455337305313,0.0,0.0,0.0,0.0,0.0,0.0,0.0,0.0,0.0,0.0,0.0,0.0,0.0,0.0,0.0,0.0,0.0,0.0,0.0,0.0,0.0
2019-01-01T07:00:00-07:00,0.4960539315426971,0.0,0.28149673612808646,0.0,0.0,0.05,0.0,0.0,0.0,0.0,0.05950936765964479,0.0,0.013095817342836253,0.1638276886261261,0.02547945205479452,0.2759917808219177,0.0,-0.09185017496262231,0.0,12.573613677871583,0.0,0.0,0.0,0.0,0.0,0.0,0.0,0.0,0.0,0.0,0.0,0.0,0.0,0.0,0.0,0.0,0.0,0.0,0.0,0.0,0.0
2019-01-01T07:15:00-07:00,0.4907876088621056,0.0,0.28149673612808646,0.0,0.0,0.05,0.0,0.0,0.0,0.0,0.05950936765964479,0.0,0.013095817342836253,0.1638276886261261,0.02547945205479452,0.2759917808219177,0.0,-0.09711649764321384,0.0,12.502813296488446,0.0,0.0,0.0,0.0,0.0,0.0,0.0,0.0,0.0,0.0,0.0,0.0,0.0,0.0,0.0,0.0,0.0,0.0,0.0,0.0,0.0
2019-01-01T07:30:00-07:00,0.4313830629663516,0.0,0.28149673612808646,0.0,0.0,0.05,0.0,0.0,0.0,0.0,0.05950936765964479,0.0,0.013095817342836253,0.1638276886261261,0.02547945205479452,0.2759917808219177,0.06740864259086132,-0.08911240094810652,0.0,12.44206508322646,0.0,0.0,0.0,0.0,0.0,0.0,0.0,0.0,0.0,0.0,0.0,0.0,0.0,0.0,0.0,0.0,0.0,0.0,0.0,0.0,0.0
2019-01-01T07:45:00-07:00,0.4192782155283048,0.0,0.28149673612808646,0.0,0.0,0.05,0.0,0.0,0.0,0.0,0.05950936765964479,0.0,0.013095817342836253,0.1638276886261261,0.02547945205479452,0.2759917808219177,0.0764837537986902,-0.09214213717832441,0.0,12.38656476228301,0.0,0.0,0.0,0.0,0.0,0.0,0.0,0.0,0.0,0.0,0.0,0.0,0.0,0.0,0.0,0.0,0.0,0.0,0.0,0.0,0.0
2019-01-01T08:00:00-07:00,0.4313455931417606,0.0,0.28487802716979577,0.0,0.0,0.05,0.0,0.0,0.0,0.0,0.06099710185113591,0.0,0.009901715551900581,0.1767614535176624,0.03397260273972603,0.28272328767123284,0.0811201123062492,-0.10189045588364806,0.0,12.334873525262726,0.0,0.0,0.0,0.0,0.0,0.0,0.0,0.0,0.0,0.0,0.0,0.0,0.0,0.0,0.0,0.0,0.0,0.0,0.0,0.0,0.0
2019-01-01T08:15:00-07:00,0.41389411507786067,0.0,0.28487802716979577,0.0,0.0,0.05,0.0,0.0,0.0,0.0,0.06099710185113591,0.0,0.009901715551900581,0.1767614535176624,0.03397260273972603,0.28272328767123284,0.09706750848171661,-0.10339453777208055,0.0,12.28948469601692,0.0,0.0,0.0,0.0,0.0,0.0,0.0,0.0,0.0,0.0,0.0,0.0,0.0,0.0,0.0,0.0,0.0,0.0,0.0,0.0,0.0
2019-01-01T08:30:00-07:00,-0.09007453028817969,0.0,0.28487802716979577,0.0,0.0,0.05,0.0,0.0,0.0,0.0,0.06099710185113591,0.0,0.009901715551900581,0.1767614535176624,0.03397260273972603,0.28272328767123284,0.7094306916198375,0.005,0.0,12.303202769328234,0.0,0.0,0.0,0.0,0.0,0.0,0.0,0.0,0.0,0.0,0.0,0.0,0.0,0.0,0.0,0.0,0.0,0.0,0.0,0.0,0.0
2019-01-01T08:45:00-07:00,-0.08227063159819437,0.0,0.28487802716979577,0.0,0.0,0.05,0.0,0.0,0.0,0.0,0.06099710185113591,0.0,0.009901715551900581,0.1767614535176624,0.03397260273972603,0.28272328767123284,0.7016267929298522,0.005,0.0,12.311211065049156,0.0,0.0,0.0,0.0,0.0,0.0,0.0,0.0,0.0,0.0,0.0,0.0,0.0,0.0,0.0,0.0,0.0,0.0,0.0,0.0,0.0
2019-01-01T09:00:00-07:00,-0.07676182426583489,0.0,0.2829615660952344,0.0,0.0,0.05,0.0,0.0,0.0,0.0,0.06099710185113591,0.0,0.007985254477339178,0.1767614535176624,0.04246575342465753,0.28272328767123284,0.7026946752078628,0.005,0.0,12.3168901130747,0.0,0.0,0.0,0.0,0.0,0.0,0.0,0.0,0.0,0.0,0.0,0.0,0.0,0.0,0.0,0.0,0.0,0.0,0.0,0.0,0.0
2019-01-01T09:15:00-07:00,-0.08178324738751341,0.0,0.2829615660952344,0.0,0.0,0.05,0.0,0.0,0.0,0.0,0.06099710185113591,0.0,0.007985254477339178,0.1767614535176624,0.04246575342465753,0.28272328767123284,0.7077160983295413,0.005,0.0,12.326198212426421,0.0,0.0,0.0,0.0,0.0,0.0,0.0,0.0,0.0,0.0,0.0,0.0,0.0,0.0,0.0,0.0,0.0,0.0,0.0,0.0,0.0
2019-01-01T09:30:00-07:00,3.70070233594883,0.0,0.2829615660952344,0.0,0.0,0.05,0.0,0.0,0.0,0.0,0.06099710185113591,0.0,0.007985254477339178,0.1767614535176624,0.04246575342465753,0.28272328767123284,2.4252952856831977,0.005,0.0,12.49980508817364,0.0,0.0,0.0,0.0,0.0,0.0,0.0,0.0,0.0,0.0,0.0,0.0,0.0,0.0,0.0,0.0,0.0,0.0,0.0,0.0,0.0
2019-01-01T09:45:00-07:00,-1.8761949041579802,0.0,0.2829615660952344,0.0,0.0,0.05,0.0,0.0,0.0,0.0,0.06099710185113591,0.0,0.007985254477339178,0.1767614535176624,0.04246575342465753,0.28272328767123284,2.502127755100008,0.005,0.0,12.647606005636424,0.0,0.0,0.0,0.0,0.0,0.0,0.0,0.0,0.0,0.0,0.0,0.0,0.0,0.0,0.0,0.0,0.0,0.0,0.0,0.0,0.0
2019-01-01T10:00:00-07:00,-1.9486270182984051,0.0,0.2814519685629479,0.0,0.0,0.05,0.0,0.0,0.0,0.0,0.05950936765964479,0.0,0.007665844298245611,0.16813894358997156,0.04756164383561644,0.28272328767123284,2.5692261053531165,0.005,0.0,12.773674832014034,0.0,0.0,0.0,0.0,0.0,0.0,0.0,0.0,0.0,0.0,0.0,0.0,0.0,0.0,0.0,0.0,0.0,0.0,0.0,0.0,0.0
2019-01-01T10:15:00-07:00,-2.007216906783095,0.0,0.2814519685629479,0.0,0.0,0.05,0.0,0.0,0.0,0.0,0.05950936765964479,0.0,0.007665844298245611,0.16813894358997156,0.04756164383561644,0.28272328767123284,2.6278159938378063,0.005,0.0,12.890842764354591,0.0,0.0,0.0,0.0,0.0,0.0,0.0,0.0,0.0,0.0,0.0,0.0,0.0,0.0,0.0,0.0,0.0,0.0,0.0,0.0,0.0
2019-01-01T10:30:00-07:00,-2.3784182946309755,0.0,0.2814519685629479,0.0,0.0,0.05,0.0,0.0,0.0,0.0,0.05950936765964479,0.0,0.007665844298245611,0.16813894358997156,0.04756164383561644,0.28272328767123284,2.999017381685687,0.005,0.0,13.02164244735581,0.0,0.0,0.0,0.0,0.0,0.0,0.0,0.0,0.0,0.0,0.0,0.0,0.0,0.0,0.0,0.0,0.0,0.0,0.0,0.0,0.0
2019-01-01T10:45:00-07:00,-2.427912871401093,0.0,0.2814519685629479,0.0,0.0,0.05,0.0,0.0,0.0,0.0,0.05950936765964479,0.0,0.007665844298245611,0.16813894358997156,0.04756164383561644,0.28272328767123284,3.0485119584558045,0.005,0.0,13.1428663148673,0.0,0.0,0.0,0.0,0.0,0.0,0.0,0.0,0.0,0.0,0.0,0.0,0.0,0.0,0.0,0.0,0.0,0.0,0.0,0.0,0.0
2019-01-01T11:00:00-07:00,-2.4732523028734983,0.0,0.2814519685629479,0.0,0.0,0.05,0.0,0.0,0.0,0.0,0.05950936765964479,0.0,0.007665844298245611,0.15951643366228066,0.05265753424657534,0.28272328767123284,3.0903247704114776,0.005,0.0,13.251075798811137,0.0,0.0,0.0,0.0,0.0,0.0,0.0,0.0,0.0,0.0,0.0,0.0,0.0,0.0,0.0,0.0,0.0,0.0,0.0,0.0,0.0
2019-01-01T11:15:00-07:00,-2.5058754368244265,0.0,0.2814519685629479,0.0,0.0,0.05,0.0,0.0,0.0,0.0,0.05950936765964479,0.0,0.007665844298245611,0.15951643366228066,0.05265753424657534,0.28272328767123284,3.1229479043624058,0.005,0.0,13.355332632128858,0.0,0.0,0.0,0.0,0.0,0.0,0.0,0.0,0.0,0.0,0.0,0.0,0.0,0.0,0.0,0.0,0.0,0.0,0.0,0.0,0.0
2019-01-01T11:30:00-07:00,-2.910033323198172,0.0,0.2814519685629479,0.0,0.0,0.05,0.0,0.0,0.0,0.0,0.05950936765964479,0.0,0.007665844298245611,0.15951643366228066,0.05265753424657534,0.28272328767123284,3.5271057907361514,0.005,0.0,13.46714176039278,0.0,0.0,0.0,0.0,0.0,0.0,0.0,0.0,0.0,0.0,0.0,0.0,0.0,0.0,0.0,0.0,0.0,0.0,0.0,0.0,0.0
2019-01-01T11:45:00-07:00,-2.920746725555196,0.0,0.2814519685629479,0.0,0.0,0.05,0.0,0.0,0.0,0.0,0.05950936765964479,0.0,0.007665844298245611,0.15951643366228066,0.05265753424657534,0.28272328767123284,3.5378191930931755,0.005,0.0,13.578306697979071,0.0,0.0,0.0,0.0,0.0,0.0,0.0,0.0,0.0,0.0,0.0,0.0,0.0,0.0,0.0,0.0,0.0,0.0,0.0,0.0,0.0
2019-01-01T12:00:00-07:00,-2.916880917631062,0.0,0.28415175344842725,0.0,0.0,0.05,0.0,0.0,0.0,0.0,0.06248483604262702,0.0,0.007985254477339178,0.15520517869843525,0.05605479452054794,0.28272328767123284,3.5363342690412445,0.005,0.0,13.685239064953935,0.0,0.0,0.0,0.0,0.0,0.0,0.0,0.0,0.0,0.0,0.0,0.0,0.0,0.0,0.0,0.0,0.0,0.0,0.0,0.0,0.0
2019-01-01T12:15:00-07:00,-1.9057700871402632,0.0,0.28415175344842725,0.0,0.0,0.05,0.0,0.0,0.0,1.0,0.06248483604262702,0.0,0.007985254477339178,0.15520517869843525,0.05605479452054794,0.28272328767123284,3.5252234385504453,0.005,0.0,13.796096416253674,0.0,0.0,0.0,0.0,0.0,0.0,0.0,0.0,0.0,0.0,0.0,0.0,0.0,0.0,0.0,0.0,0.0,0.0,0.0,0.0,0.0
2019-01-01T12:30:00-07:00,3.2650541824087975,0.0,0.28415175344842725,0.0,0.0,0.05,0.0,0.0,0.0,0.0,0.06248483604262702,0.0,0.007985254477339178,0.15520517869843525,0.05605479452054794,0.28272328767123284,2.8544639396913842,0.005,0.0,13.85002948911391,0.0,0.0,0.0,0.0,0.0,0.0,0.0,0.0,0.0,0.0,0.0,0.0,0.0,0.0,0.0,0.0,0.0,0.0,0.0,0.0,0.0
2019-01-01T12:45:00-07:00,-1.2198102779185545,0.0,0.28415175344842725,0.0,0.0,0.05,0.0,0.0,0.0,1.0,0.06248483604262702,0.0,0.007985254477339178,0.15520517869843525,0.05605479452054794,0.28272328767123284,2.8392636293287365,0.005,0.0,13.91514266225191,0.0,0.0,0.0,0.0,0.0,0.0,0.0,0.0,0.0,0.0,0.0,0.0,0.0,0.0,0.0,0.0,0.0,0.0,0.0,0.0,0.0
2019-01-01T13:00:00-07:00,-2.19493578753893,0.0,0.28510998398570797,0.0,0.0,0.05,0.0,0.0,0.0,0.0,0.06248483604262702,0.0,0.008943485014619881,0.15089392373458985,0.06454794520547945,0.28272328767123284,2.8195292652074793,0.005,0.0,13.980600682410188,0.0,0.0,0.0,0.0,0.0,0.0,0.0,0.0,0.0,0.0,0.0,0.0,0.0,0.0,0.0,0.0,0.0,0.0,0.0,0.0,0.0
2019-01-01T13:15:00-07:00,-2.1682957170293293,0.0,0.28510998398570797,0.0,0.0,0.05,0.0,0.0,0.0,0.0,0.06248483604262702,0.0,0.008943485014619881,0.15089392373458985,0.06454794520547945,0.28272328767123284,2.7928891946978784,0.005,0.0,14.050116100842603,0.0,0.0,0.0,0.0,0.0,0.0,0.0,0.0,0.0,0.0,0.0,0.0,0.0,0.0,0.0,0.0,0.0,0.0,0.0,0.0,0.0
2019-01-01T13:30:00-07:00,-2.3695409995748262,0.0,0.28510998398570797,0.0,0.0,0.05,0.0,0.0,0.0,0.0,0.06248483604262702,0.0,0.008943485014619881,0.15089392373458985,0.06454794520547945,0.28272328767123284,2.9941344772433753,0.005,0.0,14.134944496196084,0.0,0.0,0.0,0.0,0.0,0.0,0.0,0.0,0.0,0.0,0.0,0.0,0.0,0.0,0.0,0.0,0.0,0.0,0.0,0.0,0.0
2019-01-01T13:45:00-07:00,3.1986712327572078,0.0,0.28510998398570797,0.0,0.0,0.05,0.0,0.0,0.0,0.0,0.06248483604262702,0.0,0.008943485014619881,0.15089392373458985,0.06454794520547945,0.28272328767123284,2.9259870156013412,0.005,0.0,14.223431435239036,0.0,0.0,0.0,0.0,0.0,0.0,0.0,0.0,0.0,0.0,0.0,0.0,0.0,0.0,0.0,0.0,0.0,0.0,0.0,0.0,0.0
2019-01-01T14:00:00-07:00,-2.2058613509769,0.0,0.2857488043438951,0.0,0.0,0.05,0.0,0.0,0.0,0.0,0.06248483604262702,0.0,0.009582305372807014,0.15951643366228066,0.07134246575342466,0.28272328767123284,2.8465106794792723,0.005,0.0,14.313161311924661,0.0,0.0,0.0,0.0,0.0,0.0,0.0,0.0,0.0,0.0,0.0,0.0,0.0,0.0,0.0,0.0,0.0,0.0,0.0,0.0,0.0
2019-01-01T14:15:00-07:00,-2.116654312419047,0.0,0.2857488043438951,0.0,0.0,0.05,0.0,0.0,0.0,0.0,0.06248483604262702,0.0,0.009582305372807014,0.15951643366228066,0.07134246575342466,0.28272328767123284,2.7573036409214193,0.005,0.0,14.406528353360063,0.0,0.0,0.0,0.0,0.0,0.0,0.0,0.0,0.0,0.0,0.0,0.0,0.0,0.0,0.0,0.0,0.0,0.0,0.0,0.0,0.0
2019-01-01T14:30:00-07:00,-1.4309762574630809,0.0,0.2857488043438951,0.0,0.0,0.05,0.0,0.0,0.0,0.0,0.06248483604262702,0.0,0.009582305372807014,0.15951643366228066,0.07134246575342466,0.28272328767123284,2.071625585965453,0.005,0.0,14.43913072583504,0.0,0.0,0.0,0.0,0.0,0.0,0.0,0.0,0.0,0.0,0.0,0.0,0.0,0.0,0.0,0.0,0.0,0.0,0.0,0.0,0.0
2019-01-01T14:45:00-07:00,-1.383135772147949,0.0,0.2857488043438951,0.0,0.0,0.05,0.0,0.0,0.0,0.0,0.06248483604262702,0.0,0.009582305372807014,0.15951643366228066,0.07134246575342466,0.28272328767123284,2.023785100650321,0.005,0.0,14.482875326830897,0.0,0.0,0.0,0.0,0.0,0.0,0.0,0.0,0.0,0.0,0.0,0.0,0.0,0.0,0.0,0.0,0.0,0.0,0.0,0.0,0.0
2019-01-01T15:00:00-07:00,-1.300607152947511,0.0,0.2969260788450741,0.0,0.0,0.05,0.0,0.0,0.0,0.0,0.06099710185113591,0.0,0.01117935626827485,0.1767614535176624,0.07813698630136985,0.2961863013698629,1.9788683522558168,0.005,0.0,14.531279575188009,0.0,0.0,0.0,0.0,0.0,0.0,0.0,0.0,0.0,0.0,0.0,0.0,0.0,0.0,0.0,0.0,0.0,0.0,0.0,0.0,0.0
2019-01-01T15:15:00-07:00,-1.2617751052670703,0.0,0.2969260788450741,0.0,0.0,0.05,0.0,0.0,0.0,0.0,0.06099710185113591,0.0,0.01117935626827485,0.1767614535176624,0.07813698630136985,0.2961863013698629,1.9400363045753763,0.005,0.0,14.582460827838043,0.0,0.0,0.0,0.0,0.0,0.0,0.0,0.0,0.0,0.0,0.0,0.0,0.0,0.0,0.0,0.0,0.0,0.0,0.0,0.0,0.0
2019-01-01T15:30:00-07:00,-0.7212797007065977,0.0,0.2969260788450741,0.0,0.0,0.05,0.0,0.0,0.0,0.0,0.06099710185113591,0.0,0.01117935626827485,0.1767614535176624,0.07813698630136985,0.2961863013698629,1.3995409000149037,0.005,0.0,14.59963941768724,0.0,0.0,0.0,0.0,0.0,0.0,0.0,0.0,0.0,0.0,0.0,0.0,0.0,0.0,0.0,0.0,0.0,0.0,0.0,0.0,0.0
2019-01-01T15:45:00-07:00,-0.6352755489864256,0.0,0.2969260788450741,0.0,0.0,0.05,0.0,0.0,0.0,0.0,0.06099710185113591,0.0,0.01117935626827485,0.1767614535176624,0.07813698630136985,0.2961863013698629,1.3135367482947315,0.005,0.0,14.616846812963118,0.0,0.0,0.0,0.0,0.0,0.0,0.0,0.0,0.0,0.0,0.0,0.0,0.0,0.0,0.0,0.0,0.0,0.0,0.0,0.0,0.0
2019-01-01T16:00:00-07:00,-0.4603707282752182,0.0,0.3195269489548511,0.0,0.0,0.05,0.0,0.0,0.0,0.0,0.06546030442560927,0.0,0.014054047880116953,0.2155627481922712,0.09172602739726027,0.31638082191780814,1.218554678088284,0.005,0.0,14.634816807782618,0.0,0.0,0.0,0.0,0.0,0.0,0.0,0.0,0.0,0.0,0.0,0.0,0.0,0.0,0.0,0.0,0.0,0.0,0.0,0.0,0.0
2019-01-01T16:15:00-07:00,0.2913394157087794,0.0,0.3195269489548511,0.0,0.0,0.05,0.0,0.0,0.0,0.0,0.06546030442560927,1.0,0.014054047880116953,0.2155627481922712,0.09172602739726027,0.31638082191780814,1.0463659012768618,-0.4154786328274247,0.0,14.63461934767595,0.0,0.0,0.0,0.0,0.0,0.0,0.0,0.0,0.0,0.0,0.0,0.0,0.0,0.0,0.0,0.0,0.0,0.0,0.0,0.0,0.0
2019-01-01T16:30:00-07:00,0.5885534117364355,0.0,0.3195269489548511,0.0,0.0,0.05,0.0,0.0,0.0,0.0,0.06546030442560927,1.0,0.014054047880116953,0.2155627481922712,0.09172602739726027,0.31638082191780814,0.21953006917707324,-0.9451004688995571,0.0,14.524722548565972,0.0,0.0,0.0,0.0,0.0,0.0,0.0,0.0,0.0,0.0,0.0,0.0,0.0,0.0,0.0,0.0,0.0,0.0,0.0,0.0,0.0
2019-01-01T16:45:00-07:00,0.2395986570013282,0.0,0.3195269489548511,0.0,0.0,0.05,0.0,0.0,0.0,0.0,0.06546030442560927,0.0,0.014054047880116953,0.2155627481922712,0.09172602739726027,0.31638082191780814,0.18554740183037513,-0.32803789098136255,0.0,14.432272772850187,0.0,0.0,0.0,0.0,0.0,0.0,0.0,0.0,0.0,0.0,0.0,0.0,0.0,0.0,0.0,0.0,0.0,0.0,0.0,0.0,0.0
2019-01-01T17:00:00-07:00,0.29116409629335027,0.0,0.3442762369551017,0.0,0.0,0.05,0.0,0.0,0.0,0.0,0.07141124119157374,0.0,0.017886970029239762,0.2802315726499526,0.10531506849315068,0.3365753424657534,0.15053628831327528,-0.41971981022304466,0.0,14.358428514722252,0.0,0.0,0.0,0.0,0.0,0.0,0.0,0.0,0.0,0.0,0.0,0.0,0.0,0.0,0.0,0.0,0.0,0.0,0.0,0.0,0.0
2019-01-01T17:15:00-07:00,0.30465159348444937,0.0,0.3442762369551017,0.0,0.0,0.05,0.0,0.0,0.0,0.0,0.07141124119157374,0.0,0.017886970029239762,0.2802315726499526,0.10531506849315068,0.3365753424657534,0.1147464706416758,-0.44202213070354507,0.0,14.288794513511082,0.0,0.0,0.0,0.0,0.0,0.0,0.0,0.0,0.0,0.0,0.0,0.0,0.0,0.0,0.0,0.0,0.0,0.0,0.0,0.0,0.0
2019-01-01T17:30:00-07:00,0.7100995479338355,0.0,0.3442762369551017,0.0,0.0,0.05,0.0,0.0,0.0,1.0,0.07141124119157374,0.0,0.017886970029239762,0.2802315726499526,0.10531506849315068,0.3365753424657534,0.0,-1.1513206468958348,0.0,14.175617421908722,0.0,0.0,0.0,0.0,0.0,0.0,0.0,0.0,0.0,0.0,0.0,0.0,0.0,0.0,0.0,0.0,0.0,0.0,0.0,0.0,0.0
2019-01-01T17:45:00-07:00,5.8476160796079455,0.0,0.3442762369551017,0.0,0.0,0.05,0.0,0.0,0.0,0.0,0.07141124119157374,0.0,0.017886970029239762,0.2802315726499526,0.10531506849315068,0.3365753424657534,0.0,-0.5138688859117246,0.0,14.070541474387387,0.0,0.0,0.0,0.0,0.0,0.0,0.0,0.0,0.0,0.0,0.0,0.0,0.0,0.0,0.0,0.0,0.0,0.0,0.0,0.0,0.0
2019-01-01T18:00:00-07:00,0.3987828805766105,0.0,0.35459709857368804,0.0,0.0,0.05,0.0,0.0,0.0,0.0,0.07438670957455598,0.0,0.020442251461988296,0.3707679268907064,0.1358904109589041,0.3433068493150684,0.0,-0.5960112676246128,0.0,13.979709671113488,0.0,0.0,0.0,0.0,0.0,0.0,0.0,0.0,0.0,0.0,0.0,0.0,0.0,0.0,0.0,0.0,0.0,0.0,0.0,0.0,0.0
2019-01-01T18:15:00-07:00,0.7739343937433758,0.0,0.35459709857368804,0.0,0.0,0.05,0.0,0.0,0.0,1.0,0.07438670957455598,0.0,0.020442251461988296,0.3707679268907064,0.1358904109589041,0.3433068493150684,0.0,-1.2208597544578474,0.0,13.887333676692021,0.0,0.0,0.0,0.0,0.0,0.0,0.0,0.0,0.0,0.0,0.0,0.0,0.0,0.0,0.0,0.0,0.0,0.0,0.0,0.0,0.0
2019-01-01T18:30:00-07:00,0.4061030188999242,0.0,0.35459709857368804,0.0,0.0,0.05,0.0,0.0,0.0,0.0,0.07438670957455598,0.0,0.020442251461988296,0.3707679268907064,0.1358904109589041,0.3433068493150684,0.0,-0.5886911293012991,0.0,13.793257457171554,0.0,0.0,0.0,0.0,0.0,0.0,0.0,0.0,0.0,0.0,0.0,0.0,0.0,0.0,0.0,0.0,0.0,0.0,0.0,0.0,0.0
2019-01-01T18:45:00-07:00,0.41175218705226424,0.0,0.35459709857368804,0.0,0.0,0.05,0.0,0.0,0.0,0.0,0.07438670957455598,0.0,0.020442251461988296,0.3707679268907064,0.1358904109589041,0.3433068493150684,0.0,-0.583041961148959,0.0,13.701825189919484,0.0,0.0,0.0,0.0,0.0,0.0,0.0,0.0,0.0,0.0,0.0,0.0,0.0,0.0,0.0,0.0,0.0,0.0,0.0,0.0,0.0
2019-01-01T19:00:00-07:00,0.8545782319834425,0.0,0.3481091591042245,0.0,0.0,0.05,0.0,0.0,0.0,1.0,0.07141124119157374,0.0,0.02171989217836257,0.456993026167615,0.18684931506849314,0.3365753424657534,0.0,-1.2689705850883548,0.0,13.62331602129274,0.0,0.0,0.0,0.0,0.0,0.0,0.0,0.0,0.0,0.0,0.0,0.0,0.0,0.0,0.0,0.0,0.0,0.0,0.0,0.0,0.0
2019-01-01T19:15:00-07:00,6.36353137269429,0.0,0.3481091591042245,0.0,0.0,0.05,0.0,0.0,0.0,1.0,0.07141124119157374,0.0,0.02171989217836257,0.456993026167615,0.18684931506849314,0.3365753424657534,0.0,-1.2600822150675077,0.0,13.54572373742199,0.0,0.0,0.0,0.0,0.0,0.0,0.0,0.0,0.0,0.0,0.0,0.0,0.0,0.0,0.0,0.0,0.0,0.0,0.0,0.0,0.0
2019-01-01T19:30:00-07:00,0.47635599788349303,0.0,0.3481091591042245,0.0,0.0,0.05,0.0,0.0,0.0,0.0,0.07141124119157374,0.0,0.02171989217836257,0.456993026167615,0.18684931506849314,0.3365753424657534,0.0,-0.647192819188305,0.0,13.468121712119421,0.0,0.0,0.0,0.0,0.0,0.0,0.0,0.0,0.0,0.0,0.0,0.0,0.0,0.0,0.0,0.0,0.0,0.0,0.0,0.0,0.0
2019-01-01T19:45:00-07:00,0.48260650038443487,0.0,0.3481091591042245,0.0,0.0,0.05,0.0,0.0,0.0,0.0,0.07141124119157374,0.0,0.02171989217836257,0.456993026167615,0.18684931506849314,0.3365753424657534,0.0,-0.6409423166873631,0.0,13.39164550877415,0.0,0.0,0.0,0.0,0.0,0.0,0.0,0.0,0.0,0.0,0.0,0.0,0.0,0.0,0.0,0.0,0.0,0.0,0.0,0.0,0.0
2019-01-01T20:00:00-07:00,0.7315251078833115,0.0,0.3367873811503146,0.0,0.0,0.05,0.0,0.0,0.0,0.0,0.06992350700008262,0.0,0.0223587125365497,0.47423804602299663,0.22421917808219177,0.3231123287671232,0.0,-0.4323266645256324,0.0,13.316166096996419,0.0,0.0,0.0,0.0,0.0,0.0,0.0,0.0,0.0,0.0,0.0,0.0,0.0,0.0,0.0,0.0,0.0,0.0,0.0,0.0,0.0
2019-01-01T20:15:00-07:00,1.1688517724089438,0.0,0.3367873811503146,0.0,0.0,0.05,0.0,0.0,0.0,0.0,0.06992350700008262,0.0,0.0223587125365497,0.47423804602299663,0.22421917808219177,0.3231123287671232,0.0,0.005,0.0,13.242207970912649,0.0,0.0,0.0,0.0,0.0,0.0,0.0,0.0,0.0,0.0,0.0,0.0,0.0,0.0,0.0,0.0,0.0,0.0,0.0,0.0,0.0
2019-01-01T20:30:00-07:00,2.1688517724089436,0.0,0.3367873811503146,0.0,0.0,0.05,0.0,0.0,0.0,1.0,0.06992350700008262,0.0,0.0223587125365497,0.47423804602299663,0.22421917808219177,0.3231123287671232,0.0,0.005,0.0,13.174151359413973,0.0,0.0,0.0,0.0,0.0,0.0,0.0,0.0,0.0,0.0,0.0,0.0,0.0,0.0,0.0,0.0,0.0,0.0,0.0,0.0,0.0
2019-01-01T20:45:00-07:00,6.668916543098944,0.0,0.3367873811503146,0.0,0.0,0.05,0.0,0.0,0.0,0.0,0.06992350700008262,0.0,0.0223587125365497,0.47423804602299663,0.22421917808219177,0.3231123287671232,0.0,0.005,0.0,13.107465962845957,0.0,0.0,0.0,0.0,0.0,0.0,0.0,0.0,0.0,0.0,0.0,0.0,0.0,0.0,0.0,0.0,0.0,0.0,0.0,0.0,0.0
2019-01-01T21:00:00-07:00,0.9933016450866125,0.0,0.3124593209838456,0.0,0.0,0.05,0.0,0.0,0.0,0.0,0.06843577280859149,0.0,0.020761661641081865,0.3405891421437885,0.21232876712328766,0.2961863013698629,0.0,0.005,0.0,13.019941186954458,0.0,0.0,0.0,0.0,0.0,0.0,0.0,0.0,0.0,0.0,0.0,0.0,0.0,0.0,0.0,0.0,0.0,0.0,0.0,0.0,0.0
2019-01-01T21:15:00-07:00,0.9933016450866125,0.0,0.3124593209838456,0.0,0.0,0.05,0.0,0.0,0.0,0.0,0.06843577280859149,0.0,0.020761661641081865,0.3405891421437885,0.21232876712328766,0.2961863013698629,0.0,0.005,0.0,12.93950407905404,0.0,0.0,0.0,0.0,0.0,0.0,0.0,0.0,0.0,0.0,0.0,0.0,0.0,0.0,0.0,0.0,0.0,0.0,0.0,0.0,0.0
2019-01-01T21:30:00-07:00,0.9933016450866125,0.0,0.3124593209838456,0.0,0.0,0.05,0.0,0.0,0.0,0.0,0.06843577280859149,0.0,0.020761661641081865,0.3405891421437885,0.21232876712328766,0.2961863013698629,0.0,0.005,0.0,12.859148671384027,0.0,0.0,0.0,0.0,0.0,0.0,0.0,0.0,0.0,0.0,0.0,0.0,0.0,0.0,0.0,0.0,0.0,0.0,0.0,0.0,0.0
2019-01-01T21:45:00-07:00,0.9933016450866125,0.0,0.3124593209838456,0.0,0.0,0.05,0.0,0.0,0.0,0.0,0.06843577280859149,0.0,0.020761661641081865,0.3405891421437885,0.21232876712328766,0.2961863013698629,0.0,0.005,0.0,12.783670059960551,0.0,0.0,0.0,0.0,0.0,0.0,0.0,0.0,0.0,0.0,0.0,0.0,0.0,0.0,0.0,0.0,0.0,0.0,0.0,0.0,0.0
2019-01-01T22:00:00-07:00,0.7108522675292139,0.0,0.28566343274780953,0.0,0.0,0.05,0.0,0.0,0.0,0.0,0.06546030442560927,0.0,0.017886970029239762,0.17245019855381696,0.1307945205479452,0.26926027397260266,0.0,0.005,0.0,12.676962273685142,0.0,0.0,0.0,0.0,0.0,0.0,0.0,0.0,0.0,0.0,0.0,0.0,0.0,0.0,0.0,0.0,0.0,0.0,0.0,0.0,0.0
2019-01-01T22:15:00-07:00,0.7108522675292139,0.0,0.28566343274780953,0.0,0.0,0.05,0.0,0.0,0.0,0.0,0.06546030442560927,0.0,0.017886970029239762,0.17245019855381696,0.1307945205479452,0.26926027397260266,0.0,0.005,0.0,12.58166079859098,0.0,0.0,0.0,0.0,0.0,0.0,0.0,0.0,0.0,0.0,0.0,0.0,0.0,0.0,0.0,0.0,0.0,0.0,0.0,0.0,0.0
2019-01-01T22:30:00-07:00,0.7108522675292139,0.0,0.28566343274780953,0.0,0.0,0.05,0.0,0.0,0.0,0.0,0.06546030442560927,0.0,0.017886970029239762,0.17245019855381696,0.1307945205479452,0.26926027397260266,0.0,0.005,0.0,12.486476855355713,0.0,0.0,0.0,0.0,0.0,0.0,0.0,0.0,0.0,0.0,0.0,0.0,0.0,0.0,0.0,0.0,0.0,0.0,0.0,0.0,0.0
2019-01-01T22:45:00-07:00,6.210917038219214,0.0,0.28566343274780953,0.0,0.0,0.05,0.0,0.0,0.0,0.0,0.06546030442560927,0.0,0.017886970029239762,0.17245019855381696,0.1307945205479452,0.26926027397260266,0.0,0.005,0.0,12.400285580746473,0.0,0.0,0.0,0.0,0.0,0.0,0.0,0.0,0.0,0.0,0.0,0.0,0.0,0.0,0.0,0.0,0.0,0.0,0.0,0.0,0.0
2019-01-01T23:00:00-07:00,0.5154311476999429,0.0,0.2630625626380325,0.0,0.0,0.05,0.0,0.0,0.0,0.0,0.06099710185113591,0.0,0.015012278417397657,0.07760258934921763,0.05775342465753425,0.24906575342465745,0.0,0.005,0.0,12.297997411947627,0.0,0.0,0.0,0.0,0.0,0.0,0.0,0.0,0.0,0.0,0.0,0.0,0.0,0.0,0.0,0.0,0.0,0.0,0.0,0.0,0.0
2019-01-01T23:15:00-07:00,0.5154311476999429,0.0,0.2630625626380325,0.0,0.0,0.05,0.0,0.0,0.0,0.0,0.06099710185113591,0.0,0.015012278417397657,0.07760258934921763,0.05775342465753425,0.24906575342465745,0.0,0.005,0.0,12.208895636994082,0.0,0.0,0.0,0.0,0.0,0.0,0.0,0.0,0.0,0.0,0.0,0.0,0.0,0.0,0.0,0.0,0.0,0.0,0.0,0.0,0.0
2019-01-01T23:30:00-07:00,0.5154311476999429,0.0,0.2630625626380325,0.0,0.0,0.05,0.0,0.0,0.0,0.0,0.06099710185113591,0.0,0.015012278417397657,0.07760258934921763,0.05775342465753425,0.24906575342465745,0.0,0.005,0.0,12.101395969582144,0.0,0.0,0.0,0.0,0.0,0.0,0.0,0.0,0.0,0.0,0.0,0.0,0.0,0.0,0.0,0.0,0.0,0.0,0.0,0.0,0.0
2019-01-01T23:45:00-07:00,0.5154311476999429,0.0,0.2630625626380325,0.0,0.0,0.05,0.0,0.0,0.0,0.0,0.06099710185113591,0.0,0.015012278417397657,0.07760258934921763,0.05775342465753425,0.24906575342465745,0.0,0.005,0.0,12.004888282761614,0.0,0.0,0.0,0.0,0.0,0.0,0.0,0.0,0.0,0.0,0.0,0.0,0.0,0.0,0.0,0.0,0.0,0.0,0.0,0.0,0.0
2019-01-02T00:00:00-07:00,0.4451359028826832,0.0,0.2542512985517326,0.0,0.0,0.05,0.0,0.0,0.0,0.0,0.05950936765964479,0.0,0.012776407163742684,0.05173505956614509,0.02378082191780822,0.2423342465753424,0.0,0.005,0.0,11.904285950525711,0.0,0.0,0.0,0.0,0.0,0.0,0.0,0.0,0.0,0.0,0.0,0.0,0.0,0.0,0.0,0.0,0.0,0.0,0.0,0.0,0.0
2019-01-02T00:15:00-07:00,0.4451359028826832,0.0,0.2542512985517326,0.0,0.0,0.05,0.0,0.0,0.0,0.0,0.05950936765964479,0.0,0.012776407163742684,0.05173505956614509,0.02378082191780822,0.2423342465753424,0.0,0.005,0.0,11.812315438348572,0.0,0.0,0.0,0.0,0.0,0.0,0.0,0.0,0.0,0.0,0.0,0.0,0.0,0.0,0.0,0.0,0.0,0.0,0.0,0.0,0.0
2019-01-02T00:30:00-07:00,0.4451359028826832,0.0,0.2542512985517326,0.0,0.0,0.05,0.0,0.0,0.0,0.0,0.05950936765964479,0.0,0.012776407163742684,0.05173505956614509,0.02378082191780822,0.2423342465753424,0.0,0.005,0.0,11.722638470402396,0.0,0.0,0.0,0.0,0.0,0.0,0.0,0.0,0.0,0.0,0.0,0.0,0.0,0.0,0.0,0.0,0.0,0.0,0.0,0.0,0.0
2019-01-02T00:45:00-07:00,0.4451359028826832,0.0,0.2542512985517326,0.0,0.0,0.05,0.0,0.0,0.0,0.0,0.05950936765964479,0.0,0.012776407163742684,0.05173505956614509,0.02378082191780822,0.2423342465753424,0.0,0.005,0.0,11.638186929655443,0.0,0.0,0.0,0.0,0.0,0.0,0.0,0.0,0.0,0.0,0.0,0.0,0.0,0.0,0.0,0.0,0.0,0.0,0.0,0.0,0.0
2019-01-02T01:00:00-07:00,0.4221770172673164,0.0,0.25210288066125897,0.0,0.0,0.05,0.0,0.0,0.0,0.0,0.058021633468153665,0.0,0.011818176626461983,0.04311254963845424,0.01189041095890411,0.2423342465753424,0.0,0.005,0.0,11.55023938790982,0.0,0.0,0.0,0.0,0.0,0.0,0.0,0.0,0.0,0.0,0.0,0.0,0.0,0.0,0.0,0.0,0.0,0.0,0.0,0.0,0.0
2019-01-02T01:15:00-07:00,0.4221770172673164,0.0,0.25210288066125897,0.0,0.0,0.05,0.0,0.0,0.0,0.0,0.058021633468153665,0.0,0.011818176626461983,0.04311254963845424,0.01189041095890411,0.2423342465753424,0.0,0.005,0.0,11.466465505542498,0.0,0.0,0.0,0.0,0.0,0.0,0.0,0.0,0.0,0.0,0.0,0.0,0.0,0.0,0.0,0.0,0.0,0.0,0.0,0.0,0.0
2019-01-02T01:30:00-07:00,0.4221770172673164,0.0,0.25210288066125897,0.0,0.0,0.05,0.0,0.0,0.0,0.0,0.058021633468153665,0.0,0.011818176626461983,0.04311254963845424,0.01189041095890411,0.2423342465753424,0.0,0.005,0.0,11.392261131427716,0.0,0.0,0.0,0.0,0.0,0.0,0.0,0.0,0.0,0.0,0.0,0.0,0.0,0.0,0.0,0.0,0.0,0.0,0.0,0.0,0.0
2019-01-02T01:45:00-07:00,0.4221770172673164,0.0,0.25210288066125897,0.0,0.0,0.05,0.0,0.0,0.0,0.0,0.058021633468153665,0.0,0.011818176626461983,0.04311254963845424,0.01189041095890411,0.2423342465753424,0.0,0.005,0.0,11.322199536510805,0.0,0.0,0.0,0.0,0.0,0.0,0.0,0.0,0.0,0.0,0.0,0.0,0.0,0.0,0.0,0.0,0.0,0.0,0.0,0.0,0.0
2019-01-02T02:00:00-07:00,0.41559339266486633,0.0,0.2509126933080661,0.0,0.0,0.05,0.0,0.0,0.0,0.0,0.05653389927666255,0.0,0.011818176626461983,0.04311254963845424,0.006794520547945205,0.2423342465753424,0.0,0.005,0.0,11.252271455140383,0.0,0.0,0.0,0.0,0.0,0.0,0.0,0.0,0.0,0.0,0.0,0.0,0.0,0.0,0.0,0.0,0.0,0.0,0.0,0.0,0.0
2019-01-02T02:15:00-07:00,0.41559339266486633,0.0,0.2509126933080661,0.0,0.0,0.05,0.0,0.0,0.0,0.0,0.05653389927666255,0.0,0.011818176626461983,0.04311254963845424,0.006794520547945205,0.2423342465753424,0.0,0.005,0.0,11.188029893403815,0.0,0.0,0.0,0.0,0.0,0.0,0.0,0.0,0.0,0.0,0.0,0.0,0.0,0.0,0.0,0.0,0.0,0.0,0.0,0.0,0.0
2019-01-02T02:30:00-07:00,0.41559339266486633,0.0,0.2509126933080661,0.0,0.0,0.05,0.0,0.0,0.0,0.0,0.05653389927666255,0.0,0.011818176626461983,0.04311254963845424,0.006794520547945205,0.2423342465753424,0.0,0.005,0.0,11.123594923642411,0.0,0.0,0.0,0.0,0.0,0.0,0.0,0.0,0.0,0.0,0.0,0.0,0.0,0.0,0.0,0.0,0.0,0.0,0.0,0.0,0.0
2019-01-02T02:45:00-07:00,0.41559339266486633,0.0,0.2509126933080661,0.0,0.0,0.05,0.0,0.0,0.0,0.0,0.05653389927666255,0.0,0.011818176626461983,0.04311254963845424,0.006794520547945205,0.2423342465753424,0.0,0.005,0.0,11.060219669168502,0.0,0.0,0.0,0.0,0.0,0.0,0.0,0.0,0.0,0.0,0.0,0.0,0.0,0.0,0.0,0.0,0.0,0.0,0.0,0.0,0.0
2019-01-02T03:00:00-07:00,0.4117682079782018,0.0,0.24908368559668606,0.0,0.0,0.05,0.0,0.0,0.0,0.0,0.05504616508517143,0.0,0.01117935626827485,0.04311254963845424,0.005095890410958904,0.2423342465753424,0.0,0.005,0.0,10.990374104293545,0.0,0.0,0.0,0.0,0.0,0.0,0.0,0.0,0.0,0.0,0.0,0.0,0.0,0.0,0.0,0.0,0.0,0.0,0.0,0.0,0.0
2019-01-02T03:15:00-07:00,0.4117682079782018,0.0,0.24908368559668606,0.0,0.0,0.05,0.0,0.0,0.0,0.0,0.05504616508517143,0.0,0.01117935626827485,0.04311254963845424,0.005095890410958904,0.2423342465753424,0.0,0.005,0.0,10.919777348559657,0.0,0.0,0.0,0.0,0.0,0.0,0.0,0.0,0.0,0.0,0.0,0.0,0.0,0.0,0.0,0.0,0.0,0.0,0.0,0.0,0.0
2019-01-02T03:30:00-07:00,0.4117682079782018,0.0,0.24908368559668606,0.0,0.0,0.05,0.0,0.0,0.0,0.0,0.05504616508517143,0.0,0.01117935626827485,0.04311254963845424,0.005095890410958904,0.2423342465753424,0.0,0.005,0.0,10.849964604397739,0.0,0.0,0.0,0.0,0.0,0.0,0.0,0.0,0.0,0.0,0.0,0.0,0.0,0.0,0.0,0.0,0.0,0.0,0.0,0.0,0.0
2019-01-02T03:45:00-07:00,0.4117682079782018,0.0,0.24908368559668606,0.0,0.0,0.05,0.0,0.0,0.0,0.0,0.05504616508517143,0.0,0.01117935626827485,0.04311254963845424,0.005095890410958904,0.2423342465753424,0.0,0.005,0.0,10.786063473720256,0.0,0.0,0.0,0.0,0.0,0.0,0.0,0.0,0.0,0.0,0.0,0.0,0.0,0.0,0.0,0.0,0.0,0.0,0.0,0.0,0.0
2019-01-02T04:00:00-07:00,0.4162903588875424,0.0,0.24789349824349316,0.0,0.0,0.05,0.0,0.0,0.0,0.0,0.0535584308936803,0.0,0.01117935626827485,0.04742380460229966,0.006794520547945205,0.2423342465753424,0.0,0.005,0.0,10.725435195630219,0.0,0.0,0.0,0.0,0.0,0.0,0.0,0.0,0.0,0.0,0.0,0.0,0.0,0.0,0.0,0.0,0.0,0.0,0.0,0.0,0.0
2019-01-02T04:15:00-07:00,0.4162903588875424,0.0,0.24789349824349316,0.0,0.0,0.05,0.0,0.0,0.0,0.0,0.0535584308936803,0.0,0.01117935626827485,0.04742380460229966,0.006794520547945205,0.2423342465753424,0.0,0.005,0.0,10.671201122756012,0.0,0.0,0.0,0.0,0.0,0.0,0.0,0.0,0.0,0.0,0.0,0.0,0.0,0.0,0.0,0.0,0.0,0.0,0.0,0.0,0.0
2019-01-02T04:30:00-07:00,0.4162903588875424,0.0,0.24789349824349316,0.0,0.0,0.05,0.0,0.0,0.0,0.0,0.0535584308936803,0.0,0.01117935626827485,0.04742380460229966,0.006794520547945205,0.2423342465753424,0.0,0.005,0.0,10.62800154934543,0.0,0.0,0.0,0.0,0.0,0.0,0.0,0.0,0.0,0.0,0.0,0.0,0.0,0.0,0.0,0.0,0.0,0.0,0.0,0.0,0.0
2019-01-02T04:45:00-07:00,0.4162903588875424,0.0,0.24789349824349316,0.0,0.0,0.05,0.0,0.0,0.0,0.0,0.0535584308936803,0.0,0.01117935626827485,0.04742380460229966,0.006794520547945205,0.2423342465753424,0.0,0.005,0.0,10.584084379738151,0.0,0.0,0.0,0.0,0.0,0.0,0.0,0.0,0.0,0.0,0.0,0.0,0.0,0.0,0.0,0.0,0.0,0.0,0.0,0.0,0.0
2019-01-02T05:00:00-07:00,5.951208815314807,0.0,0.24917113895986742,0.0,0.0,0.05,0.0,0.0,0.0,0.0,0.0535584308936803,0.0,0.012456996984649119,0.07760258934921763,0.010191780821917807,0.2423342465753424,0.0,0.005,0.0,10.539337029529113,0.0,0.0,0.0,0.0,0.0,0.0,0.0,0.0,0.0,0.0,0.0,0.0,0.0,0.0,0.0,0.0,0.0,0.0,0.0,0.0,0.0
2019-01-02T05:15:00-07:00,0.45114404462480723,0.0,0.24917113895986742,0.0,0.0,0.05,0.0,0.0,0.0,0.0,0.0535584308936803,0.0,0.012456996984649119,0.07760258934921763,0.010191780821917807,0.2423342465753424,0.0,0.005,0.0,10.495233727759958,0.0,0.0,0.0,0.0,0.0,0.0,0.0,0.0,0.0,0.0,0.0,0.0,0.0,0.0,0.0,0.0,0.0,0.0,0.0,0.0,0.0
2019-01-02T05:30:00-07:00,0.45114404462480723,0.0,0.24917113895986742,0.0,0.0,0.05,0.0,0.0,0.0,0.0,0.0535584308936803,0.0,0.012456996984649119,0.07760258934921763,0.010191780821917807,0.2423342465753424,0.0,0.005,0.0,10.44922913669627,0.0,0.0,0.0,0.0,0.0,0.0,0.0,0.0,0.0,0.0,0.0,0.0,0.0,0.0,0.0,0.0,0.0,0.0,0.0,0.0,0.0
2019-01-02T05:45:00-07:00,0.45114404462480723,0.0,0.24917113895986742,0.0,0.0,0.05,0.0,0.0,0.0,0.0,0.0535584308936803,0.0,0.012456996984649119,0.07760258934921763,0.010191780821917807,0.2423342465753424,0.0,0.005,0.0,10.406967077975088,0.0,0.0,0.0,0.0,0.0,0.0,0.0,0.0,0.0,0.0,0.0,0.0,0.0,0.0,0.0,0.0,0.0,0.0,0.0,0.0,0.0
2019-01-02T06:00:00-07:00,0.5277091577159778,0.0,0.2639189755206252,0.0,0.0,0.05,0.0,0.0,0.0,0.0,0.05653389927666255,0.0,0.014054047880116953,0.1293376489153627,0.016986301369863014,0.25579726027397254,0.0,0.005,0.0,10.375067606110802,0.0,0.0,0.0,0.0,0.0,0.0,0.0,0.0,0.0,0.0,0.0,0.0,0.0,0.0,0.0,0.0,0.0,0.0,0.0,0.0,0.0
2019-01-02T06:15:00-07:00,0.5277091577159778,0.0,0.2639189755206252,0.0,0.0,0.05,0.0,0.0,0.0,0.0,0.05653389927666255,0.0,0.014054047880116953,0.1293376489153627,0.016986301369863014,0.25579726027397254,0.0,0.005,0.0,10.347770547315584,0.0,0.0,0.0,0.0,0.0,0.0,0.0,0.0,0.0,0.0,0.0,0.0,0.0,0.0,0.0,0.0,0.0,0.0,0.0,0.0,0.0
2019-01-02T06:30:00-07:00,0.5277091577159778,0.0,0.2639189755206252,0.0,0.0,0.05,0.0,0.0,0.0,0.0,0.05653389927666255,0.0,0.014054047880116953,0.1293376489153627,0.016986301369863014,0.25579726027397254,0.0,0.005,0.0,10.320862212293607,0.0,0.0,0.0,0.0,0.0,0.0,0.0,0.0,0.0,0.0,0.0,0.0,0.0,0.0,0.0,0.0,0.0,0.0,0.0,0.0,0.0
2019-01-02T06:45:00-07:00,0.5277091577159778,0.0,0.2639189755206252,0.0,0.0,0.05,0.0,0.0,0.0,0.0,0.05653389927666255,0.0,0.014054047880116953,0.1293376489153627,0.016986301369863014,0.25579726027397254,0.0,0.005,0.0,10.297885221610054,0.0,0.0,0.0,0.0,0.0,0.0,0.0,0.0,0.0,0.0,0.0,0.0,0.0,0.0,0.0,0.0,0.0,0.0,0.0,0.0,0.0
2019-01-02T07:00:00-07:00,0.5929041065053194,0.0,0.28149673612808646,0.0,0.0,0.05,0.0,0.0,0.0,0.0,0.05950936765964479,0.0,0.013095817342836253,0.1638276886261261,0.02547945205479452,0.2759917808219177,0.0,0.005,0.0,10.28268273036928,0.0,0.0,0.0,0.0,0.0,0.0,0.0,0.0,0.0,0.0,0.0,0.0,0.0,0.0,0.0,0.0,0.0,0.0,0.0,0.0,0.0
2019-01-02T07:15:00-07:00,6.092968877195319,0.0,0.28149673612808646,0.0,0.0,0.05,0.0,0.0,0.0,0.0,0.05950936765964479,0.0,0.013095817342836253,0.1638276886261261,0.02547945205479452,0.2759917808219177,0.0,0.005,0.0,10.269463559688104,0.0,0.0,0.0,0.0,0.0,0.0,0.0,0.0,0.0,0.0,0.0,0.0,0.0,0.0,0.0,0.0,0.0,0.0,0.0,0.0,0.0
2019-01-02T07:30:00-07:00,0.4434757604396249,0.0,0.28149673612808646,0.0,0.0,0.05,0.0,0.0,0.0,0.0,0.05950936765964479,0.0,0.013095817342836253,0.1638276886261261,0.02547945205479452,0.2759917808219177,0.14942834606569458,0.005,0.0,10.279847727755214,0.0,0.0,0.0,0.0,0.0,0.0,0.0,0.0,0.0,0.0,0.0,0.0,0.0,0.0,0.0,0.0,0.0,0.0,0.0,0.0,0.0
2019-01-02T07:45:00-07:00,0.3747365433867069,0.0,0.28149673612808646,0.0,0.0,0.05,0.0,0.0,0.0,0.0,0.05950936765964479,0.0,0.013095817342836253,0.1638276886261261,0.02547945205479452,0.2759917808219177,0.21816756311861252,0.005,0.0,10.298508200118127,0.0,0.0,0.0,0.0,0.0,0.0,0.0,0.0,0.0,0.0,0.0,0.0,0.0,0.0,0.0,0.0,0.0,0.0,0.0,0.0,0.0
2019-01-02T08:00:00-07:00,0.37459780496327855,0.0,0.28487802716979577,0.0,0.0,0.05,0.0,0.0,0.0,0.0,0.06099710185113591,0.0,0.009901715551900581,0.1767614535176624,0.03397260273972603,0.28272328767123284,0.24475835636837928,0.005,0.0,10.314093779926173,0.0,0.0,0.0,0.0,0.0,0.0,0.0,0.0,0.0,0.0,0.0,0.0,0.0,0.0,0.0,0.0,0.0,0.0,0.0,0.0,0.0
2019-01-02T08:15:00-07:00,1.367673016430333,0.0,0.28487802716979577,0.0,0.0,0.05,0.0,0.0,0.0,1.0,0.06099710185113591,0.0,0.009901715551900581,0.1767614535176624,0.03397260273972603,0.28272328767123284,0.25168314490132493,0.005,0.0,10.32650348256886,0.0,0.0,0.0,0.0,0.0,0.0,0.0,0.0,0.0,0.0,0.0,0.0,0.0,0.0,0.0,0.0,0.0,0.0,0.0,0.0,0.0
2019-01-02T08:30:00-07:00,6.410947807613101,0.0,0.28487802716979577,0.0,0.0,0.05,0.0,0.0,0.0,1.0,0.06099710185113591,0.0,0.009901715551900581,0.1767614535176624,0.03397260273972603,0.28272328767123284,0.7084731244085567,0.005,0.0,10.377017524379472,0.0,0.0,0.0,0.0,0.0,0.0,0.0,0.0,0.0,0.0,0.0,0.0,0.0,0.0,0.0,0.0,0.0,0.0,0.0,0.0,0.0
2019-01-02T08:45:00-07:00,0.8564142760417355,0.0,0.28487802716979577,0.0,0.0,0.05,0.0,0.0,0.0,1.0,0.06099710185113591,0.0,0.009901715551900581,0.1767614535176624,0.03397260273972603,0.28272328767123284,0.7629418852899224,0.005,0.0,10.431123763439338,0.0,0.0,0.0,0.0,0.0,0.0,0.0,0.0,0.0,0.0,0.0,0.0,0.0,0.0,0.0,0.0,0.0,0.0,0.0,0.0,0.0
2019-01-02T09:00:00-07:00,-0.15349241657327295,0.0,0.2829615660952344,0.0,0.0,0.05,0.0,0.0,0.0,0.0,0.06099710185113591,0.0,0.007985254477339178,0.1767614535176624,0.04246575342465753,0.28272328767123284,0.7794252675153008,0.005,0.0,10.481822815147217,0.0,0.0,0.0,0.0,0.0,0.0,0.0,0.0,0.0,0.0,0.0,0.0,0.0,0.0,0.0,0.0,0.0,0.0,0.0,0.0,0.0
2019-01-02T09:15:00-07:00,0.8294041328447015,0.0,0.2829615660952344,0.0,0.0,0.05,0.0,0.0,0.0,1.0,0.06099710185113591,0.0,0.007985254477339178,0.1767614535176624,0.04246575342465753,0.28272328767123284,0.7965287180973264,0.005,0.0,10.534687689099952,0.0,0.0,0.0,0.0,0.0,0.0,0.0,0.0,0.0,0.0,0.0,0.0,0.0,0.0,0.0,0.0,0.0,0.0,0.0,0.0,0.0
2019-01-02T09:30:00-07:00,-1.4332187415964814,0.0,0.2829615660952344,0.0,0.0,0.05,0.0,0.0,0.0,0.0,0.06099710185113591,0.0,0.007985254477339178,0.1767614535176624,0.04246575342465753,0.28272328767123284,2.0591515925385093,0.005,0.0,10.703751867019898,0.0,0.0,0.0,0.0,0.0,0.0,0.0,0.0,0.0,0.0,0.0,0.0,0.0,0.0,0.0,0.0,0.0,0.0,0.0,0.0,0.0
2019-01-02T09:45:00-07:00,4.007112436664312,0.0,0.2829615660952344,0.0,0.0,0.05,0.0,0.0,0.0,0.0,0.06099710185113591,0.0,0.007985254477339178,0.1767614535176624,0.04246575342465753,0.28272328767123284,2.1188851849677155,0.005,0.0,10.853187590986193,0.0,0.0,0.0,0.0,0.0,0.0,0.0,0.0,0.0,0.0,0.0,0.0,0.0,0.0,0.0,0.0,0.0,0.0,0.0,0.0,0.0
2019-01-02T10:00:00-07:00,-1.55096957057038,0.0,0.2814519685629479,0.0,0.0,0.05,0.0,0.0,0.0,0.0,0.05950936765964479,0.0,0.007665844298245611,0.16813894358997156,0.04756164383561644,0.28272328767123284,2.1715686576250914,0.005,0.0,10.985820255191078,0.0,0.0,0.0,0.0,0.0,0.0,0.0,0.0,0.0,0.0,0.0,0.0,0.0,0.0,0.0,0.0,0.0,0.0,0.0,0.0,0.0
2019-01-02T10:15:00-07:00,-1.5966097758212032,0.0,0.2814519685629479,0.0,0.0,0.05,0.0,0.0,0.0,0.0,0.05950936765964479,0.0,0.007665844298245611,0.16813894358997156,0.04756164383561644,0.28272328767123284,2.2172088628759146,0.005,0.0,11.111243781539152,0.0,0.0,0.0,0.0,0.0,0.0,0.0,0.0,0.0,0.0,0.0,0.0,0.0,0.0,0.0,0.0,0.0,0.0,0.0,0.0,0.0
2019-01-02T10:30:00-07:00,-2.8427606953206905,0.0,0.2814519685629479,0.0,0.0,0.05,0.0,0.0,0.0,0.0,0.05950936765964479,0.0,0.007665844298245611,0.16813894358997156,0.04756164383561644,0.28272328767123284,3.463359782375402,0.005,0.0,11.322238857479062,0.0,0.0,0.0,0.0,0.0,0.0,0.0,0.0,0.0,0.0,0.0,0.0,0.0,0.0,0.0,0.0,0.0,0.0,0.0,0.0,0.0
2019-01-02T10:45:00-07:00,-2.90462219157183,0.0,0.2814519685629479,0.0,0.0,0.05,0.0,0.0,0.0,0.0,0.05950936765964479,0.0,0.007665844298245611,0.16813894358997156,0.04756164383561644,0.28272328767123284,3.5252212786265416,0.005,0.0,11.51187413879061,0.0,0.0,0.0,0.0,0.0,0.0,0.0,0.0,0.0,0.0,0.0,0.0,0.0,0.0,0.0,0.0,0.0,0.0,0.0,0.0,0.0
2019-01-02T11:00:00-07:00,-2.9551318927124086,0.0,0.2814519685629479,0.0,0.0,0.05,0.0,0.0,0.0,0.0,0.05950936765964479,0.0,0.007665844298245611,0.15951643366228066,0.05265753424657534,0.28272328767123284,3.572204360250388,0.005,0.0,11.683179270259352,0.0,0.0,0.0,0.0,0.0,0.0,0.0,0.0,0.0,0.0,0.0,0.0,0.0,0.0,0.0,0.0,0.0,0.0,0.0,0.0,0.0
2019-01-02T11:15:00-07:00,-2.9901121513933457,0.0,0.2814519685629479,0.0,0.0,0.05,0.0,0.0,0.0,0.0,0.05950936765964479,0.0,0.007665844298245611,0.15951643366228066,0.05265753424657534,0.28272328767123284,3.607184618931325,0.005,0.0,11.84770411866805,0.0,0.0,0.0,0.0,0.0,0.0,0.0,0.0,0.0,0.0,0.0,0.0,0.0,0.0,0.0,0.0,0.0,0.0,0.0,0.0,0.0
2019-01-02T11:30:00-07:00,-1.9774371232402128,0.0,0.2814519685629479,0.0,0.0,0.05,0.0,0.0,0.0,0.0,0.05950936765964479,0.0,0.007665844298245611,0.15951643366228066,0.05265753424657534,0.28272328767123284,2.594509590778192,0.005,0.0,11.93263844282716,0.0,0.0,0.0,0.0,0.0,0.0,0.0,0.0,0.0,0.0,0.0,0.0,0.0,0.0,0.0,0.0,0.0,0.0,0.0,0.0,0.0
2019-01-02T11:45:00-07:00,-1.983926772132473,0.0,0.2814519685629479,0.0,0.0,0.05,0.0,0.0,0.0,0.0,0.05950936765964479,0.0,0.007665844298245611,0.15951643366228066,0.05265753424657534,0.28272328767123284,2.600999239670452,0.005,0.0,12.028399284837901,0.0,0.0,0.0,0.0,0.0,0.0,0.0,0.0,0.0,0.0,0.0,0.0,0.0,0.0,0.0,0.0,0.0,0.0,0.0,0.0,0.0
2019-01-02T12:00:00-07:00,0.03792260292961114,0.0,0.28415175344842725,0.0,0.0,0.05,0.0,0.0,0.0,0.0,0.06248483604262702,0.0,0.007985254477339178,0.15520517869843525,0.05605479452054794,0.28272328767123284,2.603102845024542,2.0265720965439713,0.0,12.126033848996842,0.0,0.0,0.0,0.0,0.0,0.0,0.0,0.0,0.0,0.0,0.0,0.0,0.0,0.0,0.0,0.0,0.0,0.0,0.0,0.0,0.0
2019-01-02T12:15:00-07:00,0.03829107958911049,0.0,0.28415175344842725,0.0,0.0,0.05,0.0,0.0,0.0,0.0,0.06248483604262702,0.0,0.007985254477339178,0.15520517869843525,0.05605479452054794,0.28272328767123284,2.600256800028926,2.0240945282078546,0.0,12.229100868305686,0.0,0.0,0.0,0.0,0.0,0.0,0.0,0.0,0.0,0.0,0.0,0.0,0.0,0.0,0.0,0.0,0.0,0.0,0.0,0.0,0.0
2019-01-02T12:30:00-07:00,0.05010486983932605,0.0,0.28415175344842725,0.0,0.0,0.05,0.0,0.0,0.0,0.0,0.06248483604262702,1.0,0.007985254477339178,0.15520517869843525,0.05605479452054794,0.28272328767123284,2.670420392454048,1.106071910883192,0.0,12.334719705831416,0.0,0.0,0.0,0.0,0.0,0.0,0.0,0.0,0.0,0.0,0.0,0.0,0.0,0.0,0.0,0.0,0.0,0.0,0.0,0.0,0.0
2019-01-02T12:45:00-07:00,0.03786527700395226,0.0,0.28415175344842725,0.0,0.0,0.05,0.0,0.0,0.0,0.0,0.06248483604262702,0.0,0.007985254477339178,0.15520517869843525,0.05605479452054794,0.28272328767123284,2.6497974850110904,2.0732094106048606,0.0,12.44282683282175,0.0,0.0,0.0,0.0,0.0,0.0,0.0,0.0,0.0,0.0,0.0,0.0,0.0,0.0,0.0,0.0,0.0,0.0,0.0,0.0,0.0
2019-01-02T13:00:00-07:00,0.03865164897588125,0.0,0.28510998398570797,0.0,0.0,0.05,0.0,0.0,0.0,0.0,0.06248483604262702,0.0,0.008943485014619881,0.15089392373458985,0.06454794520547945,0.28272328767123284,2.6205202648671015,2.039578436174434,0.0,12.549754885400512,0.0,0.0,0.0,0.0,0.0,0.0,0.0,0.0,0.0,0.0,0.0,0.0,0.0,0.0,0.0,0.0,0.0,0.0,0.0,0.0,0.0
2019-01-02T13:15:00-07:00,0.03944362514087674,0.0,0.28510998398570797,0.0,0.0,0.05,0.0,0.0,0.0,0.0,0.06248483604262702,0.0,0.008943485014619881,0.15089392373458985,0.06454794520547945,0.28272328767123284,2.5826814472764346,2.0025315947487625,0.0,12.659830202833453,0.0,0.0,0.0,0.0,0.0,0.0,0.0,0.0,0.0,0.0,0.0,0.0,0.0,0.0,0.0,0.0,0.0,0.0,0.0,0.0,0.0
2019-01-02T13:30:00-07:00,0.04800661417312635,0.0,0.28510998398570797,0.0,0.0,0.05,0.0,0.0,0.0,0.0,0.06248483604262702,0.0,0.008943485014619881,0.15089392373458985,0.06454794520547945,0.28272328767123284,1.9240197741062612,1.3524329106108384,0.0,12.715403704910296,0.0,0.0,0.0,0.0,0.0,0.0,0.0,0.0,0.0,0.0,0.0,0.0,0.0,0.0,0.0,0.0,0.0,0.0,0.0,0.0,0.0
2019-01-02T13:45:00-07:00,0.04811597976796156,0.0,0.28510998398570797,0.0,0.0,0.05,0.0,0.0,0.0,0.0,0.06248483604262702,0.0,0.008943485014619881,0.15089392373458985,0.06454794520547945,0.28272328767123284,1.9180246962871779,1.3465471983865904,0.0,12.783987706922321,0.0,0.0,0.0,0.0,0.0,0.0,0.0,0.0,0.0,0.0,0.0,0.0,0.0,0.0,0.0,0.0,0.0,0.0,0.0,0.0,0.0
2019-01-02T14:00:00-07:00,0.04879646925286574,0.0,0.2857488043438951,0.0,0.0,0.05,0.0,0.0,0.0,0.0,0.06248483604262702,0.0,0.009582305372807014,0.15951643366228066,0.07134246575342466,0.28272328767123284,1.8697797837551748,1.2829269245056683,0.0,12.854256123663427,0.0,0.0,0.0,0.0,0.0,0.0,0.0,0.0,0.0,0.0,0.0,0.0,0.0,0.0,0.0,0.0,0.0,0.0,0.0,0.0,0.0
2019-01-02T14:15:00-07:00,0.048769410391857226,0.0,0.2857488043438951,0.0,0.0,0.05,0.0,0.0,0.0,0.0,0.06248483604262702,0.0,0.009582305372807014,0.15951643366228066,0.07134246575342466,0.28272328767123284,1.8767809871281822,1.289901069017667,0.0,12.933797470726862,0.0,0.0,0.0,0.0,0.0,0.0,0.0,0.0,0.0,0.0,0.0,0.0,0.0,0.0,0.0,0.0,0.0,0.0,0.0,0.0,0.0
2019-01-02T14:30:00-07:00,0.04655916668594484,0.0,0.2857488043438951,0.0,0.0,0.05,0.0,0.0,0.0,0.0,0.06248483604262702,0.0,0.009582305372807014,0.15951643366228066,0.07134246575342466,0.28272328767123284,2.0963378375946164,1.507247675778189,0.0,13.049666982467679,0.0,0.0,0.0,0.0,0.0,0.0,0.0,0.0,0.0,0.0,0.0,0.0,0.0,0.0,0.0,0.0,0.0,0.0,0.0,0.0,0.0
2019-01-02T14:45:00-07:00,0.04724358049721733,0.0,0.2857488043438951,0.0,0.0,0.05,0.0,0.0,0.0,0.0,0.06248483604262702,0.0,0.009582305372807014,0.15951643366228066,0.07134246575342466,0.28272328767123284,2.041095278146361,1.4526895301412062,0.0,13.159856774466027,0.0,0.0,0.0,0.0,0.0,0.0,0.0,0.0,0.0,0.0,0.0,0.0,0.0,0.0,0.0,0.0,0.0,0.0,0.0,0.0,0.0
2019-01-02T15:00:00-07:00,0.048242096108757515,0.0,0.2969260788450741,0.0,0.0,0.05,0.0,0.0,0.0,0.0,0.06099710185113591,0.0,0.01117935626827485,0.1767614535176624,0.07813698630136985,0.2961863013698629,1.9881502134019255,1.363131110202377,0.0,13.264872873970894,0.0,0.0,0.0,0.0,0.0,0.0,0.0,0.0,0.0,0.0,0.0,0.0,0.0,0.0,0.0,0.0,0.0,0.0,0.0,0.0,0.0
2019-01-02T15:15:00-07:00,0.04880435713595377,0.0,0.2969260788450741,0.0,0.0,0.05,0.0,0.0,0.0,0.0,0.06099710185113591,0.0,0.01117935626827485,0.1767614535176624,0.07813698630136985,0.2961863013698629,1.938446426596053,1.3139895844237008,0.0,13.365437876028391,0.0,0.0,0.0,0.0,0.0,0.0,0.0,0.0,0.0,0.0,0.0,0.0,0.0,0.0,0.0,0.0,0.0,0.0,0.0,0.0,0.0
2019-01-02T15:30:00-07:00,0.054280570805310235,0.0,0.2969260788450741,0.0,0.0,0.05,0.0,0.0,0.0,0.0,0.06099710185113591,0.0,0.01117935626827485,0.1767614535176624,0.07813698630136985,0.2961863013698629,1.0731762442605046,0.45419561575750894,0.0,13.376379708348209,0.0,0.0,0.0,0.0,0.0,0.0,0.0,0.0,0.0,0.0,0.0,0.0,0.0,0.0,0.0,0.0,0.0,0.0,0.0,0.0,0.0
2019-01-02T15:45:00-07:00,0.05445030437978948,0.0,0.2969260788450741,0.0,0.0,0.05,0.0,0.0,0.0,0.0,0.06099710185113591,0.0,0.01117935626827485,0.1767614535176624,0.07813698630136985,0.2961863013698629,1.0173982805404274,0.39858738561191087,0.0,13.397441937825619,0.0,0.0,0.0,0.0,0.0,0.0,0.0,0.0,0.0,0.0,0.0,0.0,0.0,0.0,0.0,0.0,0.0,0.0,0.0,0.0,0.0
2019-01-02T16:00:00-07:00,0.054773587798003676,0.0,0.3195269489548511,0.0,0.0,0.05,0.0,0.0,0.0,0.0,0.06546030442560927,0.0,0.014054047880116953,0.2155627481922712,0.09172602739726027,0.31638082191780814,0.9565363183194414,0.2581259563043792,0.0,13.429161737464904,0.0,0.0,0.0,0.0,0.0,0.0,0.0,0.0,0.0,0.0,0.0,0.0,0.0,0.0,0.0,0.0,0.0,0.0,0.0,0.0,0.0
2019-01-02T16:15:00-07:00,0.05483213849066659,0.0,0.3195269489548511,0.0,0.0,0.05,0.0,0.0,0.0,0.0,0.06546030442560927,0.0,0.014054047880116953,0.2155627481922712,0.09172602739726027,0.31638082191780814,0.921596598617221,0.22324478729482167,0.0,13.469544247847127,0.0,0.0,0.0,0.0,0.0,0.0,0.0,0.0,0.0,0.0,0.0,0.0,0.0,0.0,0.0,0.0,0.0,0.0,0.0,0.0,0.0
2019-01-02T16:30:00-07:00,5.617178144803352,0.0,0.3195269489548511,0.0,0.0,0.05,0.0,0.0,0.0,0.0,0.06546030442560927,0.0,0.014054047880116953,0.2155627481922712,0.09172602739726027,0.31638082191780814,0.21791903628140988,-0.41815153941830363,0.0,13.405708344799354,0.0,0.0,0.0,0.0,0.0,0.0,0.0,0.0,0.0,0.0,0.0,0.0,0.0,0.0,0.0,0.0,0.0,0.0,0.0,0.0,0.0
2019-01-02T16:45:00-07:00,0.1203887697485434,0.0,0.3195269489548511,0.0,0.0,0.05,0.0,0.0,0.0,0.0,0.06546030442560927,0.0,0.014054047880116953,0.2155627481922712,0.09172602739726027,0.31638082191780814,0.18846138365694057,-0.4443337964075819,0.0,13.356822805485749,0.0,0.0,0.0,0.0,0.0,0.0,0.0,0.0,0.0,0.0,0.0,0.0,0.0,0.0,0.0,0.0,0.0,0.0,0.0,0.0,0.0
2019-01-02T17:00:00-07:00,0.26958857413971726,0.0,0.3442762369551017,0.0,0.0,0.05,0.0,0.0,0.0,0.0,0.07141124119157374,1.0,0.017886970029239762,0.2802315726499526,0.10531506849315068,0.3365753424657534,0.1582041532678084,-1.4336274674221445,0.0,13.324963587766636,0.0,0.0,0.0,0.0,0.0,0.0,0.0,0.0,0.0,0.0,0.0,0.0,0.0,0.0,0.0,0.0,0.0,0.0,0.0,0.0,0.0
2019-01-02T17:15:00-07:00,0.14039240664179187,0.0,0.3442762369551017,0.0,0.0,0.05,0.0,0.0,0.0,0.0,0.07141124119157374,0.0,0.017886970029239762,0.2802315726499526,0.10531506849315068,0.3365753424657534,0.12730946763497752,-0.5937183205529009,0.0,13.294159906166039,0.0,0.0,0.0,0.0,0.0,0.0,0.0,0.0,0.0,0.0,0.0,0.0,0.0,0.0,0.0,0.0,0.0,0.0,0.0,0.0,0.0
2019-01-02T17:30:00-07:00,5.7885046659053065,0.0,0.3442762369551017,0.0,0.0,0.05,0.0,0.0,0.0,0.0,0.07141124119157374,1.0,0.017886970029239762,0.2802315726499526,0.10531506849315068,0.3365753424657534,0.0,-1.5729802996143638,0.0,13.227712794987445,0.0,0.0,0.0,0.0,0.0,0.0,0.0,0.0,0.0,0.0,0.0,0.0,0.0,0.0,0.0,0.0,0.0,0.0,0.0,0.0,0.0
2019-01-02T17:45:00-07:00,0.28663492943622626,0.0,0.3442762369551017,0.0,0.0,0.05,0.0,0.0,0.0,0.0,0.07141124119157374,1.0,0.017886970029239762,0.2802315726499526,0.10531506849315068,0.3365753424657534,0.0,-1.574785265393444,0.0,13.165453502995598,0.0,0.0,0.0,0.0,0.0,0.0,0.0,0.0,0.0,0.0,0.0,0.0,0.0,0.0,0.0,0.0,0.0,0.0,0.0,0.0,0.0
2019-01-02T18:00:00-07:00,0.17378831747232337,0.0,0.35459709857368804,0.0,0.0,0.05,0.0,0.0,0.0,0.0,0.07438670957455598,0.0,0.020442251461988296,0.3707679268907064,0.1358904109589041,0.3433068493150684,0.0,-0.8210058307288999,0.0,13.114166373047796,0.0,0.0,0.0,0.0,0.0,0.0,0.0,0.0,0.0,0.0,0.0,0.0,0.0,0.0,0.0,0.0,0.0,0.0,0.0,0.0,0.0
2019-01-02T18:15:00-07:00,0.17812488086438516,0.0,0.35459709857368804,0.0,0.0,0.05,0.0,0.0,0.0,0.0,0.07438670957455598,0.0,0.020442251461988296,0.3707679268907064,0.1358904109589041,0.3433068493150684,0.0,-0.8166692673368381,0.0,13.057614553161942,0.0,0.0,0.0,0.0,0.0,0.0,0.0,0.0,0.0,0.0,0.0,0.0,0.0,0.0,0.0,0.0,0.0,0.0,0.0,0.0,0.0
2019-01-02T18:30:00-07:00,0.18394331075424475,0.0,0.35459709857368804,0.0,0.0,0.05,0.0,0.0,0.0,0.0,0.07438670957455598,0.0,0.020442251461988296,0.3707679268907064,0.1358904109589041,0.3433068493150684,0.0,-0.8108508374469785,0.0,12.995994509952961,0.0,0.0,0.0,0.0,0.0,0.0,0.0,0.0,0.0,0.0,0.0,0.0,0.0,0.0,0.0,0.0,0.0,0.0,0.0,0.0,0.0
2019-01-02T18:45:00-07:00,0.19077457647474483,0.0,0.35459709857368804,0.0,0.0,0.05,0.0,0.0,0.0,0.0,0.07438670957455598,0.0,0.020442251461988296,0.3707679268907064,0.1358904109589041,0.3433068493150684,0.0,-0.8040195717264784,0.0,12.934838262125666,0.0,0.0,0.0,0.0,0.0,0.0,0.0,0.0,0.0,0.0,0.0,0.0,0.0,0.0,0.0,0.0,0.0,0.0,0.0,0.0,0.0
2019-01-02T19:00:00-07:00,0.21787427659960767,0.0,0.3481091591042245,0.0,0.0,0.05,0.0,0.0,0.0,0.0,0.07141124119157374,0.0,0.02171989217836257,0.456993026167615,0.18684931506849314,0.3365753424657534,0.0,-0.9056745404721903,0.0,12.88671555265433,0.0,0.0,0.0,0.0,0.0,0.0,0.0,0.0,0.0,0.0,0.0,0.0,0.0,0.0,0.0,0.0,0.0,0.0,0.0,0.0,0.0
2019-01-02T19:15:00-07:00,0.22581347949362673,0.0,0.3481091591042245,0.0,0.0,0.05,0.0,0.0,0.0,0.0,0.07141124119157374,0.0,0.02171989217836257,0.456993026167615,0.18684931506849314,0.3365753424657534,0.0,-0.8977353375781713,0.0,12.837554752349345,0.0,0.0,0.0,0.0,0.0,0.0,0.0,0.0,0.0,0.0,0.0,0.0,0.0,0.0,0.0,0.0,0.0,0.0,0.0,0.0,0.0
2019-01-02T19:30:00-07:00,0.2336574788177077,0.0,0.3481091591042245,0.0,0.0,0.05,0.0,0.0,0.0,0.0,0.07141124119157374,0.0,0.02171989217836257,0.456993026167615,0.18684931506849314,0.3365753424657534,0.0,-0.8898913382540903,0.0,12.785172515534143,0.0,0.0,0.0,0.0,0.0,0.0,0.0,0.0,0.0,0.0,0.0,0.0,0.0,0.0,0.0,0.0,0.0,0.0,0.0,0.0,0.0
2019-01-02T19:45:00-07:00,5.741636552097201,0.0,0.3481091591042245,0.0,0.0,0.05,0.0,0.0,0.0,0.0,0.07141124119157374,0.0,0.02171989217836257,0.456993026167615,0.18684931506849314,0.3365753424657534,0.0,-0.8819770356645974,0.0,12.730865452391141,0.0,0.0,0.0,0.0,0.0,0.0,0.0,0.0,0.0,0.0,0.0,0.0,0.0,0.0,0.0,0.0,0.0,0.0,0.0,0.0,0.0
2019-01-02T20:00:00-07:00,0.2573694587820422,0.0,0.3367873811503146,0.0,0.0,0.05,0.0,0.0,0.0,0.0,0.06992350700008262,0.0,0.0223587125365497,0.47423804602299663,0.22421917808219177,0.3231123287671232,0.0,-0.9064823136269017,0.0,12.67661711891476,0.0,0.0,0.0,0.0,0.0,0.0,0.0,0.0,0.0,0.0,0.0,0.0,0.0,0.0,0.0,0.0,0.0,0.0,0.0,0.0,0.0
2019-01-02T20:15:00-07:00,0.2665705975374346,0.0,0.3367873811503146,0.0,0.0,0.05,0.0,0.0,0.0,0.0,0.06992350700008262,0.0,0.0223587125365497,0.47423804602299663,0.22421917808219177,0.3231123287671232,0.0,-0.8972811748715093,0.0,12.620189515521693,0.0,0.0,0.0,0.0,0.0,0.0,0.0,0.0,0.0,0.0,0.0,0.0,0.0,0.0,0.0,0.0,0.0,0.0,0.0,0.0,0.0
2019-01-02T20:30:00-07:00,0.2762061483215288,0.0,0.3367873811503146,0.0,0.0,0.05,0.0,0.0,0.0,0.0,0.06992350700008262,0.0,0.0223587125365497,0.47423804602299663,0.22421917808219177,0.3231123287671232,0.0,-0.8876456240874151,0.0,12.560915309825353,0.0,0.0,0.0,0.0,0.0,0.0,0.0,0.0,0.0,0.0,0.0,0.0,0.0,0.0,0.0,0.0,0.0,0.0,0.0,0.0,0.0
2019-01-02T20:45:00-07:00,0.2857488507127103,0.0,0.3367873811503146,0.0,0.0,0.05,0.0,0.0,0.0,0.0,0.06992350700008262,0.0,0.0223587125365497,0.47423804602299663,0.22421917808219177,0.3231123287671232,0.0,-0.8781029216962336,0.0,12.504752950049255,0.0,0.0,0.0,0.0,0.0,0.0,0.0,0.0,0.0,0.0,0.0,0.0,0.0,0.0,0.0,0.0,0.0,0.0,0.0,0.0,0.0
2019-01-02T21:00:00-07:00,0.2565502729741185,0.0,0.3124593209838456,0.0,0.0,0.05,0.0,0.0,0.0,0.0,0.06843577280859149,0.0,0.020761661641081865,0.3405891421437885,0.21232876712328766,0.2961863013698629,0.0,-0.731751372112494,0.0,12.430354302746078,0.0,0.0,0.0,0.0,0.0,0.0,0.0,0.0,0.0,0.0,0.0,0.0,0.0,0.0,0.0,0.0,0.0,0.0,0.0,0.0,0.0
2019-01-02T21:15:00-07:00,0.2638920767078937,0.0,0.3124593209838456,0.0,0.0,0.05,0.0,0.0,0.0,0.0,0.06843577280859149,0.0,0.020761661641081865,0.3405891421437885,0.21232876712328766,0.2961863013698629,0.0,-0.7244095683787187,0.0,12.364137505032392,0.0,0.0,0.0,0.0,0.0,0.0,0.0,0.0,0.0,0.0,0.0,0.0,0.0,0.0,0.0,0.0,0.0,0.0,0.0,0.0,0.0
2019-01-02T21:30:00-07:00,0.27058549706400925,0.0,0.3124593209838456,0.0,0.0,0.05,0.0,0.0,0.0,0.0,0.06843577280859149,0.0,0.020761661641081865,0.3405891421437885,0.21232876712328766,0.2961863013698629,0.0,-0.7177161480226032,0.0,12.30544610844344,0.0,0.0,0.0,0.0,0.0,0.0,0.0,0.0,0.0,0.0,0.0,0.0,0.0,0.0,0.0,0.0,0.0,0.0,0.0,0.0,0.0
2019-01-02T21:45:00-07:00,0.27655684539576597,0.0,0.3124593209838456,0.0,0.0,0.05,0.0,0.0,0.0,0.0,0.06843577280859149,0.0,0.020761661641081865,0.3405891421437885,0.21232876712328766,0.2961863013698629,0.0,-0.7117447996908465,0.0,12.252633967475642,0.0,0.0,0.0,0.0,0.0,0.0,0.0,0.0,0.0,0.0,0.0,0.0,0.0,0.0,0.0,0.0,0.0,0.0,0.0,0.0,0.0
2019-01-02T22:00:00-07:00,0.21291827705916505,0.0,0.28566343274780953,0.0,0.0,0.05,0.0,0.0,0.0,0.0,0.06546030442560927,0.0,0.017886970029239762,0.17245019855381696,0.1307945205479452,0.26926027397260266,0.0,-0.4929339904700489,0.0,12.172999139029455,0.0,0.0,0.0,0.0,0.0,0.0,0.0,0.0,0.0,0.0,0.0,0.0,0.0,0.0,0.0,0.0,0.0,0.0,0.0,0.0,0.0
2019-01-02T22:15:00-07:00,0.21588154915561708,0.0,0.28566343274780953,0.0,0.0,0.05,0.0,0.0,0.0,0.0,0.06546030442560927,0.0,0.017886970029239762,0.17245019855381696,0.1307945205479452,0.26926027397260266,0.0,-0.48997071837359685,0.0,12.105957377973782,0.0,0.0,0.0,0.0,0.0,0.0,0.0,0.0,0.0,0.0,0.0,0.0,0.0,0.0,0.0,0.0,0.0,0.0,0.0,0.0,0.0
2019-01-02T22:30:00-07:00,0.21816043224576565,0.0,0.28566343274780953,0.0,0.0,0.05,0.0,0.0,0.0,0.0,0.06546030442560927,0.0,0.017886970029239762,0.17245019855381696,0.1307945205479452,0.26926027397260266,0.0,-0.4876918352834483,0.0,12.044374291954576,0.0,0.0,0.0,0.0,0.0,0.0,0.0,0.0,0.0,0.0,0.0,0.0,0.0,0.0,0.0,0.0,0.0,0.0,0.0,0.0,0.0
2019-01-02T22:45:00-07:00,0.2200963580572471,0.0,0.28566343274780953,0.0,0.0,0.05,0.0,0.0,0.0,0.0,0.06546030442560927,0.0,0.017886970029239762,0.17245019855381696,0.1307945205479452,0.26926027397260266,0.0,-0.48575590947196684,0.0,11.986156735225808,0.0,0.0,0.0,0.0,0.0,0.0,0.0,0.0,0.0,0.0,0.0,0.0,0.0,0.0,0.0,0.0,0.0,0.0,0.0,0.0,0.0
2019-01-02T23:00:00-07:00,0.17203179791939077,0.0,0.2630625626380325,0.0,0.0,0.05,0.0,0.0,0.0,0.0,0.06099710185113591,0.0,0.015012278417397657,0.07760258934921763,0.05775342465753425,0.24906575342465745,0.0,-0.33839934978055214,0.0,11.9063348612518,0.0,0.0,0.0,0.0,0.0,0.0,0.0,0.0,0.0,0.0,0.0,0.0,0.0,0.0,0.0,0.0,0.0,0.0,0.0,0.0,0.0
2019-01-02T23:15:00-07:00,0.17351042238477316,0.0,0.2630625626380325,0.0,0.0,0.05,0.0,0.0,0.0,0.0,0.06099710185113591,0.0,0.015012278417397657,0.07760258934921763,0.05775342465753425,0.24906575342465745,0.0,-0.33692072531516976,0.0,11.8333621031485,0.0,0.0,0.0,0.0,0.0,0.0,0.0,0.0,0.0,0.0,0.0,0.0,0.0,0.0,0.0,0.0,0.0,0.0,0.0,0.0,0.0
2019-01-02T23:30:00-07:00,0.17506624696179068,0.0,0.2630625626380325,0.0,0.0,0.05,0.0,0.0,0.0,0.0,0.06099710185113591,0.0,0.015012278417397657,0.07760258934921763,0.05775342465753425,0.24906575342465745,0.0,-0.3353649007381522,0.0,11.761624560083725,0.0,0.0,0.0,0.0,0.0,0.0,0.0,0.0,0.0,0.0,0.0,0.0,0.0,0.0,0.0,0.0,0.0,0.0,0.0,0.0,0.0
2019-01-02T23:45:00-07:00,0.1766811015752074,0.0,0.2630625626380325,0.0,0.0,0.05,0.0,0.0,0.0,0.0,0.06099710185113591,0.0,0.015012278417397657,0.07760258934921763,0.05775342465753425,0.24906575342465745,0.0,-0.3337500461247355,0.0,11.693838883650963,0.0,0.0,0.0,0.0,0.0,0.0,0.0,0.0,0.0,0.0,0.0,0.0,0.0,0.0,0.0,0.0,0.0,0.0,0.0,0.0,0.0
2019-01-03T00:00:00-07:00,0.1594559962007931,0.0,0.2542512985517326,0.0,0.0,0.05,0.0,0.0,0.0,0.0,0.05950936765964479,0.0,0.012776407163742684,0.05173505956614509,0.02378082191780822,0.2423342465753424,0.0,-0.2806799066818901,0.0,11.619205994923655,0.0,0.0,0.0,0.0,0.0,0.0,0.0,0.0,0.0,0.0,0.0,0.0,0.0,0.0,0.0,0.0,0.0,0.0,0.0,0.0,0.0
2019-01-03T00:15:00-07:00,0.29717232381186204,0.0,0.2542512985517326,0.0,0.0,0.05,0.0,0.0,0.0,0.0,0.05950936765964479,0.0,0.012776407163742684,0.05173505956614509,0.02378082191780822,0.2423342465753424,0.0,-0.14296357907082113,0.0,11.549266629565542,0.0,0.0,0.0,0.0,0.0,0.0,0.0,0.0,0.0,0.0,0.0,0.0,0.0,0.0,0.0,0.0,0.0,0.0,0.0,0.0,0.0
2019-01-03T00:30:00-07:00,0.4451359028826832,0.0,0.2542512985517326,0.0,0.0,0.05,0.0,0.0,0.0,0.0,0.05950936765964479,0.0,0.012776407163742684,0.05173505956614509,0.02378082191780822,0.2423342465753424,0.0,0.005,0.0,11.479854198364771,0.0,0.0,0.0,0.0,0.0,0.0,0.0,0.0,0.0,0.0,0.0,0.0,0.0,0.0,0.0,0.0,0.0,0.0,0.0,0.0,0.0
2019-01-03T00:45:00-07:00,0.4451359028826832,0.0,0.2542512985517326,0.0,0.0,0.05,0.0,0.0,0.0,0.0,0.05950936765964479,0.0,0.012776407163742684,0.05173505956614509,0.02378082191780822,0.2423342465753424,0.0,0.005,0.0,11.415017826501119,0.0,0.0,0.0,0.0,0.0,0.0,0.0,0.0,0.0,0.0,0.0,0.0,0.0,0.0,0.0,0.0,0.0,0.0,0.0,0.0,0.0
2019-01-03T01:00:00-07:00,0.4221770172673164,0.0,0.25210288066125897,0.0,0.0,0.05,0.0,0.0,0.0,0.0,0.058021633468153665,0.0,0.011818176626461983,0.04311254963845424,0.01189041095890411,0.2423342465753424,0.0,0.005,0.0,11.349425601735838,0.0,0.0,0.0,0.0,0.0,0.0,0.0,0.0,0.0,0.0,0.0,0.0,0.0,0.0,0.0,0.0,0.0,0.0,0.0,0.0,0.0
2019-01-03T01:15:00-07:00,0.4221770172673164,0.0,0.25210288066125897,0.0,0.0,0.05,0.0,0.0,0.0,0.0,0.058021633468153665,0.0,0.011818176626461983,0.04311254963845424,0.01189041095890411,0.2423342465753424,0.0,0.005,0.0,11.287909870645167,0.0,0.0,0.0,0.0,0.0,0.0,0.0,0.0,0.0,0.0,0.0,0.0,0.0,0.0,0.0,0.0,0.0,0.0,0.0,0.0,0.0
2019-01-03T01:30:00-07:00,0.4221770172673164,0.0,0.25210288066125897,0.0,0.0,0.05,0.0,0.0,0.0,0.0,0.058021633468153665,0.0,0.011818176626461983,0.04311254963845424,0.01189041095890411,0.2423342465753424,0.0,0.005,0.0,11.223800226428171,0.0,0.0,0.0,0.0,0.0,0.0,0.0,0.0,0.0,0.0,0.0,0.0,0.0,0.0,0.0,0.0,0.0,0.0,0.0,0.0,0.0
2019-01-03T01:45:00-07:00,0.4221770172673164,0.0,0.25210288066125897,0.0,0.0,0.05,0.0,0.0,0.0,0.0,0.058021633468153665,0.0,0.011818176626461983,0.04311254963845424,0.01189041095890411,0.2423342465753424,0.0,0.005,0.0,11.163428346787862,0.0,0.0,0.0,0.0,0.0,0.0,0.0,0.0,0.0,0.0,0.0,0.0,0.0,0.0,0.0,0.0,0.0,0.0,0.0,0.0,0.0
2019-01-03T02:00:00-07:00,0.41559339266486633,0.0,0.2509126933080661,0.0,0.0,0.05,0.0,0.0,0.0,0.0,0.05653389927666255,0.0,0.011818176626461983,0.04311254963845424,0.006794520547945205,0.2423342465753424,0.0,0.005,0.0,11.102670331213918,0.0,0.0,0.0,0.0,0.0,0.0,0.0,0.0,0.0,0.0,0.0,0.0,0.0,0.0,0.0,0.0,0.0,0.0,0.0,0.0,0.0
2019-01-03T02:15:00-07:00,0.41559339266486633,0.0,0.2509126933080661,0.0,0.0,0.05,0.0,0.0,0.0,0.0,0.05653389927666255,0.0,0.011818176626461983,0.04311254963845424,0.006794520547945205,0.2423342465753424,0.0,0.005,0.0,11.04411336121864,0.0,0.0,0.0,0.0,0.0,0.0,0.0,0.0,0.0,0.0,0.0,0.0,0.0,0.0,0.0,0.0,0.0,0.0,0.0,0.0,0.0
2019-01-03T02:30:00-07:00,0.41559339266486633,0.0,0.2509126933080661,0.0,0.0,0.05,0.0,0.0,0.0,0.0,0.05653389927666255,0.0,0.011818176626461983,0.04311254963845424,0.006794520547945205,0.2423342465753424,0.0,0.005,0.0,10.985510860675847,0.0,0.0,0.0,0.0,0.0,0.0,0.0,0.0,0.0,0.0,0.0,0.0,0.0,0.0,0.0,0.0,0.0,0.0,0.0,0.0,0.0
2019-01-03T02:45:00-07:00,0.41559339266486633,0.0,0.2509126933080661,0.0,0.0,0.05,0.0,0.0,0.0,0.0,0.05653389927666255,0.0,0.011818176626461983,0.04311254963845424,0.006794520547945205,0.2423342465753424,0.0,0.005,0.0,10.928697224326488,0.0,0.0,0.0,0.0,0.0,0.0,0.0,0.0,0.0,0.0,0.0,0.0,0.0,0.0,0.0,0.0,0.0,0.0,0.0,0.0,0.0
2019-01-03T03:00:00-07:00,0.4117682079782018,0.0,0.24908368559668606,0.0,0.0,0.05,0.0,0.0,0.0,0.0,0.05504616508517143,0.0,0.01117935626827485,0.04311254963845424,0.005095890410958904,0.2423342465753424,0.0,0.005,0.0,10.870881423875488,0.0,0.0,0.0,0.0,0.0,0.0,0.0,0.0,0.0,0.0,0.0,0.0,0.0,0.0,0.0,0.0,0.0,0.0,0.0,0.0,0.0
2019-01-03T03:15:00-07:00,0.4117682079782018,0.0,0.24908368559668606,0.0,0.0,0.05,0.0,0.0,0.0,0.0,0.05504616508517143,0.0,0.01117935626827485,0.04311254963845424,0.005095890410958904,0.2423342465753424,0.0,0.005,0.0,10.814813344281298,0.0,0.0,0.0,0.0,0.0,0.0,0.0,0.0,0.0,0.0,0.0,0.0,0.0,0.0,0.0,0.0,0.0,0.0,0.0,0.0,0.0
2019-01-03T03:30:00-07:00,5.911832978668202,0.0,0.24908368559668606,0.0,0.0,0.05,0.0,0.0,0.0,0.0,0.05504616508517143,0.0,0.01117935626827485,0.04311254963845424,0.005095890410958904,0.2423342465753424,0.0,0.005,0.0,10.757503342464679,0.0,0.0,0.0,0.0,0.0,0.0,0.0,0.0,0.0,0.0,0.0,0.0,0.0,0.0,0.0,0.0,0.0,0.0,0.0,0.0,0.0
2019-01-03T03:45:00-07:00,0.4117682079782018,0.0,0.24908368559668606,0.0,0.0,0.05,0.0,0.0,0.0,0.0,0.05504616508517143,0.0,0.01117935626827485,0.04311254963845424,0.005095890410958904,0.2423342465753424,0.0,0.005,0.0,10.704099376839869,0.0,0.0,0.0,0.0,0.0,0.0,0.0,0.0,0.0,0.0,0.0,0.0,0.0,0.0,0.0,0.0,0.0,0.0,0.0,0.0,0.0
2019-01-03T04:00:00-07:00,0.4162903588875424,0.0,0.24789349824349316,0.0,0.0,0.05,0.0,0.0,0.0,0.0,0.0535584308936803,0.0,0.01117935626827485,0.04742380460229966,0.006794520547945205,0.2423342465753424,0.0,0.005,0.0,10.651725018748374,0.0,0.0,0.0,0.0,0.0,0.0,0.0,0.0,0.0,0.0,0.0,0.0,0.0,0.0,0.0,0.0,0.0,0.0,0.0,0.0,0.0
2019-01-03T04:15:00-07:00,0.4162903588875424,0.0,0.24789349824349316,0.0,0.0,0.05,0.0,0.0,0.0,0.0,0.0535584308936803,0.0,0.01117935626827485,0.04742380460229966,0.006794520547945205,0.2423342465753424,0.0,0.005,0.0,10.601703173623802,0.0,0.0,0.0,0.0,0.0,0.0,0.0,0.0,0.0,0.0,0.0,0.0,0.0,0.0,0.0,0.0,0.0,0.0,0.0,0.0,0.0
2019-01-03T04:30:00-07:00,0.4162903588875424,0.0,0.24789349824349316,0.0,0.0,0.05,0.0,0.0,0.0,0.0,0.0535584308936803,0.0,0.01117935626827485,0.04742380460229966,0.006794520547945205,0.2423342465753424,0.0,0.005,0.0,10.550250609728126,0.0,0.0,0.0,0.0,0.0,0.0,0.0,0.0,0.0,0.0,0.0,0.0,0.0,0.0,0.0,0.0,0.0,0.0,0.0,0.0,0.0
2019-01-03T04:45:00-07:00,0.4162903588875424,0.0,0.24789349824349316,0.0,0.0,0.05,0.0,0.0,0.0,0.0,0.0535584308936803,0.0,0.01117935626827485,0.04742380460229966,0.006794520547945205,0.2423342465753424,0.0,0.005,0.0,10.502231494778671,0.0,0.0,0.0,0.0,0.0,0.0,0.0,0.0,0.0,0.0,0.0,0.0,0.0,0.0,0.0,0.0,0.0,0.0,0.0,0.0,0.0
2019-01-03T05:00:00-07:00,0.45114404462480723,0.0,0.24917113895986742,0.0,0.0,0.05,0.0,0.0,0.0,0.0,0.0535584308936803,0.0,0.012456996984649119,0.07760258934921763,0.010191780821917807,0.2423342465753424,0.0,0.005,0.0,10.459912593274074,0.0,0.0,0.0,0.0,0.0,0.0,0.0,0.0,0.0,0.0,0.0,0.0,0.0,0.0,0.0,0.0,0.0,0.0,0.0,0.0,0.0
2019-01-03T05:15:00-07:00,0.45114404462480723,0.0,0.24917113895986742,0.0,0.0,0.05,0.0,0.0,0.0,0.0,0.0535584308936803,0.0,0.012456996984649119,0.07760258934921763,0.010191780821917807,0.2423342465753424,0.0,0.005,0.0,10.420392580558955,0.0,0.0,0.0,0.0,0.0,0.0,0.0,0.0,0.0,0.0,0.0,0.0,0.0,0.0,0.0,0.0,0.0,0.0,0.0,0.0,0.0
2019-01-03T05:30:00-07:00,0.45114404462480723,0.0,0.24917113895986742,0.0,0.0,0.05,0.0,0.0,0.0,0.0,0.0535584308936803,0.0,0.012456996984649119,0.07760258934921763,0.010191780821917807,0.2423342465753424,0.0,0.005,0.0,10.37721799844282,0.0,0.0,0.0,0.0,0.0,0.0,0.0,0.0,0.0,0.0,0.0,0.0,0.0,0.0,0.0,0.0,0.0,0.0,0.0,0.0,0.0
2019-01-03T05:45:00-07:00,0.45114404462480723,0.0,0.24917113895986742,0.0,0.0,0.05,0.0,0.0,0.0,0.0,0.0535584308936803,0.0,0.012456996984649119,0.07760258934921763,0.010191780821917807,0.2423342465753424,0.0,0.005,0.0,10.336205477203785,0.0,0.0,0.0,0.0,0.0,0.0,0.0,0.0,0.0,0.0,0.0,0.0,0.0,0.0,0.0,0.0,0.0,0.0,0.0,0.0,0.0
2019-01-03T06:00:00-07:00,0.5277091577159778,0.0,0.2639189755206252,0.0,0.0,0.05,0.0,0.0,0.0,0.0,0.05653389927666255,0.0,0.014054047880116953,0.1293376489153627,0.016986301369863014,0.25579726027397254,0.0,0.005,0.0,10.303771725656693,0.0,0.0,0.0,0.0,0.0,0.0,0.0,0.0,0.0,0.0,0.0,0.0,0.0,0.0,0.0,0.0,0.0,0.0,0.0,0.0,0.0
2019-01-03T06:15:00-07:00,1.5277091577159776,0.0,0.2639189755206252,0.0,0.0,0.05,0.0,0.0,0.0,0.0,0.05653389927666255,1.0,0.014054047880116953,0.1293376489153627,0.016986301369863014,0.25579726027397254,0.0,0.005,0.0,10.271150057617549,0.0,0.0,0.0,0.0,0.0,0.0,0.0,0.0,0.0,0.0,0.0,0.0,0.0,0.0,0.0,0.0,0.0,0.0,0.0,0.0,0.0
2019-01-03T06:30:00-07:00,7.027773928405978,0.0,0.2639189755206252,0.0,0.0,0.05,0.0,0.0,0.0,0.0,0.05653389927666255,1.0,0.014054047880116953,0.1293376489153627,0.016986301369863014,0.25579726027397254,0.0,0.005,0.0,10.242744275803274,0.0,0.0,0.0,0.0,0.0,0.0,0.0,0.0,0.0,0.0,0.0,0.0,0.0,0.0,0.0,0.0,0.0,0.0,0.0,0.0,0.0
2019-01-03T06:45:00-07:00,0.5277091577159778,0.0,0.2639189755206252,0.0,0.0,0.05,0.0,0.0,0.0,0.0,0.05653389927666255,0.0,0.014054047880116953,0.1293376489153627,0.016986301369863014,0.25579726027397254,0.0,0.005,0.0,10.214838285517336,0.0,0.0,0.0,0.0,0.0,0.0,0.0,0.0,0.0,0.0,0.0,0.0,0.0,0.0,0.0,0.0,0.0,0.0,0.0,0.0,0.0
2019-01-03T07:00:00-07:00,1.592904106505319,0.0,0.28149673612808646,0.0,0.0,0.05,0.0,0.0,0.0,0.0,0.05950936765964479,1.0,0.013095817342836253,0.1638276886261261,0.02547945205479452,0.2759917808219177,0.0,0.005,0.0,10.19354550229631,0.0,0.0,0.0,0.0,0.0,0.0,0.0,0.0,0.0,0.0,0.0,0.0,0.0,0.0,0.0,0.0,0.0,0.0,0.0,0.0,0.0
2019-01-03T07:15:00-07:00,1.592904106505319,0.0,0.28149673612808646,0.0,0.0,0.05,0.0,0.0,0.0,0.0,0.05950936765964479,1.0,0.013095817342836253,0.1638276886261261,0.02547945205479452,0.2759917808219177,0.0,0.005,0.0,10.172286454074326,0.0,0.0,0.0,0.0,0.0,0.0,0.0,0.0,0.0,0.0,0.0,0.0,0.0,0.0,0.0,0.0,0.0,0.0,0.0,0.0,0.0
2019-01-03T07:30:00-07:00,1.4969288157294058,0.0,0.28149673612808646,0.0,0.0,0.05,0.0,0.0,0.0,0.0,0.05950936765964479,1.0,0.013095817342836253,0.1638276886261261,0.02547945205479452,0.2759917808219177,0.09597529077591335,0.005,0.0,10.15950030854241,0.0,0.0,0.0,0.0,0.0,0.0,0.0,0.0,0.0,0.0,0.0,0.0,0.0,0.0,0.0,0.0,0.0,0.0,0.0,0.0,0.0
2019-01-03T07:45:00-07:00,0.4811874380950372,0.0,0.28149673612808646,0.0,0.0,0.05,0.0,0.0,0.0,0.0,0.05950936765964479,0.0,0.013095817342836253,0.1638276886261261,0.02547945205479452,0.2759917808219177,0.11171666841028223,0.005,0.0,10.15298232748963,0.0,0.0,0.0,0.0,0.0,0.0,0.0,0.0,0.0,0.0,0.0,0.0,0.0,0.0,0.0,0.0,0.0,0.0,0.0,0.0,0.0
2019-01-03T08:00:00-07:00,0.5025591649308097,0.0,0.28487802716979577,0.0,0.0,0.05,0.0,0.0,0.0,0.0,0.06099710185113591,0.0,0.009901715551900581,0.1767614535176624,0.03397260273972603,0.28272328767123284,0.11679699640084812,0.005,0.0,10.155032898144789,0.0,0.0,0.0,0.0,0.0,0.0,0.0,0.0,0.0,0.0,0.0,0.0,0.0,0.0,0.0,0.0,0.0,0.0,0.0,0.0,0.0
2019-01-03T08:15:00-07:00,0.4984683474745285,0.0,0.28487802716979577,0.0,0.0,0.05,0.0,0.0,0.0,0.0,0.06099710185113591,0.0,0.009901715551900581,0.1767614535176624,0.03397260273972603,0.28272328767123284,0.12088781385712934,0.005,0.0,10.163481464814394,0.0,0.0,0.0,0.0,0.0,0.0,0.0,0.0,0.0,0.0,0.0,0.0,0.0,0.0,0.0,0.0,0.0,0.0,0.0,0.0,0.0
2019-01-03T08:30:00-07:00,-0.10443784785804466,0.0,0.28487802716979577,0.0,0.0,0.05,0.0,0.0,0.0,0.0,0.06099710185113591,0.0,0.009901715551900581,0.1767614535176624,0.03397260273972603,0.28272328767123284,0.7237940091897025,0.005,0.0,10.246955728477694,0.0,0.0,0.0,0.0,0.0,0.0,0.0,0.0,0.0,0.0,0.0,0.0,0.0,0.0,0.0,0.0,0.0,0.0,0.0,0.0,0.0
2019-01-03T08:45:00-07:00,5.371716218153428,0.0,0.28487802716979577,0.0,0.0,0.05,0.0,0.0,0.0,0.0,0.06099710185113591,0.0,0.009901715551900581,0.1767614535176624,0.03397260273972603,0.28272328767123284,0.7477047138682297,0.005,0.0,10.318647923642839,0.0,0.0,0.0,0.0,0.0,0.0,0.0,0.0,0.0,0.0,0.0,0.0,0.0,0.0,0.0,0.0,0.0,0.0,0.0,0.0,0.0
2019-01-03T09:00:00-07:00,0.05482864049437497,0.0,0.2829615660952344,0.0,0.0,0.05,0.0,0.0,0.0,0.0,0.06099710185113591,0.0,0.007985254477339178,0.1767614535176624,0.04246575342465753,0.28272328767123284,0.7736076930576695,0.2075034826100166,0.0,10.383192983702239,0.0,0.0,0.0,0.0,0.0,0.0,0.0,0.0,0.0,0.0,0.0,0.0,0.0,0.0,0.0,0.0,0.0,0.0,0.0,0.0,0.0
2019-01-03T09:15:00-07:00,0.054782153973284564,0.0,0.2829615660952344,0.0,0.0,0.05,0.0,0.0,0.0,0.0,0.06099710185113591,0.0,0.007985254477339178,0.1767614535176624,0.04246575342465753,0.28272328767123284,0.7996986774445451,0.23354798047580183,0.0,10.443310558139865,0.0,0.0,0.0,0.0,0.0,0.0,0.0,0.0,0.0,0.0,0.0,0.0,0.0,0.0,0.0,0.0,0.0,0.0,0.0,0.0,0.0
2019-01-03T09:30:00-07:00,0.0508063340841205,0.0,0.2829615660952344,0.0,0.0,0.05,0.0,0.0,0.0,0.0,0.06099710185113591,0.0,0.007985254477339178,0.1767614535176624,0.04246575342465753,0.28272328767123284,1.5789929891025525,1.0088664722446452,0.0,10.563874055215667,0.0,0.0,0.0,0.0,0.0,0.0,0.0,0.0,0.0,0.0,0.0,0.0,0.0,0.0,0.0,0.0,0.0,0.0,0.0,0.0,0.0
2019-01-03T09:45:00-07:00,0.05051430954034153,0.0,0.2829615660952344,0.0,0.0,0.05,0.0,0.0,0.0,0.0,0.06099710185113591,0.0,0.007985254477339178,0.1767614535176624,0.04246575342465753,0.28272328767123284,1.6186297132605179,1.0482111718588314,0.0,10.668991706218556,0.0,0.0,0.0,0.0,0.0,0.0,0.0,0.0,0.0,0.0,0.0,0.0,0.0,0.0,0.0,0.0,0.0,0.0,0.0,0.0,0.0
2019-01-03T10:00:00-07:00,0.05018225425338163,0.0,0.2814519685629479,0.0,0.0,0.05,0.0,0.0,0.0,0.0,0.05950936765964479,0.0,0.007665844298245611,0.16813894358997156,0.04756164383561644,0.28272328767123284,1.6564957968113905,1.0910789640100609,0.0,10.759825688010007,0.0,0.0,0.0,0.0,0.0,0.0,0.0,0.0,0.0,0.0,0.0,0.0,0.0,0.0,0.0,0.0,0.0,0.0,0.0,0.0,0.0
2019-01-03T10:15:00-07:00,0.04991106134090861,0.0,0.2814519685629479,0.0,0.0,0.05,0.0,0.0,0.0,0.0,0.05950936765964479,0.0,0.007665844298245611,0.16813894358997156,0.04756164383561644,0.28272328767123284,1.6913389457034154,1.1256509199896128,0.0,10.842881182902405,0.0,0.0,0.0,0.0,0.0,0.0,0.0,0.0,0.0,0.0,0.0,0.0,0.0,0.0,0.0,0.0,0.0,0.0,0.0,0.0,0.0
2019-01-03T10:30:00-07:00,0.034860684369419026,0.0,0.2814519685629479,0.0,0.0,0.05,0.0,0.0,0.0,0.0,0.05950936765964479,0.0,0.007665844298245611,0.16813894358997156,0.04756164383561644,0.28272328767123284,2.824130398981655,2.243391996296363,0.0,11.01775822634294,0.0,0.0,0.0,0.0,0.0,0.0,0.0,0.0,0.0,0.0,0.0,0.0,0.0,0.0,0.0,0.0,0.0,0.0,0.0,0.0,0.0
2019-01-03T10:45:00-07:00,0.03415450636402362,0.0,0.2814519685629479,0.0,0.0,0.05,0.0,0.0,0.0,0.0,0.05950936765964479,0.0,0.007665844298245611,0.16813894358997156,0.04756164383561644,0.28272328767123284,2.881662259805458,2.3002176791147706,0.0,11.168531202820704,0.0,0.0,0.0,0.0,0.0,0.0,0.0,0.0,0.0,0.0,0.0,0.0,0.0,0.0,0.0,0.0,0.0,0.0,0.0,0.0,0.0
2019-01-03T11:00:00-07:00,0.03356122489718505,0.0,0.2814519685629479,0.0,0.0,0.05,0.0,0.0,0.0,0.0,0.05950936765964479,0.0,0.007665844298245611,0.15951643366228066,0.05265753424657534,0.28272328767123284,2.928258580697078,2.349747338056284,0.0,11.300188407490039,0.0,0.0,0.0,0.0,0.0,0.0,0.0,0.0,0.0,0.0,0.0,0.0,0.0,0.0,0.0,0.0,0.0,0.0,0.0,0.0,0.0
2019-01-03T11:15:00-07:00,5.533267747914942,0.0,0.2814519685629479,0.0,0.0,0.05,0.0,0.0,0.0,0.0,0.05950936765964479,0.0,0.007665844298245611,0.15951643366228066,0.05265753424657534,0.28272328767123284,2.9647518014991343,2.385882311186097,0.0,11.422169444014639,0.0,0.0,0.0,0.0,0.0,0.0,0.0,0.0,0.0,0.0,0.0,0.0,0.0,0.0,0.0,0.0,0.0,0.0,0.0,0.0,0.0
2019-01-03T11:30:00-07:00,0.011278219007645252,0.0,0.2814519685629479,0.0,0.0,0.05,0.0,0.0,0.0,0.0,0.05950936765964479,0.0,0.007665844298245611,0.15951643366228066,0.05265753424657534,0.28272328767123284,3.9988437170686546,3.3980494685383205,0.0,11.580503657593079,0.0,0.0,0.0,0.0,0.0,0.0,0.0,0.0,0.0,0.0,0.0,0.0,0.0,0.0,0.0,0.0,0.0,0.0,0.0,0.0,0.0
2019-01-03T11:45:00-07:00,0.011503586218169382,0.0,0.2814519685629479,0.0,0.0,0.05,0.0,0.0,0.0,0.0,0.05950936765964479,0.0,0.007665844298245611,0.15951643366228066,0.05265753424657534,0.28272328767123284,4.02697628764772,3.4264074063279106,0.0,11.725128800486134,0.0,0.0,0.0,0.0,0.0,0.0,0.0,0.0,0.0,0.0,0.0,0.0,0.0,0.0,0.0,0.0,0.0,0.0,0.0,0.0,0.0
2019-01-03T12:00:00-07:00,0.012370060449254261,0.0,0.28415175344842725,0.0,0.0,0.05,0.0,0.0,0.0,0.0,0.06248483604262702,0.0,0.007985254477339178,0.15520517869843525,0.05605479452054794,0.28272328767123284,4.042743911314654,3.4406606203537264,0.0,11.856390405755631,0.0,0.0,0.0,0.0,0.0,0.0,0.0,0.0,0.0,0.0,0.0,0.0,0.0,0.0,0.0,0.0,0.0,0.0,0.0,0.0,0.0
2019-01-03T12:15:00-07:00,5.513924323879976,0.0,0.28415175344842725,0.0,0.0,0.05,0.0,0.0,0.0,0.0,0.06248483604262702,0.0,0.007985254477339178,0.15520517869843525,0.05605479452054794,0.28272328767123284,4.0441430944892645,3.4435492962690595,0.0,11.982617080853311,0.0,0.0,0.0,0.0,0.0,0.0,0.0,0.0,0.0,0.0,0.0,0.0,0.0,0.0,0.0,0.0,0.0,0.0,0.0,0.0,0.0
2019-01-03T12:30:00-07:00,0.020324145709166963,0.0,0.28415175344842725,0.0,0.0,0.05,0.0,0.0,0.0,0.0,0.06248483604262702,0.0,0.007985254477339178,0.15520517869843525,0.05605479452054794,0.28272328767123284,3.825631436008217,3.231502230307202,0.0,12.085630457409305,0.0,0.0,0.0,0.0,0.0,0.0,0.0,0.0,0.0,0.0,0.0,0.0,0.0,0.0,0.0,0.0,0.0,0.0,0.0,0.0,0.0
2019-01-03T12:45:00-07:00,0.022309318719005322,0.0,0.28415175344842725,0.0,0.0,0.05,0.0,0.0,0.0,0.0,0.06248483604262702,0.0,0.007985254477339178,0.15520517869843525,0.05605479452054794,0.28272328767123284,3.7940289914633514,3.2018849587721747,0.0,12.191770912730652,0.0,0.0,0.0,0.0,0.0,0.0,0.0,0.0,0.0,0.0,0.0,0.0,0.0,0.0,0.0,0.0,0.0,0.0,0.0,0.0,0.0
2019-01-03T13:00:00-07:00,3.9745758951743846,0.0,0.28510998398570797,0.0,0.0,0.05,0.0,0.0,0.0,0.0,0.06248483604262702,0.0,0.008943485014619881,0.15089392373458985,0.06454794520547945,0.28272328767123284,3.7467656061565147,1.6016832529723508,0.0,12.298022528176528,0.0,0.0,0.0,0.0,0.0,0.0,0.0,0.0,0.0,0.0,0.0,0.0,0.0,0.0,0.0,0.0,0.0,0.0,0.0,0.0,0.0
2019-01-03T13:15:00-07:00,-3.06039221841921,0.0,0.28510998398570797,0.0,0.0,0.05,0.0,0.0,0.0,0.0,0.06248483604262702,0.0,0.008943485014619881,0.15089392373458985,0.06454794520547945,0.28272328767123284,3.684985696087759,0.005,0.0,12.408279450565033,0.0,0.0,0.0,0.0,0.0,0.0,0.0,0.0,0.0,0.0,0.0,0.0,0.0,0.0,0.0,0.0,0.0,0.0,0.0,0.0,0.0
2019-01-03T13:30:00-07:00,-2.7174558210305517,0.0,0.28510998398570797,0.0,0.0,0.05,0.0,0.0,0.0,0.0,0.06248483604262702,0.0,0.008943485014619881,0.15089392373458985,0.06454794520547945,0.28272328767123284,3.342049298699101,0.005,0.0,12.489697982026847,0.0,0.0,0.0,0.0,0.0,0.0,0.0,0.0,0.0,0.0,0.0,0.0,0.0,0.0,0.0,0.0,0.0,0.0,0.0,0.0,0.0
2019-01-03T13:45:00-07:00,-2.6388724123710015,0.0,0.28510998398570797,0.0,0.0,0.05,0.0,0.0,0.0,0.0,0.06248483604262702,0.0,0.008943485014619881,0.15089392373458985,0.06454794520547945,0.28272328767123284,3.2634658900395506,0.005,0.0,12.576368195417137,0.0,0.0,0.0,0.0,0.0,0.0,0.0,0.0,0.0,0.0,0.0,0.0,0.0,0.0,0.0,0.0,0.0,0.0,0.0,0.0,0.0
2019-01-03T14:00:00-07:00,-2.5321391591141706,0.0,0.2857488043438951,0.0,0.0,0.05,0.0,0.0,0.0,0.0,0.06248483604262702,0.0,0.009582305372807014,0.15951643366228066,0.07134246575342466,0.28272328767123284,3.172788487616543,0.005,0.0,12.663250961150645,0.0,0.0,0.0,0.0,0.0,0.0,0.0,0.0,0.0,0.0,0.0,0.0,0.0,0.0,0.0,0.0,0.0,0.0,0.0,0.0,0.0
2019-01-03T14:15:00-07:00,-2.42857200247103,0.0,0.2857488043438951,0.0,0.0,0.05,0.0,0.0,0.0,0.0,0.06248483604262702,0.0,0.009582305372807014,0.15951643366228066,0.07134246575342466,0.28272328767123284,3.069221330973402,0.005,0.0,12.749512630828553,0.0,0.0,0.0,0.0,0.0,0.0,0.0,0.0,0.0,0.0,0.0,0.0,0.0,0.0,0.0,0.0,0.0,0.0,0.0,0.0,0.0
2019-01-03T14:30:00-07:00,-1.6865469436008929,0.0,0.2857488043438951,0.0,0.0,0.05,0.0,0.0,0.0,0.0,0.06248483604262702,0.0,0.009582305372807014,0.15951643366228066,0.07134246575342466,0.28272328767123284,2.327196272103265,0.005,0.0,12.787273315967655,0.0,0.0,0.0,0.0,0.0,0.0,0.0,0.0,0.0,0.0,0.0,0.0,0.0,0.0,0.0,0.0,0.0,0.0,0.0,0.0,0.0
2019-01-03T14:45:00-07:00,-1.601511666548384,0.0,0.2857488043438951,0.0,0.0,0.05,0.0,0.0,0.0,0.0,0.06248483604262702,0.0,0.009582305372807014,0.15951643366228066,0.07134246575342466,0.28272328767123284,2.242160995050756,0.005,0.0,12.829579958334632,0.0,0.0,0.0,0.0,0.0,0.0,0.0,0.0,0.0,0.0,0.0,0.0,0.0,0.0,0.0,0.0,0.0,0.0,0.0,0.0,0.0
2019-01-03T15:00:00-07:00,-0.47019077047676405,0.0,0.2969260788450741,0.0,0.0,0.05,0.0,0.0,0.0,0.0,0.06099710185113591,1.0,0.01117935626827485,0.1767614535176624,0.07813698630136985,0.2961863013698629,2.14845196978507,0.005,0.0,12.874104364423916,0.0,0.0,0.0,0.0,0.0,0.0,0.0,0.0,0.0,0.0,0.0,0.0,0.0,0.0,0.0,0.0,0.0,0.0,0.0,0.0,0.0
2019-01-03T15:15:00-07:00,-1.3667935012358674,0.0,0.2969260788450741,0.0,0.0,0.05,0.0,0.0,0.0,0.0,0.06099710185113591,0.0,0.01117935626827485,0.1767614535176624,0.07813698630136985,0.2961863013698629,2.0450547005441733,0.005,0.0,12.915352176848193,0.0,0.0,0.0,0.0,0.0,0.0,0.0,0.0,0.0,0.0,0.0,0.0,0.0,0.0,0.0,0.0,0.0,0.0,0.0,0.0,0.0
2019-01-03T15:30:00-07:00,0.1570180741656333,0.0,0.2969260788450741,0.0,0.0,0.05,0.0,0.0,0.0,0.0,0.06099710185113591,1.0,0.01117935626827485,0.1767614535176624,0.07813698630136985,0.2961863013698629,1.0412758207193031,-0.47496730442336976,0.0,12.84822324665264,0.0,0.0,0.0,0.0,0.0,0.0,0.0,0.0,0.0,0.0,0.0,0.0,0.0,0.0,0.0,0.0,0.0,0.0,0.0,0.0,0.0
2019-01-03T15:45:00-07:00,0.16423059605396495,0.0,0.2969260788450741,0.0,0.0,0.05,0.0,0.0,0.0,0.0,0.06099710185113591,1.0,0.01117935626827485,0.1767614535176624,0.07813698630136985,0.2961863013698629,1.0280777021821066,-0.48095290107223476,0.0,12.799997196674294,0.0,0.0,0.0,0.0,0.0,0.0,0.0,0.0,0.0,0.0,0.0,0.0,0.0,0.0,0.0,0.0,0.0,0.0,0.0,0.0,0.0
2019-01-03T16:00:00-07:00,0.05462164890908339,0.0,0.3195269489548511,0.0,0.0,0.05,0.0,0.0,0.0,0.0,0.06546030442560927,0.0,0.014054047880116953,0.2155627481922712,0.09172602739726027,0.31638082191780814,1.0558741136545098,0.35731181275052726,0.0,12.777001711438347,0.0,0.0,0.0,0.0,0.0,0.0,0.0,0.0,0.0,0.0,0.0,0.0,0.0,0.0,0.0,0.0,0.0,0.0,0.0,0.0,0.0
2019-01-03T16:15:00-07:00,0.16343448201560262,0.0,0.3195269489548511,0.0,0.0,0.05,0.0,0.0,0.0,0.0,0.06546030442560927,1.0,0.014054047880116953,0.2155627481922712,0.09172602739726027,0.31638082191780814,1.1663173351849876,-0.4234321326124756,0.0,12.785165530198409,0.0,0.0,0.0,0.0,0.0,0.0,0.0,0.0,0.0,0.0,0.0,0.0,0.0,0.0,0.0,0.0,0.0,0.0,0.0,0.0,0.0
2019-01-03T16:30:00-07:00,0.3911183880341669,0.0,0.3195269489548511,0.0,0.0,0.05,0.0,0.0,0.0,0.0,0.06546030442560927,1.0,0.014054047880116953,0.2155627481922712,0.09172602739726027,0.31638082191780814,0.13460143340279357,-1.2274641283761054,0.0,12.646170680594366,0.0,0.0,0.0,0.0,0.0,0.0,0.0,0.0,0.0,0.0,0.0,0.0,0.0,0.0,0.0,0.0,0.0,0.0,0.0,0.0,0.0
2019-01-03T16:45:00-07:00,0.4068430892133401,0.0,0.3195269489548511,0.0,0.0,0.05,0.0,0.0,0.0,0.0,0.06546030442560927,1.0,0.014054047880116953,0.2155627481922712,0.09172602739726027,0.31638082191780814,0.1304737259405567,-1.2158671346591692,0.0,12.52176776479727,0.0,0.0,0.0,0.0,0.0,0.0,0.0,0.0,0.0,0.0,0.0,0.0,0.0,0.0,0.0,0.0,0.0,0.0,0.0,0.0,0.0
2019-01-03T17:00:00-07:00,0.21417153704842762,0.0,0.3442762369551017,0.0,0.0,0.05,0.0,0.0,0.0,0.0,0.07141124119157374,0.0,0.017886970029239762,0.2802315726499526,0.10531506849315068,0.3365753424657534,0.12625636601482026,-0.5209922917664224,0.0,12.41573106327235,0.0,0.0,0.0,0.0,0.0,0.0,0.0,0.0,0.0,0.0,0.0,0.0,0.0,0.0,0.0,0.0,0.0,0.0,0.0,0.0,0.0
2019-01-03T17:15:00-07:00,5.724015451082453,0.0,0.3442762369551017,0.0,0.0,0.05,0.0,0.0,0.0,0.0,0.07141124119157374,0.0,0.017886970029239762,0.2802315726499526,0.10531506849315068,0.3365753424657534,0.12182880906753028,-0.5156407053696875,0.0,12.311021290399003,0.0,0.0,0.0,0.0,0.0,0.0,0.0,0.0,0.0,0.0,0.0,0.0,0.0,0.0,0.0,0.0,0.0,0.0,0.0,0.0,0.0
2019-01-03T17:30:00-07:00,0.2647668322965061,0.0,0.3442762369551017,0.0,0.0,0.05,0.0,0.0,0.0,0.0,0.07141124119157374,0.0,0.017886970029239762,0.2802315726499526,0.10531506849315068,0.3365753424657534,0.0,-0.5966533625331641,0.0,12.203201788995164,0.0,0.0,0.0,0.0,0.0,0.0,0.0,0.0,0.0,0.0,0.0,0.0,0.0,0.0,0.0,0.0,0.0,0.0,0.0,0.0,0.0
2019-01-03T17:45:00-07:00,0.2753415296865638,0.0,0.3442762369551017,0.0,0.0,0.05,0.0,0.0,0.0,0.0,0.07141124119157374,0.0,0.017886970029239762,0.2802315726499526,0.10531506849315068,0.3365753424657534,0.0,-0.5860786651431065,0.0,12.101733361627634,0.0,0.0,0.0,0.0,0.0,0.0,0.0,0.0,0.0,0.0,0.0,0.0,0.0,0.0,0.0,0.0,0.0,0.0,0.0,0.0,0.0
2019-01-03T18:00:00-07:00,0.32343794277713633,0.0,0.35459709857368804,0.0,0.0,0.05,0.0,0.0,0.0,0.0,0.07438670957455598,0.0,0.020442251461988296,0.3707679268907064,0.1358904109589041,0.3433068493150684,0.0,-0.6713562054240869,0.0,12.019413128477385,0.0,0.0,0.0,0.0,0.0,0.0,0.0,0.0,0.0,0.0,0.0,0.0,0.0,0.0,0.0,0.0,0.0,0.0,0.0,0.0,0.0
2019-01-03T18:15:00-07:00,0.6332118120342145,0.0,0.35459709857368804,0.0,0.0,0.05,0.0,0.0,0.0,0.0,0.07438670957455598,1.0,0.020442251461988296,0.3707679268907064,0.1358904109589041,0.3433068493150684,0.0,-1.3615823361670087,0.0,11.937644442651312,0.0,0.0,0.0,0.0,0.0,0.0,0.0,0.0,0.0,0.0,0.0,0.0,0.0,0.0,0.0,0.0,0.0,0.0,0.0,0.0,0.0
2019-01-03T18:30:00-07:00,0.34291792290005807,0.0,0.35459709857368804,0.0,0.0,0.05,0.0,0.0,0.0,0.0,0.07438670957455598,0.0,0.020442251461988296,0.3707679268907064,0.1358904109589041,0.3433068493150684,0.0,-0.6518762253011652,0.0,11.857966616647273,0.0,0.0,0.0,0.0,0.0,0.0,0.0,0.0,0.0,0.0,0.0,0.0,0.0,0.0,0.0,0.0,0.0,0.0,0.0,0.0,0.0
2019-01-03T18:45:00-07:00,0.35264842566030163,0.0,0.35459709857368804,0.0,0.0,0.05,0.0,0.0,0.0,0.0,0.07438670957455598,0.0,0.020442251461988296,0.3707679268907064,0.1358904109589041,0.3433068493150684,0.0,-0.6421457225409216,0.0,11.77740526581172,0.0,0.0,0.0,0.0,0.0,0.0,0.0,0.0,0.0,0.0,0.0,0.0,0.0,0.0,0.0,0.0,0.0,0.0,0.0,0.0,0.0
2019-01-03T19:00:00-07:00,0.4042629312422057,0.0,0.3481091591042245,0.0,0.0,0.05,0.0,0.0,0.0,0.0,0.07141124119157374,0.0,0.02171989217836257,0.456993026167615,0.18684931506849314,0.3365753424657534,0.0,-0.7192858858295923,0.0,11.707486073673476,0.0,0.0,0.0,0.0,0.0,0.0,0.0,0.0,0.0,0.0,0.0,0.0,0.0,0.0,0.0,0.0,0.0,0.0,0.0,0.0,0.0
2019-01-03T19:15:00-07:00,5.9152265426053905,0.0,0.3481091591042245,0.0,0.0,0.05,0.0,0.0,0.0,0.0,0.07141124119157374,0.0,0.02171989217836257,0.456993026167615,0.18684931506849314,0.3365753424657534,0.0,-0.7083870451564076,0.0,11.631400486238496,0.0,0.0,0.0,0.0,0.0,0.0,0.0,0.0,0.0,0.0,0.0,0.0,0.0,0.0,0.0,0.0,0.0,0.0,0.0,0.0,0.0
2019-01-03T19:30:00-07:00,0.4264645062765866,0.0,0.3481091591042245,0.0,0.0,0.05,0.0,0.0,0.0,0.0,0.07141124119157374,0.0,0.02171989217836257,0.456993026167615,0.18684931506849314,0.3365753424657534,0.0,-0.6970843107952114,0.0,11.552437596033558,0.0,0.0,0.0,0.0,0.0,0.0,0.0,0.0,0.0,0.0,0.0,0.0,0.0,0.0,0.0,0.0,0.0,0.0,0.0,0.0,0.0
2019-01-03T19:45:00-07:00,0.4380610224554925,0.0,0.3481091591042245,0.0,0.0,0.05,0.0,0.0,0.0,0.0,0.07141124119157374,0.0,0.02171989217836257,0.456993026167615,0.18684931506849314,0.3365753424657534,0.0,-0.6854877946163055,0.0,11.47090939761584,0.0,0.0,0.0,0.0,0.0,0.0,0.0,0.0,0.0,0.0,0.0,0.0,0.0,0.0,0.0,0.0,0.0,0.0,0.0,0.0,0.0
2019-01-03T20:00:00-07:00,0.4647161648209426,0.0,0.3367873811503146,0.0,0.0,0.05,0.0,0.0,0.0,0.0,0.06992350700008262,0.0,0.0223587125365497,0.47423804602299663,0.22421917808219177,0.3231123287671232,0.0,-0.6991356075880013,0.0,11.391150574627144,0.0,0.0,0.0,0.0,0.0,0.0,0.0,0.0,0.0,0.0,0.0,0.0,0.0,0.0,0.0,0.0,0.0,0.0,0.0,0.0,0.0
2019-01-03T20:15:00-07:00,0.47705610172993207,0.0,0.3367873811503146,0.0,0.0,0.05,0.0,0.0,0.0,0.0,0.06992350700008262,0.0,0.0223587125365497,0.47423804602299663,0.22421917808219177,0.3231123287671232,0.0,-0.6867956706790118,0.0,11.309045146815889,0.0,0.0,0.0,0.0,0.0,0.0,0.0,0.0,0.0,0.0,0.0,0.0,0.0,0.0,0.0,0.0,0.0,0.0,0.0,0.0,0.0
2019-01-03T20:30:00-07:00,5.989608854256834,0.0,0.3367873811503146,0.0,0.0,0.05,0.0,0.0,0.0,0.0,0.06992350700008262,0.0,0.0223587125365497,0.47423804602299663,0.22421917808219177,0.3231123287671232,0.0,-0.6743076888421099,0.0,11.225220446115681,0.0,0.0,0.0,0.0,0.0,0.0,0.0,0.0,0.0,0.0,0.0,0.0,0.0,0.0,0.0,0.0,0.0,0.0,0.0,0.0,0.0
2019-01-03T20:45:00-07:00,0.5021008639966238,0.0,0.3367873811503146,0.0,0.0,0.05,0.0,0.0,0.0,0.0,0.06992350700008262,0.0,0.0223587125365497,0.47423804602299663,0.22421917808219177,0.3231123287671232,0.0,-0.6617509084123201,0.0,11.14167301615096,0.0,0.0,0.0,0.0,0.0,0.0,0.0,0.0,0.0,0.0,0.0,0.0,0.0,0.0,0.0,0.0,0.0,0.0,0.0,0.0,0.0
2019-01-03T21:00:00-07:00,0.4419506466671028,0.0,0.3124593209838456,0.0,0.0,0.05,0.0,0.0,0.0,0.0,0.06843577280859149,0.0,0.020761661641081865,0.3405891421437885,0.21232876712328766,0.2961863013698629,0.0,-0.5463509984195096,0.0,11.038457404617574,0.0,0.0,0.0,0.0,0.0,0.0,0.0,0.0,0.0,0.0,0.0,0.0,0.0,0.0,0.0,0.0,0.0,0.0,0.0,0.0,0.0
2019-01-03T21:15:00-07:00,0.45252480618740576,0.0,0.3124593209838456,0.0,0.0,0.05,0.0,0.0,0.0,0.0,0.06843577280859149,0.0,0.020761661641081865,0.3405891421437885,0.21232876712328766,0.2961863013698629,0.0,-0.5357768388992067,0.0,10.939891478201206,0.0,0.0,0.0,0.0,0.0,0.0,0.0,0.0,0.0,0.0,0.0,0.0,0.0,0.0,0.0,0.0,0.0,0.0,0.0,0.0,0.0
2019-01-03T21:30:00-07:00,0.46297628110298905,0.0,0.3124593209838456,0.0,0.0,0.05,0.0,0.0,0.0,0.0,0.06843577280859149,0.0,0.020761661641081865,0.3405891421437885,0.21232876712328766,0.2961863013698629,0.0,-0.5253253639836234,0.0,10.843072034039754,0.0,0.0,0.0,0.0,0.0,0.0,0.0,0.0,0.0,0.0,0.0,0.0,0.0,0.0,0.0,0.0,0.0,0.0,0.0,0.0,0.0
2019-01-03T21:45:00-07:00,0.4733717637134015,0.0,0.3124593209838456,0.0,0.0,0.05,0.0,0.0,0.0,0.0,0.06843577280859149,0.0,0.020761661641081865,0.3405891421437885,0.21232876712328766,0.2961863013698629,0.0,-0.5149298813732109,0.0,10.747168657298511,0.0,0.0,0.0,0.0,0.0,0.0,0.0,0.0,0.0,0.0,0.0,0.0,0.0,0.0,0.0,0.0,0.0,0.0,0.0,0.0,0.0
2019-01-03T22:00:00-07:00,0.35452303441290106,0.0,0.28566343274780953,0.0,0.0,0.05,0.0,0.0,0.0,0.0,0.06546030442560927,0.0,0.017886970029239762,0.17245019855381696,0.1307945205479452,0.26926027397260266,0.0,-0.35132923311631287,0.0,10.620304209868548,0.0,0.0,0.0,0.0,0.0,0.0,0.0,0.0,0.0,0.0,0.0,0.0,0.0,0.0,0.0,0.0,0.0,0.0,0.0,0.0,0.0
2019-01-03T22:15:00-07:00,0.36202268278785926,0.0,0.28566343274780953,0.0,0.0,0.05,0.0,0.0,0.0,0.0,0.06546030442560927,0.0,0.017886970029239762,0.17245019855381696,0.1307945205479452,0.26926027397260266,0.0,-0.34382958474135467,0.0,10.500654379937053,0.0,0.0,0.0,0.0,0.0,0.0,0.0,0.0,0.0,0.0,0.0,0.0,0.0,0.0,0.0,0.0,0.0,0.0,0.0,0.0,0.0
2019-01-03T22:30:00-07:00,0.369582027592414,0.0,0.28566343274780953,0.0,0.0,0.05,0.0,0.0,0.0,0.0,0.06546030442560927,0.0,0.017886970029239762,0.17245019855381696,0.1307945205479452,0.26926027397260266,0.0,-0.33627023993679994,0.0,10.385420874744641,0.0,0.0,0.0,0.0,0.0,0.0,0.0,0.0,0.0,0.0,0.0,0.0,0.0,0.0,0.0,0.0,0.0,0.0,0.0,0.0,0.0
2019-01-03T22:45:00-07:00,0.3771486790944368,0.0,0.28566343274780953,0.0,0.0,0.05,0.0,0.0,0.0,0.0,0.06546030442560927,0.0,0.017886970029239762,0.17245019855381696,0.1307945205479452,0.26926027397260266,0.0,-0.32870358843477715,0.0,10.273816146719723,0.0,0.0,0.0,0.0,0.0,0.0,0.0,0.0,0.0,0.0,0.0,0.0,0.0,0.0,0.0,0.0,0.0,0.0,0.0,0.0,0.0
2019-01-03T23:00:00-07:00,0.286338702154882,0.0,0.2630625626380325,0.0,0.0,0.05,0.0,0.0,0.0,0.0,0.06099710185113591,0.0,0.015012278417397657,0.07760258934921763,0.05775342465753425,0.24906575342465745,0.0,-0.22409244554506091,0.0,10.143599851569384,0.0,0.0,0.0,0.0,0.0,0.0,0.0,0.0,0.0,0.0,0.0,0.0,0.0,0.0,0.0,0.0,0.0,0.0,0.0,0.0,0.0
2019-01-03T23:15:00-07:00,0.2915662025297342,0.0,0.2630625626380325,0.0,0.0,0.05,0.0,0.0,0.0,0.0,0.06099710185113591,0.0,0.015012278417397657,0.07760258934921763,0.05775342465753425,0.24906575342465745,0.0,-0.21886494517020874,0.0,10.020912906379413,0.0,0.0,0.0,0.0,0.0,0.0,0.0,0.0,0.0,0.0,0.0,0.0,0.0,0.0,0.0,0.0,0.0,0.0,0.0,0.0,0.0
2019-01-03T23:30:00-07:00,5.796774536152177,0.0,0.2630625626380325,0.0,0.0,0.05,0.0,0.0,0.0,0.0,0.06099710185113591,0.0,0.015012278417397657,0.07760258934921763,0.05775342465753425,0.24906575342465745,0.0,-0.2137213822377651,0.0,9.902537674580024,0.0,0.0,0.0,0.0,0.0,0.0,0.0,0.0,0.0,0.0,0.0,0.0,0.0,0.0,0.0,0.0,0.0,0.0,0.0,0.0,0.0
2019-01-03T23:45:00-07:00,0.3017855920266176,0.0,0.2630625626380325,0.0,0.0,0.05,0.0,0.0,0.0,0.0,0.06099710185113591,0.0,0.015012278417397657,0.07760258934921763,0.05775342465753425,0.24906575342465745,0.0,-0.20864555567332535,0.0,9.788522969868955,0.0,0.0,0.0,0.0,0.0,0.0,0.0,0.0,0.0,0.0,0.0,0.0,0.0,0.0,0.0,0.0,0.0,0.0,0.0,0.0,0.0
2019-01-04T00:00:00-07:00,0.26832279376093193,0.0,0.2542512985517326,0.0,0.0,0.05,0.0,0.0,0.0,0.0,0.05950936765964479,0.0,0.012776407163742684,0.05173505956614509,0.02378082191780822,0.2423342465753424,0.0,-0.1718131091217512,0.0,9.669491653798698,0.0,0.0,0.0,0.0,0.0,0.0,0.0,0.0,0.0,0.0,0.0,0.0,0.0,0.0,0.0,0.0,0.0,0.0,0.0,0.0,0.0
2019-01-04T00:15:00-07:00,0.27249464467447637,0.0,0.2542512985517326,0.0,0.0,0.05,0.0,0.0,0.0,0.0,0.05950936765964479,0.0,0.012776407163742684,0.05173505956614509,0.02378082191780822,0.2423342465753424,0.0,-0.1676412582082068,0.0,9.554181454477341,0.0,0.0,0.0,0.0,0.0,0.0,0.0,0.0,0.0,0.0,0.0,0.0,0.0,0.0,0.0,0.0,0.0,0.0,0.0,0.0,0.0
2019-01-04T00:30:00-07:00,0.27663175375930993,0.0,0.2542512985517326,0.0,0.0,0.05,0.0,0.0,0.0,0.0,0.05950936765964479,0.0,0.012776407163742684,0.05173505956614509,0.02378082191780822,0.2423342465753424,0.0,-0.16350414912337327,0.0,9.440827153197988,0.0,0.0,0.0,0.0,0.0,0.0,0.0,0.0,0.0,0.0,0.0,0.0,0.0,0.0,0.0,0.0,0.0,0.0,0.0,0.0,0.0
2019-01-04T00:45:00-07:00,0.28081599825866366,0.0,0.2542512985517326,0.0,0.0,0.05,0.0,0.0,0.0,0.0,0.05950936765964479,0.0,0.012776407163742684,0.05173505956614509,0.02378082191780822,0.2423342465753424,0.0,-0.15931990462401954,0.0,9.325385859430169,0.0,0.0,0.0,0.0,0.0,0.0,0.0,0.0,0.0,0.0,0.0,0.0,0.0,0.0,0.0,0.0,0.0,0.0,0.0,0.0,0.0
2019-01-04T01:00:00-07:00,0.2716845431056488,0.0,0.25210288066125897,0.0,0.0,0.05,0.0,0.0,0.0,0.0,0.058021633468153665,0.0,0.011818176626461983,0.04311254963845424,0.01189041095890411,0.2423342465753424,0.0,-0.14549247416166752,0.0,9.203309356092776,0.0,0.0,0.0,0.0,0.0,0.0,0.0,0.0,0.0,0.0,0.0,0.0,0.0,0.0,0.0,0.0,0.0,0.0,0.0,0.0,0.0
2019-01-04T01:15:00-07:00,0.27619112087560116,0.0,0.25210288066125897,0.0,0.0,0.05,0.0,0.0,0.0,0.0,0.058021633468153665,0.0,0.011818176626461983,0.04311254963845424,0.01189041095890411,0.2423342465753424,0.0,-0.14098589639171522,0.0,9.079510819501216,0.0,0.0,0.0,0.0,0.0,0.0,0.0,0.0,0.0,0.0,0.0,0.0,0.0,0.0,0.0,0.0,0.0,0.0,0.0,0.0,0.0
2019-01-04T01:30:00-07:00,0.28094976060638027,0.0,0.25210288066125897,0.0,0.0,0.05,0.0,0.0,0.0,0.0,0.058021633468153665,0.0,0.011818176626461983,0.04311254963845424,0.01189041095890411,0.2423342465753424,0.0,-0.1362272566609361,0.0,8.958395432972724,0.0,0.0,0.0,0.0,0.0,0.0,0.0,0.0,0.0,0.0,0.0,0.0,0.0,0.0,0.0,0.0,0.0,0.0,0.0,0.0,0.0
2019-01-04T01:45:00-07:00,0.28567473436705504,0.0,0.25210288066125897,0.0,0.0,0.05,0.0,0.0,0.0,0.0,0.058021633468153665,0.0,0.011818176626461983,0.04311254963845424,0.01189041095890411,0.2423342465753424,0.0,-0.13150228290026136,0.0,8.842899343532785,0.0,0.0,0.0,0.0,0.0,0.0,0.0,0.0,0.0,0.0,0.0,0.0,0.0,0.0,0.0,0.0,0.0,0.0,0.0,0.0,0.0
2019-01-04T02:00:00-07:00,0.2859464524878721,0.0,0.2509126933080661,0.0,0.0,0.05,0.0,0.0,0.0,0.0,0.05653389927666255,0.0,0.011818176626461983,0.04311254963845424,0.006794520547945205,0.2423342465753424,0.0,-0.12464694017699424,0.0,8.731014413410284,0.0,0.0,0.0,0.0,0.0,0.0,0.0,0.0,0.0,0.0,0.0,0.0,0.0,0.0,0.0,0.0,0.0,0.0,0.0,0.0,0.0
2019-01-04T02:15:00-07:00,0.2901361016080144,0.0,0.2509126933080661,0.0,0.0,0.05,0.0,0.0,0.0,0.0,0.05653389927666255,0.0,0.011818176626461983,0.04311254963845424,0.006794520547945205,0.2423342465753424,0.0,-0.12045729105685196,0.0,8.623207503436456,0.0,0.0,0.0,0.0,0.0,0.0,0.0,0.0,0.0,0.0,0.0,0.0,0.0,0.0,0.0,0.0,0.0,0.0,0.0,0.0,0.0
2019-01-04T02:30:00-07:00,0.2941168993140848,0.0,0.2509126933080661,0.0,0.0,0.05,0.0,0.0,0.0,0.0,0.05653389927666255,0.0,0.011818176626461983,0.04311254963845424,0.006794520547945205,0.2423342465753424,0.0,-0.11647649335078152,0.0,8.518337451088232,0.0,0.0,0.0,0.0,0.0,0.0,0.0,0.0,0.0,0.0,0.0,0.0,0.0,0.0,0.0,0.0,0.0,0.0,0.0,0.0,0.0
2019-01-04T02:45:00-07:00,0.2978992359898141,0.0,0.2509126933080661,0.0,0.0,0.05,0.0,0.0,0.0,0.0,0.05653389927666255,0.0,0.011818176626461983,0.04311254963845424,0.006794520547945205,0.2423342465753424,0.0,-0.11269415667505221,0.0,8.418702193082522,0.0,0.0,0.0,0.0,0.0,0.0,0.0,0.0,0.0,0.0,0.0,0.0,0.0,0.0,0.0,0.0,0.0,0.0,0.0,0.0,0.0
2019-01-04T03:00:00-07:00,0.29876625116335664,0.0,0.24908368559668606,0.0,0.0,0.05,0.0,0.0,0.0,0.0,0.05504616508517143,0.0,0.01117935626827485,0.04311254963845424,0.005095890410958904,0.2423342465753424,0.0,-0.10800195681484515,0.0,8.32568855829824,0.0,0.0,0.0,0.0,0.0,0.0,0.0,0.0,0.0,0.0,0.0,0.0,0.0,0.0,0.0,0.0,0.0,0.0,0.0,0.0,0.0
2019-01-04T03:15:00-07:00,0.3017789875059165,0.0,0.24908368559668606,0.0,0.0,0.05,0.0,0.0,0.0,0.0,0.05504616508517143,0.0,0.01117935626827485,0.04311254963845424,0.005095890410958904,0.2423342465753424,0.0,-0.10498922047228529,0.0,8.239681945493574,0.0,0.0,0.0,0.0,0.0,0.0,0.0,0.0,0.0,0.0,0.0,0.0,0.0,0.0,0.0,0.0,0.0,0.0,0.0,0.0,0.0
2019-01-04T03:30:00-07:00,0.3043444132447378,0.0,0.24908368559668606,0.0,0.0,0.05,0.0,0.0,0.0,0.0,0.05504616508517143,0.0,0.01117935626827485,0.04311254963845424,0.005095890410958904,0.2423342465753424,0.0,-0.10242379473346395,0.0,8.157185740649815,0.0,0.0,0.0,0.0,0.0,0.0,0.0,0.0,0.0,0.0,0.0,0.0,0.0,0.0,0.0,0.0,0.0,0.0,0.0,0.0,0.0
2019-01-04T03:45:00-07:00,0.30655908215782435,0.0,0.24908368559668606,0.0,0.0,0.05,0.0,0.0,0.0,0.0,0.05504616508517143,0.0,0.01117935626827485,0.04311254963845424,0.005095890410958904,0.2423342465753424,0.0,-0.10020912582037746,0.0,8.077716199791142,0.0,0.0,0.0,0.0,0.0,0.0,0.0,0.0,0.0,0.0,0.0,0.0,0.0,0.0,0.0,0.0,0.0,0.0,0.0,0.0,0.0
2019-01-04T04:00:00-07:00,1.0229155746452103,0.0,0.24789349824349316,0.0,0.0,0.05,0.0,0.0,0.0,0.0,0.0535584308936803,1.0,0.01117935626827485,0.04742380460229966,0.006794520547945205,0.2423342465753424,0.0,-0.3883747842423322,0.0,8.000593530798817,0.0,0.0,0.0,0.0,0.0,0.0,0.0,0.0,0.0,0.0,0.0,0.0,0.0,0.0,0.0,0.0,0.0,0.0,0.0,0.0,0.0
2019-01-04T04:15:00-07:00,1.0296347688972003,0.0,0.24789349824349316,0.0,0.0,0.05,0.0,0.0,0.0,0.0,0.0535584308936803,1.0,0.01117935626827485,0.04742380460229966,0.006794520547945205,0.2423342465753424,0.0,-0.38165558999034227,0.0,7.925404772532276,0.0,0.0,0.0,0.0,0.0,0.0,0.0,0.0,0.0,0.0,0.0,0.0,0.0,0.0,0.0,0.0,0.0,0.0,0.0,0.0,0.0
2019-01-04T04:30:00-07:00,0.31520451677672723,0.0,0.24789349824349316,0.0,0.0,0.05,0.0,0.0,0.0,0.0,0.0535584308936803,0.0,0.01117935626827485,0.04742380460229966,0.006794520547945205,0.2423342465753424,0.0,-0.09608584211081517,0.0,7.853942469960383,0.0,0.0,0.0,0.0,0.0,0.0,0.0,0.0,0.0,0.0,0.0,0.0,0.0,0.0,0.0,0.0,0.0,0.0,0.0,0.0,0.0
2019-01-04T04:45:00-07:00,1.04169620058682,0.0,0.24789349824349316,0.0,0.0,0.05,0.0,0.0,0.0,0.0,0.0535584308936803,1.0,0.01117935626827485,0.04742380460229966,0.006794520547945205,0.2423342465753424,0.0,-0.3695941583007226,0.0,7.7852797963438745,0.0,0.0,0.0,0.0,0.0,0.0,0.0,0.0,0.0,0.0,0.0,0.0,0.0,0.0,0.0,0.0,0.0,0.0,0.0,0.0,0.0
2019-01-04T05:00:00-07:00,0.34345055151143594,0.0,0.24917113895986742,0.0,0.0,0.05,0.0,0.0,0.0,0.0,0.0535584308936803,0.0,0.012456996984649119,0.07760258934921763,0.010191780821917807,0.2423342465753424,0.0,-0.10269349311337127,0.0,7.723062321172617,0.0,0.0,0.0,0.0,0.0,0.0,0.0,0.0,0.0,0.0,0.0,0.0,0.0,0.0,0.0,0.0,0.0,0.0,0.0,0.0,0.0
2019-01-04T05:15:00-07:00,0.3447450138399359,0.0,0.24917113895986742,0.0,0.0,0.05,0.0,0.0,0.0,0.0,0.0535584308936803,0.0,0.012456996984649119,0.07760258934921763,0.010191780821917807,0.2423342465753424,0.0,-0.10139903078487135,0.0,7.663191800095529,0.0,0.0,0.0,0.0,0.0,0.0,0.0,0.0,0.0,0.0,0.0,0.0,0.0,0.0,0.0,0.0,0.0,0.0,0.0,0.0,0.0
2019-01-04T05:30:00-07:00,0.34581926484879716,0.0,0.24917113895986742,0.0,0.0,0.05,0.0,0.0,0.0,0.0,0.0535584308936803,0.0,0.012456996984649119,0.07760258934921763,0.010191780821917807,0.2423342465753424,0.0,-0.10032477977601008,0.0,7.606103094953636,0.0,0.0,0.0,0.0,0.0,0.0,0.0,0.0,0.0,0.0,0.0,0.0,0.0,0.0,0.0,0.0,0.0,0.0,0.0,0.0,0.0
2019-01-04T05:45:00-07:00,0.3466574844683343,0.0,0.24917113895986742,0.0,0.0,0.05,0.0,0.0,0.0,0.0,0.0535584308936803,0.0,0.012456996984649119,0.07760258934921763,0.010191780821917807,0.2423342465753424,0.0,-0.09948656015647296,0.0,7.552163695671718,0.0,0.0,0.0,0.0,0.0,0.0,0.0,0.0,0.0,0.0,0.0,0.0,0.0,0.0,0.0,0.0,0.0,0.0,0.0,0.0,0.0
2019-01-04T06:00:00-07:00,0.4037483613652034,0.0,0.2639189755206252,0.0,0.0,0.05,0.0,0.0,0.0,0.0,0.05653389927666255,0.0,0.014054047880116953,0.1293376489153627,0.016986301369863014,0.25579726027397254,0.0,-0.1189607963507744,0.0,7.509865932143057,0.0,0.0,0.0,0.0,0.0,0.0,0.0,0.0,0.0,0.0,0.0,0.0,0.0,0.0,0.0,0.0,0.0,0.0,0.0,0.0,0.0
2019-01-04T06:15:00-07:00,0.40415842011265923,0.0,0.2639189755206252,0.0,0.0,0.05,0.0,0.0,0.0,0.0,0.05653389927666255,0.0,0.014054047880116953,0.1293376489153627,0.016986301369863014,0.25579726027397254,0.0,-0.11855073760331858,0.0,7.469197794272806,0.0,0.0,0.0,0.0,0.0,0.0,0.0,0.0,0.0,0.0,0.0,0.0,0.0,0.0,0.0,0.0,0.0,0.0,0.0,0.0,0.0
2019-01-04T06:30:00-07:00,0.4042418167645384,0.0,0.2639189755206252,0.0,0.0,0.05,0.0,0.0,0.0,0.0,0.05653389927666255,0.0,0.014054047880116953,0.1293376489153627,0.016986301369863014,0.25579726027397254,0.0,-0.11846734095143943,0.0,7.43187207009283,0.0,0.0,0.0,0.0,0.0,0.0,0.0,0.0,0.0,0.0,0.0,0.0,0.0,0.0,0.0,0.0,0.0,0.0,0.0,0.0,0.0
2019-01-04T06:45:00-07:00,5.904013195226927,0.0,0.2639189755206252,0.0,0.0,0.05,0.0,0.0,0.0,0.0,0.05653389927666255,0.0,0.014054047880116953,0.1293376489153627,0.016986301369863014,0.25579726027397254,0.0,-0.11876073317905107,0.0,7.398650908040274,0.0,0.0,0.0,0.0,0.0,0.0,0.0,0.0,0.0,0.0,0.0,0.0,0.0,0.0,0.0,0.0,0.0,0.0,0.0,0.0,0.0
2019-01-04T07:00:00-07:00,0.4512487225479287,0.0,0.28149673612808646,0.0,0.0,0.05,0.0,0.0,0.0,0.0,0.05950936765964479,0.0,0.013095817342836253,0.1638276886261261,0.02547945205479452,0.2759917808219177,0.0,-0.1366553839573907,0.0,7.378527260526837,0.0,0.0,0.0,0.0,0.0,0.0,0.0,0.0,0.0,0.0,0.0,0.0,0.0,0.0,0.0,0.0,0.0,0.0,0.0,0.0,0.0
2019-01-04T07:15:00-07:00,0.44985610194061637,0.0,0.28149673612808646,0.0,0.0,0.05,0.0,0.0,0.0,0.0,0.05950936765964479,0.0,0.013095817342836253,0.1638276886261261,0.02547945205479452,0.2759917808219177,0.0,-0.13804800456470306,0.0,7.361404687920758,0.0,0.0,0.0,0.0,0.0,0.0,0.0,0.0,0.0,0.0,0.0,0.0,0.0,0.0,0.0,0.0,0.0,0.0,0.0,0.0,0.0
2019-01-04T07:30:00-07:00,0.2811365895301591,0.0,0.28149673612808646,0.0,0.0,0.05,0.0,0.0,0.0,0.0,0.05950936765964479,0.0,0.013095817342836253,0.1638276886261261,0.02547945205479452,0.2759917808219177,0.22827284275371973,-0.07849467422144064,0.0,7.389548227392017,0.0,0.0,0.0,0.0,0.0,0.0,0.0,0.0,0.0,0.0,0.0,0.0,0.0,0.0,0.0,0.0,0.0,0.0,0.0,0.0,0.0
2019-01-04T07:45:00-07:00,0.21727813423614684,0.0,0.28149673612808646,0.0,0.0,0.05,0.0,0.0,0.0,0.0,0.05950936765964479,0.0,0.013095817342836253,0.1638276886261261,0.02547945205479452,0.2759917808219177,0.31426649635414816,-0.056359475915024417,0.0,7.424437424488038,0.0,0.0,0.0,0.0,0.0,0.0,0.0,0.0,0.0,0.0,0.0,0.0,0.0,0.0,0.0,0.0,0.0,0.0,0.0,0.0,0.0
2019-01-04T08:00:00-07:00,0.20093163152962196,0.0,0.28487802716979577,0.0,0.0,0.05,0.0,0.0,0.0,0.0,0.06099710185113591,0.0,0.009901715551900581,0.1767614535176624,0.03397260273972603,0.28272328767123284,0.36166978865968785,-0.051754741142348,0.0,7.460478601296514,0.0,0.0,0.0,0.0,0.0,0.0,0.0,0.0,0.0,0.0,0.0,0.0,0.0,0.0,0.0,0.0,0.0,0.0,0.0,0.0,0.0
2019-01-04T08:15:00-07:00,0.17932860229975395,0.0,0.28487802716979577,0.0,0.0,0.05,0.0,0.0,0.0,0.0,0.06099710185113591,0.0,0.009901715551900581,0.1767614535176624,0.03397260273972603,0.28272328767123284,0.39008694246678416,-0.04494061656511973,0.0,7.494601860658244,0.0,0.0,0.0,0.0,0.0,0.0,0.0,0.0,0.0,0.0,0.0,0.0,0.0,0.0,0.0,0.0,0.0,0.0,0.0,0.0,0.0
2019-01-04T08:30:00-07:00,-0.03514840228011373,0.0,0.28487802716979577,0.0,0.0,0.05,0.0,0.0,0.0,0.0,0.06099710185113591,0.0,0.009901715551900581,0.1767614535176624,0.03397260273972603,0.28272328767123284,0.6545045636117716,0.005,0.0,7.554699949317078,0.0,0.0,0.0,0.0,0.0,0.0,0.0,0.0,0.0,0.0,0.0,0.0,0.0,0.0,0.0,0.0,0.0,0.0,0.0,0.0,0.0
2019-01-04T08:45:00-07:00,-0.06367629142971776,0.0,0.28487802716979577,0.0,0.0,0.05,0.0,0.0,0.0,0.0,0.06099710185113591,0.0,0.009901715551900581,0.1767614535176624,0.03397260273972603,0.28272328767123284,0.6830324527613756,0.005,0.0,7.614645582886316,0.0,0.0,0.0,0.0,0.0,0.0,0.0,0.0,0.0,0.0,0.0,0.0,0.0,0.0,0.0,0.0,0.0,0.0,0.0,0.0,0.0
2019-01-04T09:00:00-07:00,-0.08441635133621483,0.0,0.2829615660952344,0.0,0.0,0.05,0.0,0.0,0.0,0.0,0.06099710185113591,0.0,0.007985254477339178,0.1767614535176624,0.04246575342465753,0.28272328767123284,0.7103492022782427,0.005,0.0,7.67785753701088,0.0,0.0,0.0,0.0,0.0,0.0,0.0,0.0,0.0,0.0,0.0,0.0,0.0,0.0,0.0,0.0,0.0,0.0,0.0,0.0,0.0
2019-01-04T09:15:00-07:00,-0.11019563966475199,0.0,0.2829615660952344,0.0,0.0,0.05,0.0,0.0,0.0,0.0,0.06099710185113591,0.0,0.007985254477339178,0.1767614535176624,0.04246575342465753,0.28272328767123284,0.7361284906067799,0.005,0.0,7.74456220925435,0.0,0.0,0.0,0.0,0.0,0.0,0.0,0.0,0.0,0.0,0.0,0.0,0.0,0.0,0.0,0.0,0.0,0.0,0.0,0.0,0.0
2019-01-04T09:30:00-07:00,-0.4053646496606773,0.0,0.2829615660952344,0.0,0.0,0.05,0.0,0.0,0.0,0.0,0.06099710185113591,0.0,0.007985254477339178,0.1767614535176624,0.04246575342465753,0.28272328767123284,1.0312975006027052,0.005,0.0,7.832043019961808,0.0,0.0,0.0,0.0,0.0,0.0,0.0,0.0,0.0,0.0,0.0,0.0,0.0,0.0,0.0,0.0,0.0,0.0,0.0,0.0,0.0
2019-01-04T09:45:00-07:00,-0.4242547589804959,0.0,0.2829615660952344,0.0,0.0,0.05,0.0,0.0,0.0,0.0,0.06099710185113591,0.0,0.007985254477339178,0.1767614535176624,0.04246575342465753,0.28272328767123284,1.0501876099225238,0.005,0.0,7.918324330937728,0.0,0.0,0.0,0.0,0.0,0.0,0.0,0.0,0.0,0.0,0.0,0.0,0.0,0.0,0.0,0.0,0.0,0.0,0.0,0.0,0.0
2019-01-04T10:00:00-07:00,-0.44685492276303707,0.0,0.2814519685629479,0.0,0.0,0.05,0.0,0.0,0.0,0.0,0.05950936765964479,0.0,0.007665844298245611,0.16813894358997156,0.04756164383561644,0.28272328767123284,1.0674540098177483,0.005,0.0,8.003194333648745,0.0,0.0,0.0,0.0,0.0,0.0,0.0,0.0,0.0,0.0,0.0,0.0,0.0,0.0,0.0,0.0,0.0,0.0,0.0,0.0,0.0
2019-01-04T10:15:00-07:00,-0.46301556133209176,0.0,0.2814519685629479,0.0,0.0,0.05,0.0,0.0,0.0,0.0,0.05950936765964479,0.0,0.007665844298245611,0.16813894358997156,0.04756164383561644,0.28272328767123284,1.083614648386803,0.005,0.0,8.087304225003495,0.0,0.0,0.0,0.0,0.0,0.0,0.0,0.0,0.0,0.0,0.0,0.0,0.0,0.0,0.0,0.0,0.0,0.0,0.0,0.0,0.0
2019-01-04T10:30:00-07:00,5.306564548036292,0.0,0.2814519685629479,0.0,0.0,0.05,0.0,0.0,0.0,0.0,0.05950936765964479,0.0,0.007665844298245611,0.16813894358997156,0.04756164383561644,0.28272328767123284,0.8140993097084196,0.005,0.0,8.140180961478308,0.0,0.0,0.0,0.0,0.0,0.0,0.0,0.0,0.0,0.0,0.0,0.0,0.0,0.0,0.0,0.0,0.0,0.0,0.0,0.0,0.0
2019-01-04T10:45:00-07:00,-0.18800358238314407,0.0,0.2814519685629479,0.0,0.0,0.05,0.0,0.0,0.0,0.0,0.05950936765964479,0.0,0.007665844298245611,0.16813894358997156,0.04756164383561644,0.28272328767123284,0.8086026694378553,0.005,0.0,8.196274978062364,0.0,0.0,0.0,0.0,0.0,0.0,0.0,0.0,0.0,0.0,0.0,0.0,0.0,0.0,0.0,0.0,0.0,0.0,0.0,0.0,0.0
2019-01-04T11:00:00-07:00,-0.18768252424894993,0.0,0.2814519685629479,0.0,0.0,0.05,0.0,0.0,0.0,0.0,0.05950936765964479,0.0,0.007665844298245611,0.15951643366228066,0.05265753424657534,0.28272328767123284,0.8047549917869292,0.005,0.0,8.252133762037152,0.0,0.0,0.0,0.0,0.0,0.0,0.0,0.0,0.0,0.0,0.0,0.0,0.0,0.0,0.0,0.0,0.0,0.0,0.0,0.0,0.0
2019-01-04T11:15:00-07:00,-0.18483016478390424,0.0,0.2814519685629479,0.0,0.0,0.05,0.0,0.0,0.0,0.0,0.05950936765964479,0.0,0.007665844298245611,0.15951643366228066,0.05265753424657534,0.28272328767123284,0.8019026323218835,0.005,0.0,8.307817826053748,0.0,0.0,0.0,0.0,0.0,0.0,0.0,0.0,0.0,0.0,0.0,0.0,0.0,0.0,0.0,0.0,0.0,0.0,0.0,0.0,0.0
2019-01-04T11:30:00-07:00,-0.28887901278253847,0.0,0.2814519685629479,0.0,0.0,0.05,0.0,0.0,0.0,0.0,0.05950936765964479,0.0,0.007665844298245611,0.15951643366228066,0.05265753424657534,0.28272328767123284,0.9059514803205178,0.005,0.0,8.372573938538249,0.0,0.0,0.0,0.0,0.0,0.0,0.0,0.0,0.0,0.0,0.0,0.0,0.0,0.0,0.0,0.0,0.0,0.0,0.0,0.0,0.0
2019-01-04T11:45:00-07:00,-0.28474387595467554,0.0,0.2814519685629479,0.0,0.0,0.05,0.0,0.0,0.0,0.0,0.05950936765964479,0.0,0.007665844298245611,0.15951643366228066,0.05265753424657534,0.28272328767123284,0.9018163434926548,0.005,0.0,8.438681287978373,0.0,0.0,0.0,0.0,0.0,0.0,0.0,0.0,0.0,0.0,0.0,0.0,0.0,0.0,0.0,0.0,0.0,0.0,0.0,0.0,0.0
2019-01-04T12:00:00-07:00,-0.2769589744059586,0.0,0.28415175344842725,0.0,0.0,0.05,0.0,0.0,0.0,0.0,0.06248483604262702,0.0,0.007985254477339178,0.15520517869843525,0.05605479452054794,0.28272328767123284,0.8964123258161408,0.005,0.0,8.509536132730146,0.0,0.0,0.0,0.0,0.0,0.0,0.0,0.0,0.0,0.0,0.0,0.0,0.0,0.0,0.0,0.0,0.0,0.0,0.0,0.0,0.0
2019-01-04T12:15:00-07:00,-0.2719024605742564,0.0,0.28415175344842725,0.0,0.0,0.05,0.0,0.0,0.0,0.0,0.06248483604262702,0.0,0.007985254477339178,0.15520517869843525,0.05605479452054794,0.28272328767123284,0.8913558119844386,0.005,0.0,8.585198884853497,0.0,0.0,0.0,0.0,0.0,0.0,0.0,0.0,0.0,0.0,0.0,0.0,0.0,0.0,0.0,0.0,0.0,0.0,0.0,0.0,0.0
2019-01-04T12:30:00-07:00,-0.10009563563822266,0.0,0.28415175344842725,0.0,0.0,0.05,0.0,0.0,0.0,0.0,0.06248483604262702,0.0,0.007985254477339178,0.15520517869843525,0.05605479452054794,0.28272328767123284,0.7195489870484049,0.005,0.0,8.650007016548074,0.0,0.0,0.0,0.0,0.0,0.0,0.0,0.0,0.0,0.0,0.0,0.0,0.0,0.0,0.0,0.0,0.0,0.0,0.0,0.0,0.0
2019-01-04T12:45:00-07:00,-0.09941325508375498,0.0,0.28415175344842725,0.0,0.0,0.05,0.0,0.0,0.0,0.0,0.06248483604262702,0.0,0.007985254477339178,0.15520517869843525,0.05605479452054794,0.28272328767123284,0.7188666064939372,0.005,0.0,8.717327044835677,0.0,0.0,0.0,0.0,0.0,0.0,0.0,0.0,0.0,0.0,0.0,0.0,0.0,0.0,0.0,0.0,0.0,0.0,0.0,0.0,0.0
2019-01-04T13:00:00-07:00,-0.09483953995714678,0.0,0.28510998398570797,0.0,0.0,0.05,0.0,0.0,0.0,0.0,0.06248483604262702,0.0,0.008943485014619881,0.15089392373458985,0.06454794520547945,0.28272328767123284,0.7194330176256959,0.005,0.0,8.785898388911022,0.0,0.0,0.0,0.0,0.0,0.0,0.0,0.0,0.0,0.0,0.0,0.0,0.0,0.0,0.0,0.0,0.0,0.0,0.0,0.0,0.0
2019-01-04T13:15:00-07:00,-0.09641325195344974,0.0,0.28510998398570797,0.0,0.0,0.05,0.0,0.0,0.0,0.0,0.06248483604262702,0.0,0.008943485014619881,0.15089392373458985,0.06454794520547945,0.28272328767123284,0.7210067296219989,0.005,0.0,8.854508013335613,0.0,0.0,0.0,0.0,0.0,0.0,0.0,0.0,0.0,0.0,0.0,0.0,0.0,0.0,0.0,0.0,0.0,0.0,0.0,0.0,0.0
2019-01-04T13:30:00-07:00,-0.01355195491187533,0.0,0.28510998398570797,0.0,0.0,0.05,0.0,0.0,0.0,0.0,0.06248483604262702,0.0,0.008943485014619881,0.15089392373458985,0.06454794520547945,0.28272328767123284,0.6381454325804244,0.005,0.0,8.917531393371215,0.0,0.0,0.0,0.0,0.0,0.0,0.0,0.0,0.0,0.0,0.0,0.0,0.0,0.0,0.0,0.0,0.0,0.0,0.0,0.0,0.0
2019-01-04T13:45:00-07:00,-0.015794885936328718,0.0,0.28510998398570797,0.0,0.0,0.05,0.0,0.0,0.0,0.0,0.06248483604262702,0.0,0.008943485014619881,0.15089392373458985,0.06454794520547945,0.28272328767123284,0.6403883636048778,0.005,0.0,8.98247294693088,0.0,0.0,0.0,0.0,0.0,0.0,0.0,0.0,0.0,0.0,0.0,0.0,0.0,0.0,0.0,0.0,0.0,0.0,0.0,0.0,0.0
2019-01-04T14:00:00-07:00,-0.003137516544069574,0.0,0.2857488043438951,0.0,0.0,0.05,0.0,0.0,0.0,0.0,0.06248483604262702,0.0,0.009582305372807014,0.15951643366228066,0.07134246575342466,0.28272328767123284,0.6437868450464419,0.005,0.0,9.051006002129572,0.0,0.0,0.0,0.0,0.0,0.0,0.0,0.0,0.0,0.0,0.0,0.0,0.0,0.0,0.0,0.0,0.0,0.0,0.0,0.0,0.0
2019-01-04T14:15:00-07:00,0.05498411459236874,0.0,0.2857488043438951,0.0,0.0,0.05,0.0,0.0,0.0,0.0,0.06248483604262702,0.0,0.009582305372807014,0.15951643366228066,0.07134246575342466,0.28272328767123284,0.6492527478970808,0.0685875339870772,0.0,9.12044185176127,0.0,0.0,0.0,0.0,0.0,0.0,0.0,0.0,0.0,0.0,0.0,0.0,0.0,0.0,0.0,0.0,0.0,0.0,0.0,0.0,0.0
2019-01-04T14:30:00-07:00,0.054987928673136066,0.0,0.2857488043438951,0.0,0.0,0.05,0.0,0.0,0.0,0.0,0.06248483604262702,0.0,0.009582305372807014,0.15951643366228066,0.07134246575342466,0.28272328767123284,0.6411036656107657,0.060442265781529454,0.0,9.193121668012555,0.0,0.0,0.0,0.0,0.0,0.0,0.0,0.0,0.0,0.0,0.0,0.0,0.0,0.0,0.0,0.0,0.0,0.0,0.0,0.0,0.0
2019-01-04T14:45:00-07:00,0.05498937801696824,0.0,0.2857488043438951,0.0,0.0,0.05,0.0,0.0,0.0,0.0,0.06248483604262702,0.0,0.009582305372807014,0.15951643366228066,0.07134246575342466,0.28272328767123284,0.6376768703188761,0.05701691983347203,0.0,9.263327386517803,0.0,0.0,0.0,0.0,0.0,0.0,0.0,0.0,0.0,0.0,0.0,0.0,0.0,0.0,0.0,0.0,0.0,0.0,0.0,0.0,0.0
2019-01-04T15:00:00-07:00,0.3258844360681681,0.0,0.2969260788450741,0.0,0.0,0.05,0.0,0.0,0.0,0.0,0.06099710185113591,1.0,0.01117935626827485,0.1767614535176624,0.07813698630136985,0.2961863013698629,0.6373743069340396,-0.7100024563060985,0.0,9.335209221105071,0.0,0.0,0.0,0.0,0.0,0.0,0.0,0.0,0.0,0.0,0.0,0.0,0.0,0.0,0.0,0.0,0.0,0.0,0.0,0.0,0.0
2019-01-04T15:15:00-07:00,0.05499849013218572,0.0,0.2969260788450741,0.0,0.0,0.05,0.0,0.0,0.0,0.0,0.06099710185113591,0.0,0.01117935626827485,0.1767614535176624,0.07813698630136985,0.2961863013698629,0.6428312068863072,0.02456849771018694,0.0,9.404399221605587,0.0,0.0,0.0,0.0,0.0,0.0,0.0,0.0,0.0,0.0,0.0,0.0,0.0,0.0,0.0,0.0,0.0,0.0,0.0,0.0,0.0
2019-01-04T15:30:00-07:00,0.1254963972508505,0.0,0.2969260788450741,0.0,0.0,0.05,0.0,0.0,0.0,0.0,0.06099710185113591,0.0,0.01117935626827485,0.1767614535176624,0.07813698630136985,0.2961863013698629,0.33440987351091594,-0.2133549285465396,0.0,9.446731244326733,0.0,0.0,0.0,0.0,0.0,0.0,0.0,0.0,0.0,0.0,0.0,0.0,0.0,0.0,0.0,0.0,0.0,0.0,0.0,0.0,0.0
2019-01-04T15:45:00-07:00,0.12391272297506328,0.0,0.2969260788450741,0.0,0.0,0.05,0.0,0.0,0.0,0.0,0.06099710185113591,0.0,0.01117935626827485,0.1767614535176624,0.07813698630136985,0.2961863013698629,0.32605174930504605,-0.22329672702819667,0.0,9.486182389968974,0.0,0.0,0.0,0.0,0.0,0.0,0.0,0.0,0.0,0.0,0.0,0.0,0.0,0.0,0.0,0.0,0.0,0.0,0.0,0.0,0.0
2019-01-04T16:00:00-07:00,0.3640956103039563,0.0,0.3195269489548511,0.0,0.0,0.05,0.0,0.0,0.0,0.0,0.06546030442560927,1.0,0.014054047880116953,0.2155627481922712,0.09172602739726027,0.31638082191780814,0.3242162741072689,-1.0648720654018407,0.0,9.530829775835079,0.0,0.0,0.0,0.0,0.0,0.0,0.0,0.0,0.0,0.0,0.0,0.0,0.0,0.0,0.0,0.0,0.0,0.0,0.0,0.0,0.0
2019-01-04T16:15:00-07:00,0.3491446941808203,0.0,0.3195269489548511,0.0,0.0,0.05,0.0,0.0,0.0,0.0,0.06546030442560927,1.0,0.014054047880116953,0.2155627481922712,0.09172602739726027,0.31638082191780814,0.3308984210145853,-1.0731408346176603,0.0,9.572797243995714,0.0,0.0,0.0,0.0,0.0,0.0,0.0,0.0,0.0,0.0,0.0,0.0,0.0,0.0,0.0,0.0,0.0,0.0,0.0,0.0,0.0
2019-01-04T16:30:00-07:00,0.3739709542931633,0.0,0.3195269489548511,0.0,0.0,0.05,0.0,0.0,0.0,0.0,0.06546030442560927,1.0,0.014054047880116953,0.2155627481922712,0.09172602739726027,0.31638082191780814,0.160854926392076,-1.2183580691278266,0.0,9.595264164148436,0.0,0.0,0.0,0.0,0.0,0.0,0.0,0.0,0.0,0.0,0.0,0.0,0.0,0.0,0.0,0.0,0.0,0.0,0.0,0.0,0.0
2019-01-04T16:45:00-07:00,0.36553559563544136,0.0,0.3195269489548511,0.0,0.0,0.05,0.0,0.0,0.0,0.0,0.06546030442560927,1.0,0.014054047880116953,0.2155627481922712,0.09172602739726027,0.31638082191780814,0.14555596441912558,-1.242092389758499,0.0,9.618761784631571,0.0,0.0,0.0,0.0,0.0,0.0,0.0,0.0,0.0,0.0,0.0,0.0,0.0,0.0,0.0,0.0,0.0,0.0,0.0,0.0,0.0
2019-01-04T17:00:00-07:00,0.3787057552943667,0.0,0.3442762369551017,0.0,0.0,0.05,0.0,0.0,0.0,0.0,0.07141124119157374,1.0,0.017886970029239762,0.2802315726499526,0.10531506849315068,0.3365753424657534,0.1298749941165307,-1.3528394454187729,0.0,9.654432295941142,0.0,0.0,0.0,0.0,0.0,0.0,0.0,0.0,0.0,0.0,0.0,0.0,0.0,0.0,0.0,0.0,0.0,0.0,0.0,0.0,0.0
2019-01-04T17:15:00-07:00,5.682276971227138,0.0,0.3442762369551017,0.0,0.0,0.05,0.0,0.0,0.0,0.0,0.07141124119157374,0.0,0.017886970029239762,0.2802315726499526,0.10531506849315068,0.3365753424657534,0.11387769389234187,-0.5653303004001909,0.0,9.686981705728101,0.0,0.0,0.0,0.0,0.0,0.0,0.0,0.0,0.0,0.0,0.0,0.0,0.0,0.0,0.0,0.0,0.0,0.0,0.0,0.0,0.0
2019-01-04T17:30:00-07:00,1.2909570641644392,0.0,0.3442762369551017,0.0,0.0,0.05,0.0,0.0,0.0,0.0,0.07141124119157374,1.0,0.017886970029239762,0.2802315726499526,0.10531506849315068,0.3365753424657534,0.0,-0.5704631306652309,0.0,9.697436682986194,0.0,0.0,0.0,0.0,0.0,0.0,0.0,0.0,0.0,0.0,0.0,0.0,0.0,0.0,0.0,0.0,0.0,0.0,0.0,0.0,0.0
2019-01-04T17:45:00-07:00,1.8664201948296701,0.0,0.3442762369551017,0.0,0.0,0.05,0.0,0.0,0.0,0.0,0.07141124119157374,1.0,0.017886970029239762,0.2802315726499526,0.10531506849315068,0.3365753424657534,0.0,0.005,0.0,9.708992967332755,0.0,0.0,0.0,0.0,0.0,0.0,0.0,0.0,0.0,0.0,0.0,0.0,0.0,0.0,0.0,0.0,0.0,0.0,0.0,0.0,0.0
2019-01-04T18:00:00-07:00,0.9997941482012233,0.0,0.35459709857368804,0.0,0.0,0.05,0.0,0.0,0.0,0.0,0.07438670957455598,0.0,0.020442251461988296,0.3707679268907064,0.1358904109589041,0.3433068493150684,0.0,0.005,0.0,9.733838450150353,0.0,0.0,0.0,0.0,0.0,0.0,0.0,0.0,0.0,0.0,0.0,0.0,0.0,0.0,0.0,0.0,0.0,0.0,0.0,0.0,0.0
2019-01-04T18:15:00-07:00,0.9997941482012233,0.0,0.35459709857368804,0.0,0.0,0.05,0.0,0.0,0.0,0.0,0.07438670957455598,0.0,0.020442251461988296,0.3707679268907064,0.1358904109589041,0.3433068493150684,0.0,0.005,0.0,9.753476885345307,0.0,0.0,0.0,0.0,0.0,0.0,0.0,0.0,0.0,0.0,0.0,0.0,0.0,0.0,0.0,0.0,0.0,0.0,0.0,0.0,0.0
2019-01-04T18:30:00-07:00,0.9997941482012233,0.0,0.35459709857368804,0.0,0.0,0.05,0.0,0.0,0.0,0.0,0.07438670957455598,0.0,0.020442251461988296,0.3707679268907064,0.1358904109589041,0.3433068493150684,0.0,0.005,0.0,9.77008028152823,0.0,0.0,0.0,0.0,0.0,0.0,0.0,0.0,0.0,0.0,0.0,0.0,0.0,0.0,0.0,0.0,0.0,0.0,0.0,0.0,0.0
2019-01-04T18:45:00-07:00,0.9997941482012233,0.0,0.35459709857368804,0.0,0.0,0.05,0.0,0.0,0.0,0.0,0.07438670957455598,0.0,0.020442251461988296,0.3707679268907064,0.1358904109589041,0.3433068493150684,0.0,0.005,0.0,9.786660823611516,0.0,0.0,0.0,0.0,0.0,0.0,0.0,0.0,0.0,0.0,0.0,0.0,0.0,0.0,0.0,0.0,0.0,0.0,0.0,0.0,0.0
2019-01-04T19:00:00-07:00,1.1285488170717979,0.0,0.3481091591042245,0.0,0.0,0.05,0.0,0.0,0.0,0.0,0.07141124119157374,0.0,0.02171989217836257,0.456993026167615,0.18684931506849314,0.3365753424657534,0.0,0.005,0.0,9.818161890787023,0.0,0.0,0.0,0.0,0.0,0.0,0.0,0.0,0.0,0.0,0.0,0.0,0.0,0.0,0.0,0.0,0.0,0.0,0.0,0.0,0.0
2019-01-04T19:15:00-07:00,1.1285488170717979,0.0,0.3481091591042245,0.0,0.0,0.05,0.0,0.0,0.0,0.0,0.07141124119157374,0.0,0.02171989217836257,0.456993026167615,0.18684931506849314,0.3365753424657534,0.0,0.005,0.0,9.847646351797232,0.0,0.0,0.0,0.0,0.0,0.0,0.0,0.0,0.0,0.0,0.0,0.0,0.0,0.0,0.0,0.0,0.0,0.0,0.0,0.0,0.0
2019-01-04T19:30:00-07:00,1.1285488170717979,0.0,0.3481091591042245,0.0,0.0,0.05,0.0,0.0,0.0,0.0,0.07141124119157374,0.0,0.02171989217836257,0.456993026167615,0.18684931506849314,0.3365753424657534,0.0,0.005,0.0,9.875834808792082,0.0,0.0,0.0,0.0,0.0,0.0,0.0,0.0,0.0,0.0,0.0,0.0,0.0,0.0,0.0,0.0,0.0,0.0,0.0,0.0,0.0
2019-01-04T19:45:00-07:00,1.1285488170717979,0.0,0.3481091591042245,0.0,0.0,0.05,0.0,0.0,0.0,0.0,0.07141124119157374,0.0,0.02171989217836257,0.456993026167615,0.18684931506849314,0.3365753424657534,0.0,0.005,0.0,9.900615166616051,0.0,0.0,0.0,0.0,0.0,0.0,0.0,0.0,0.0,0.0,0.0,0.0,0.0,0.0,0.0,0.0,0.0,0.0,0.0,0.0,0.0
2019-01-04T20:00:00-07:00,1.1688517724089438,0.0,0.3367873811503146,0.0,0.0,0.05,0.0,0.0,0.0,0.0,0.06992350700008262,0.0,0.0223587125365497,0.47423804602299663,0.22421917808219177,0.3231123287671232,0.0,0.005,0.0,9.925701566995226,0.0,0.0,0.0,0.0,0.0,0.0,0.0,0.0,0.0,0.0,0.0,0.0,0.0,0.0,0.0,0.0,0.0,0.0,0.0,0.0,0.0
2019-01-04T20:15:00-07:00,6.668916543098944,0.0,0.3367873811503146,0.0,0.0,0.05,0.0,0.0,0.0,0.0,0.06992350700008262,0.0,0.0223587125365497,0.47423804602299663,0.22421917808219177,0.3231123287671232,0.0,0.005,0.0,9.946070112897685,0.0,0.0,0.0,0.0,0.0,0.0,0.0,0.0,0.0,0.0,0.0,0.0,0.0,0.0,0.0,0.0,0.0,0.0,0.0,0.0,0.0
2019-01-04T20:30:00-07:00,1.1688517724089438,0.0,0.3367873811503146,0.0,0.0,0.05,0.0,0.0,0.0,0.0,0.06992350700008262,0.0,0.0223587125365497,0.47423804602299663,0.22421917808219177,0.3231123287671232,0.0,0.005,0.0,9.962581143168107,0.0,0.0,0.0,0.0,0.0,0.0,0.0,0.0,0.0,0.0,0.0,0.0,0.0,0.0,0.0,0.0,0.0,0.0,0.0,0.0,0.0
2019-01-04T20:45:00-07:00,1.1688517724089438,0.0,0.3367873811503146,0.0,0.0,0.05,0.0,0.0,0.0,0.0,0.06992350700008262,0.0,0.0223587125365497,0.47423804602299663,0.22421917808219177,0.3231123287671232,0.0,0.005,0.0,9.976947965899333,0.0,0.0,0.0,0.0,0.0,0.0,0.0,0.0,0.0,0.0,0.0,0.0,0.0,0.0,0.0,0.0,0.0,0.0,0.0,0.0,0.0
2019-01-04T21:00:00-07:00,0.9933016450866125,0.0,0.3124593209838456,0.0,0.0,0.05,0.0,0.0,0.0,0.0,0.06843577280859149,0.0,0.020761661641081865,0.3405891421437885,0.21232876712328766,0.2961863013698629,0.0,0.005,0.0,9.970571048105624,0.0,0.0,0.0,0.0,0.0,0.0,0.0,0.0,0.0,0.0,0.0,0.0,0.0,0.0,0.0,0.0,0.0,0.0,0.0,0.0,0.0
2019-01-04T21:15:00-07:00,6.493366415776612,0.0,0.3124593209838456,0.0,0.0,0.05,0.0,0.0,0.0,0.0,0.06843577280859149,0.0,0.020761661641081865,0.3405891421437885,0.21232876712328766,0.2961863013698629,0.0,0.005,0.0,9.967240211210468,0.0,0.0,0.0,0.0,0.0,0.0,0.0,0.0,0.0,0.0,0.0,0.0,0.0,0.0,0.0,0.0,0.0,0.0,0.0,0.0,0.0
2019-01-04T21:30:00-07:00,0.9933016450866125,0.0,0.3124593209838456,0.0,0.0,0.05,0.0,0.0,0.0,0.0,0.06843577280859149,0.0,0.020761661641081865,0.3405891421437885,0.21232876712328766,0.2961863013698629,0.0,0.005,0.0,9.967012299551698,0.0,0.0,0.0,0.0,0.0,0.0,0.0,0.0,0.0,0.0,0.0,0.0,0.0,0.0,0.0,0.0,0.0,0.0,0.0,0.0,0.0
2019-01-04T21:45:00-07:00,0.9933016450866125,0.0,0.3124593209838456,0.0,0.0,0.05,0.0,0.0,0.0,0.0,0.06843577280859149,0.0,0.020761661641081865,0.3405891421437885,0.21232876712328766,0.2961863013698629,0.0,0.005,0.0,9.966245347441202,0.0,0.0,0.0,0.0,0.0,0.0,0.0,0.0,0.0,0.0,0.0,0.0,0.0,0.0,0.0,0.0,0.0,0.0,0.0,0.0,0.0
2019-01-04T22:00:00-07:00,0.7108522675292139,0.0,0.28566343274780953,0.0,0.0,0.05,0.0,0.0,0.0,0.0,0.06546030442560927,0.0,0.017886970029239762,0.17245019855381696,0.1307945205479452,0.26926027397260266,0.0,0.005,0.0,9.93379434157538,0.0,0.0,0.0,0.0,0.0,0.0,0.0,0.0,0.0,0.0,0.0,0.0,0.0,0.0,0.0,0.0,0.0,0.0,0.0,0.0,0.0
2019-01-04T22:15:00-07:00,0.7108522675292139,0.0,0.28566343274780953,0.0,0.0,0.05,0.0,0.0,0.0,0.0,0.06546030442560927,0.0,0.017886970029239762,0.17245019855381696,0.1307945205479452,0.26926027397260266,0.0,0.005,0.0,9.907944465125551,0.0,0.0,0.0,0.0,0.0,0.0,0.0,0.0,0.0,0.0,0.0,0.0,0.0,0.0,0.0,0.0,0.0,0.0,0.0,0.0,0.0
2019-01-04T22:30:00-07:00,0.7108522675292139,0.0,0.28566343274780953,0.0,0.0,0.05,0.0,0.0,0.0,0.0,0.06546030442560927,0.0,0.017886970029239762,0.17245019855381696,0.1307945205479452,0.26926027397260266,0.0,0.005,0.0,9.886303292354375,0.0,0.0,0.0,0.0,0.0,0.0,0.0,0.0,0.0,0.0,0.0,0.0,0.0,0.0,0.0,0.0,0.0,0.0,0.0,0.0,0.0
2019-01-04T22:45:00-07:00,0.7108522675292139,0.0,0.28566343274780953,0.0,0.0,0.05,0.0,0.0,0.0,0.0,0.06546030442560927,0.0,0.017886970029239762,0.17245019855381696,0.1307945205479452,0.26926027397260266,0.0,0.005,0.0,9.872546282677705,0.0,0.0,0.0,0.0,0.0,0.0,0.0,0.0,0.0,0.0,0.0,0.0,0.0,0.0,0.0,0.0,0.0,0.0,0.0,0.0,0.0
2019-01-04T23:00:00-07:00,0.5154311476999429,0.0,0.2630625626380325,0.0,0.0,0.05,0.0,0.0,0.0,0.0,0.06099710185113591,0.0,0.015012278417397657,0.07760258934921763,0.05775342465753425,0.24906575342465745,0.0,0.005,0.0,9.849361087795804,0.0,0.0,0.0,0.0,0.0,0.0,0.0,0.0,0.0,0.0,0.0,0.0,0.0,0.0,0.0,0.0,0.0,0.0,0.0,0.0,0.0
2019-01-04T23:15:00-07:00,0.5154311476999429,0.0,0.2630625626380325,0.0,0.0,0.05,0.0,0.0,0.0,0.0,0.06099710185113591,0.0,0.015012278417397657,0.07760258934921763,0.05775342465753425,0.24906575342465745,0.0,0.005,0.0,9.840998365129966,0.0,0.0,0.0,0.0,0.0,0.0,0.0,0.0,0.0,0.0,0.0,0.0,0.0,0.0,0.0,0.0,0.0,0.0,0.0,0.0,0.0
2019-01-04T23:30:00-07:00,0.5154311476999429,0.0,0.2630625626380325,0.0,0.0,0.05,0.0,0.0,0.0,0.0,0.06099710185113591,0.0,0.015012278417397657,0.07760258934921763,0.05775342465753425,0.24906575342465745,0.0,0.005,0.0,9.839262113845692,0.0,0.0,0.0,0.0,0.0,0.0,0.0,0.0,0.0,0.0,0.0,0.0,0.0,0.0,0.0,0.0,0.0,0.0,0.0,0.0,0.0
2019-01-04T23:45:00-07:00,0.5154311476999429,0.0,0.2630625626380325,0.0,0.0,0.05,0.0,0.0,0.0,0.0,0.06099710185113591,0.0,0.015012278417397657,0.07760258934921763,0.05775342465753425,0.24906575342465745,0.0,0.005,0.0,9.8330485566185,0.0,0.0,0.0,0.0,0.0,0.0,0.0,0.0,0.0,0.0,0.0,0.0,0.0,0.0,0.0,0.0,0.0,0.0,0.0,0.0,0.0
2019-01-05T00:00:00-07:00,0.4451359028826832,0.0,0.2542512985517326,0.0,0.0,0.05,0.0,0.0,0.0,0.0,0.05950936765964479,0.0,0.012776407163742684,0.05173505956614509,0.02378082191780822,0.2423342465753424,0.0,0.005,0.0,9.808615157804477,0.0,0.0,0.0,0.0,0.0,0.0,0.0,0.0,0.0,0.0,0.0,0.0,0.0,0.0,0.0,0.0,0.0,0.0,0.0,0.0,0.0
2019-01-05T00:15:00-07:00,0.4451359028826832,0.0,0.2542512985517326,0.0,0.0,0.05,0.0,0.0,0.0,0.0,0.05950936765964479,0.0,0.012776407163742684,0.05173505956614509,0.02378082191780822,0.2423342465753424,0.0,0.005,0.0,9.775961732548348,0.0,0.0,0.0,0.0,0.0,0.0,0.0,0.0,0.0,0.0,0.0,0.0,0.0,0.0,0.0,0.0,0.0,0.0,0.0,0.0,0.0
2019-01-05T00:30:00-07:00,0.4451359028826832,0.0,0.2542512985517326,0.0,0.0,0.05,0.0,0.0,0.0,0.0,0.05950936765964479,0.0,0.012776407163742684,0.05173505956614509,0.02378082191780822,0.2423342465753424,0.0,0.005,0.0,9.745282908338908,0.0,0.0,0.0,0.0,0.0,0.0,0.0,0.0,0.0,0.0,0.0,0.0,0.0,0.0,0.0,0.0,0.0,0.0,0.0,0.0,0.0
2019-01-05T00:45:00-07:00,0.4451359028826832,0.0,0.2542512985517326,0.0,0.0,0.05,0.0,0.0,0.0,0.0,0.05950936765964479,0.0,0.012776407163742684,0.05173505956614509,0.02378082191780822,0.2423342465753424,0.0,0.005,0.0,9.722893125071682,0.0,0.0,0.0,0.0,0.0,0.0,0.0,0.0,0.0,0.0,0.0,0.0,0.0,0.0,0.0,0.0,0.0,0.0,0.0,0.0,0.0
2019-01-05T01:00:00-07:00,0.4221770172673164,0.0,0.25210288066125897,0.0,0.0,0.05,0.0,0.0,0.0,0.0,0.058021633468153665,0.0,0.011818176626461983,0.04311254963845424,0.01189041095890411,0.2423342465753424,0.0,0.005,0.0,9.711462689639959,0.0,0.0,0.0,0.0,0.0,0.0,0.0,0.0,0.0,0.0,0.0,0.0,0.0,0.0,0.0,0.0,0.0,0.0,0.0,0.0,0.0
2019-01-05T01:15:00-07:00,0.4221770172673164,0.0,0.25210288066125897,0.0,0.0,0.05,0.0,0.0,0.0,0.0,0.058021633468153665,0.0,0.011818176626461983,0.04311254963845424,0.01189041095890411,0.2423342465753424,0.0,0.005,0.0,9.712329442523044,0.0,0.0,0.0,0.0,0.0,0.0,0.0,0.0,0.0,0.0,0.0,0.0,0.0,0.0,0.0,0.0,0.0,0.0,0.0,0.0,0.0
2019-01-05T01:30:00-07:00,5.922241787957316,0.0,0.25210288066125897,0.0,0.0,0.05,0.0,0.0,0.0,0.0,0.058021633468153665,0.0,0.011818176626461983,0.04311254963845424,0.01189041095890411,0.2423342465753424,0.0,0.005,0.0,9.71972641663913,0.0,0.0,0.0,0.0,0.0,0.0,0.0,0.0,0.0,0.0,0.0,0.0,0.0,0.0,0.0,0.0,0.0,0.0,0.0,0.0,0.0
2019-01-05T01:45:00-07:00,0.4221770172673164,0.0,0.25210288066125897,0.0,0.0,0.05,0.0,0.0,0.0,0.0,0.058021633468153665,0.0,0.011818176626461983,0.04311254963845424,0.01189041095890411,0.2423342465753424,0.0,0.005,0.0,9.728665580045975,0.0,0.0,0.0,0.0,0.0,0.0,0.0,0.0,0.0,0.0,0.0,0.0,0.0,0.0,0.0,0.0,0.0,0.0,0.0,0.0,0.0
2019-01-05T02:00:00-07:00,0.41559339266486633,0.0,0.2509126933080661,0.0,0.0,0.05,0.0,0.0,0.0,0.0,0.05653389927666255,0.0,0.011818176626461983,0.04311254963845424,0.006794520547945205,0.2423342465753424,0.0,0.005,0.0,9.736848522180745,0.0,0.0,0.0,0.0,0.0,0.0,0.0,0.0,0.0,0.0,0.0,0.0,0.0,0.0,0.0,0.0,0.0,0.0,0.0,0.0,0.0
2019-01-05T02:15:00-07:00,0.41559339266486633,0.0,0.2509126933080661,0.0,0.0,0.05,0.0,0.0,0.0,0.0,0.05653389927666255,0.0,0.011818176626461983,0.04311254963845424,0.006794520547945205,0.2423342465753424,0.0,0.005,0.0,9.744874990962249,0.0,0.0,0.0,0.0,0.0,0.0,0.0,0.0,0.0,0.0,0.0,0.0,0.0,0.0,0.0,0.0,0.0,0.0,0.0,0.0,0.0
2019-01-05T02:30:00-07:00,0.41559339266486633,0.0,0.2509126933080661,0.0,0.0,0.05,0.0,0.0,0.0,0.0,0.05653389927666255,0.0,0.011818176626461983,0.04311254963845424,0.006794520547945205,0.2423342465753424,0.0,0.005,0.0,9.753014285099013,0.0,0.0,0.0,0.0,0.0,0.0,0.0,0.0,0.0,0.0,0.0,0.0,0.0,0.0,0.0,0.0,0.0,0.0,0.0,0.0,0.0
2019-01-05T02:45:00-07:00,0.41559339266486633,0.0,0.2509126933080661,0.0,0.0,0.05,0.0,0.0,0.0,0.0,0.05653389927666255,0.0,0.011818176626461983,0.04311254963845424,0.006794520547945205,0.2423342465753424,0.0,0.005,0.0,9.75915740048418,0.0,0.0,0.0,0.0,0.0,0.0,0.0,0.0,0.0,0.0,0.0,0.0,0.0,0.0,0.0,0.0,0.0,0.0,0.0,0.0,0.0
2019-01-05T03:00:00-07:00,0.4117682079782018,0.0,0.24908368559668606,0.0,0.0,0.05,0.0,0.0,0.0,0.0,0.05504616508517143,0.0,0.01117935626827485,0.04311254963845424,0.005095890410958904,0.2423342465753424,0.0,0.005,0.0,9.761175344500952,0.0,0.0,0.0,0.0,0.0,0.0,0.0,0.0,0.0,0.0,0.0,0.0,0.0,0.0,0.0,0.0,0.0,0.0,0.0,0.0,0.0
2019-01-05T03:15:00-07:00,0.4117682079782018,0.0,0.24908368559668606,0.0,0.0,0.05,0.0,0.0,0.0,0.0,0.05504616508517143,0.0,0.01117935626827485,0.04311254963845424,0.005095890410958904,0.2423342465753424,0.0,0.005,0.0,9.759840578615572,0.0,0.0,0.0,0.0,0.0,0.0,0.0,0.0,0.0,0.0,0.0,0.0,0.0,0.0,0.0,0.0,0.0,0.0,0.0,0.0,0.0
2019-01-05T03:30:00-07:00,0.4117682079782018,0.0,0.24908368559668606,0.0,0.0,0.05,0.0,0.0,0.0,0.0,0.05504616508517143,0.0,0.01117935626827485,0.04311254963845424,0.005095890410958904,0.2423342465753424,0.0,0.005,0.0,9.75790386134502,0.0,0.0,0.0,0.0,0.0,0.0,0.0,0.0,0.0,0.0,0.0,0.0,0.0,0.0,0.0,0.0,0.0,0.0,0.0,0.0,0.0
2019-01-05T03:45:00-07:00,0.4117682079782018,0.0,0.24908368559668606,0.0,0.0,0.05,0.0,0.0,0.0,0.0,0.05504616508517143,0.0,0.01117935626827485,0.04311254963845424,0.005095890410958904,0.2423342465753424,0.0,0.005,0.0,9.75677426879473,0.0,0.0,0.0,0.0,0.0,0.0,0.0,0.0,0.0,0.0,0.0,0.0,0.0,0.0,0.0,0.0,0.0,0.0,0.0,0.0,0.0
2019-01-05T04:00:00-07:00,0.4162903588875424,0.0,0.24789349824349316,0.0,0.0,0.05,0.0,0.0,0.0,0.0,0.0535584308936803,0.0,0.01117935626827485,0.04742380460229966,0.006794520547945205,0.2423342465753424,0.0,0.005,0.0,9.756750820814464,0.0,0.0,0.0,0.0,0.0,0.0,0.0,0.0,0.0,0.0,0.0,0.0,0.0,0.0,0.0,0.0,0.0,0.0,0.0,0.0,0.0
2019-01-05T04:15:00-07:00,0.4162903588875424,0.0,0.24789349824349316,0.0,0.0,0.05,0.0,0.0,0.0,0.0,0.0535584308936803,0.0,0.01117935626827485,0.04742380460229966,0.006794520547945205,0.2423342465753424,0.0,0.005,0.0,9.757095312018555,0.0,0.0,0.0,0.0,0.0,0.0,0.0,0.0,0.0,0.0,0.0,0.0,0.0,0.0,0.0,0.0,0.0,0.0,0.0,0.0,0.0
2019-01-05T04:30:00-07:00,0.4162903588875424,0.0,0.24789349824349316,0.0,0.0,0.05,0.0,0.0,0.0,0.0,0.0535584308936803,0.0,0.01117935626827485,0.04742380460229966,0.006794520547945205,0.2423342465753424,0.0,0.005,0.0,9.758007991771626,0.0,0.0,0.0,0.0,0.0,0.0,0.0,0.0,0.0,0.0,0.0,0.0,0.0,0.0,0.0,0.0,0.0,0.0,0.0,0.0,0.0
2019-01-05T04:45:00-07:00,0.4162903588875424,0.0,0.24789349824349316,0.0,0.0,0.05,0.0,0.0,0.0,0.0,0.0535584308936803,0.0,0.01117935626827485,0.04742380460229966,0.006794520547945205,0.2423342465753424,0.0,0.005,0.0,9.759071389260539,0.0,0.0,0.0,0.0,0.0,0.0,0.0,0.0,0.0,0.0,0.0,0.0,0.0,0.0,0.0,0.0,0.0,0.0,0.0,0.0,0.0
2019-01-05T05:00:00-07:00,0.45114404462480723,0.0,0.24917113895986742,0.0,0.0,0.05,0.0,0.0,0.0,0.0,0.0535584308936803,0.0,0.012456996984649119,0.07760258934921763,0.010191780821917807,0.2423342465753424,0.0,0.005,0.0,9.763920594795126,0.0,0.0,0.0,0.0,0.0,0.0,0.0,0.0,0.0,0.0,0.0,0.0,0.0,0.0,0.0,0.0,0.0,0.0,0.0,0.0,0.0
2019-01-05T05:15:00-07:00,5.951208815314807,0.0,0.24917113895986742,0.0,0.0,0.05,0.0,0.0,0.0,0.0,0.0535584308936803,0.0,0.012456996984649119,0.07760258934921763,0.010191780821917807,0.2423342465753424,0.0,0.005,0.0,9.768010124923762,0.0,0.0,0.0,0.0,0.0,0.0,0.0,0.0,0.0,0.0,0.0,0.0,0.0,0.0,0.0,0.0,0.0,0.0,0.0,0.0,0.0
2019-01-05T05:30:00-07:00,0.45114404462480723,0.0,0.24917113895986742,0.0,0.0,0.05,0.0,0.0,0.0,0.0,0.0535584308936803,0.0,0.012456996984649119,0.07760258934921763,0.010191780821917807,0.2423342465753424,0.0,0.005,0.0,9.772369328495408,0.0,0.0,0.0,0.0,0.0,0.0,0.0,0.0,0.0,0.0,0.0,0.0,0.0,0.0,0.0,0.0,0.0,0.0,0.0,0.0,0.0
2019-01-05T05:45:00-07:00,1.4511440446248072,0.0,0.24917113895986742,0.0,0.0,0.05,0.0,0.0,0.0,0.0,0.0535584308936803,1.0,0.012456996984649119,0.07760258934921763,0.010191780821917807,0.2423342465753424,0.0,0.005,0.0,9.77214312081134,0.0,0.0,0.0,0.0,0.0,0.0,0.0,0.0,0.0,0.0,0.0,0.0,0.0,0.0,0.0,0.0,0.0,0.0,0.0,0.0,0.0
2019-01-05T06:00:00-07:00,0.5277091577159778,0.0,0.2639189755206252,0.0,0.0,0.05,0.0,0.0,0.0,0.0,0.05653389927666255,0.0,0.014054047880116953,0.1293376489153627,0.016986301369863014,0.25579726027397254,0.0,0.005,0.0,9.771132124515042,0.0,0.0,0.0,0.0,0.0,0.0,0.0,0.0,0.0,0.0,0.0,0.0,0.0,0.0,0.0,0.0,0.0,0.0,0.0,0.0,0.0
2019-01-05T06:15:00-07:00,1.5277091577159776,0.0,0.2639189755206252,0.0,0.0,0.05,0.0,0.0,0.0,0.0,0.05653389927666255,1.0,0.014054047880116953,0.1293376489153627,0.016986301369863014,0.25579726027397254,0.0,0.005,0.0,9.759254123433397,0.0,0.0,0.0,0.0,0.0,0.0,0.0,0.0,0.0,0.0,0.0,0.0,0.0,0.0,0.0,0.0,0.0,0.0,0.0,0.0,0.0
2019-01-05T06:30:00-07:00,0.5277091577159778,0.0,0.2639189755206252,0.0,0.0,0.05,0.0,0.0,0.0,0.0,0.05653389927666255,0.0,0.014054047880116953,0.1293376489153627,0.016986301369863014,0.25579726027397254,0.0,0.005,0.0,9.743410912041133,0.0,0.0,0.0,0.0,0.0,0.0,0.0,0.0,0.0,0.0,0.0,0.0,0.0,0.0,0.0,0.0,0.0,0.0,0.0,0.0,0.0
2019-01-05T06:45:00-07:00,1.5277091577159776,0.0,0.2639189755206252,0.0,0.0,0.05,0.0,0.0,0.0,0.0,0.05653389927666255,1.0,0.014054047880116953,0.1293376489153627,0.016986301369863014,0.25579726027397254,0.0,0.005,0.0,9.73379516459472,0.0,0.0,0.0,0.0,0.0,0.0,0.0,0.0,0.0,0.0,0.0,0.0,0.0,0.0,0.0,0.0,0.0,0.0,0.0,0.0,0.0
2019-01-05T07:00:00-07:00,1.592904106505319,0.0,0.28149673612808646,0.0,0.0,0.05,0.0,0.0,0.0,0.0,0.05950936765964479,1.0,0.013095817342836253,0.1638276886261261,0.02547945205479452,0.2759917808219177,0.0,0.005,0.0,9.743162776101636,0.0,0.0,0.0,0.0,0.0,0.0,0.0,0.0,0.0,0.0,0.0,0.0,0.0,0.0,0.0,0.0,0.0,0.0,0.0,0.0,0.0
2019-01-05T07:15:00-07:00,0.5929041065053194,0.0,0.28149673612808646,0.0,0.0,0.05,0.0,0.0,0.0,0.0,0.05950936765964479,0.0,0.013095817342836253,0.1638276886261261,0.02547945205479452,0.2759917808219177,0.0,0.005,0.0,9.760211018861913,0.0,0.0,0.0,0.0,0.0,0.0,0.0,0.0,0.0,0.0,0.0,0.0,0.0,0.0,0.0,0.0,0.0,0.0,0.0,0.0,0.0
2019-01-05T07:30:00-07:00,0.3381687553960434,0.0,0.28149673612808646,0.0,0.0,0.05,0.0,0.0,0.0,0.0,0.05950936765964479,0.0,0.013095817342836253,0.1638276886261261,0.02547945205479452,0.2759917808219177,0.25473535110927603,0.005,0.0,9.830358730419135,0.0,0.0,0.0,0.0,0.0,0.0,0.0,0.0,0.0,0.0,0.0,0.0,0.0,0.0,0.0,0.0,0.0,0.0,0.0,0.0,0.0
2019-01-05T07:45:00-07:00,6.757784132124347,0.0,0.28149673612808646,0.0,0.0,0.05,0.0,0.0,0.0,0.0,0.05950936765964479,1.0,0.013095817342836253,0.1638276886261261,0.02547945205479452,0.2759917808219177,0.3351847450709717,0.005,0.0,9.896942808843002,0.0,0.0,0.0,0.0,0.0,0.0,0.0,0.0,0.0,0.0,0.0,0.0,0.0,0.0,0.0,0.0,0.0,0.0,0.0,0.0,0.0
2019-01-05T08:00:00-07:00,1.2326525217744004,0.0,0.28487802716979577,0.0,0.0,0.05,0.0,0.0,0.0,1.0,0.06099710185113591,0.0,0.009901715551900581,0.1767614535176624,0.03397260273972603,0.28272328767123284,0.38670363955725734,0.005,0.0,9.957413198435233,0.0,0.0,0.0,0.0,0.0,0.0,0.0,0.0,0.0,0.0,0.0,0.0,0.0,0.0,0.0,0.0,0.0,0.0,0.0,0.0,0.0
2019-01-05T08:15:00-07:00,1.1922117247047348,0.0,0.28487802716979577,0.0,0.0,0.05,0.0,0.0,0.0,1.0,0.06099710185113591,0.0,0.009901715551900581,0.1767614535176624,0.03397260273972603,0.28272328767123284,0.42714443662692303,0.005,0.0,10.008407347288857,0.0,0.0,0.0,0.0,0.0,0.0,0.0,0.0,0.0,0.0,0.0,0.0,0.0,0.0,0.0,0.0,0.0,0.0,0.0,0.0,0.0
2019-01-05T08:30:00-07:00,0.054908525342095116,0.0,0.28487802716979577,0.0,0.0,0.05,0.0,0.0,0.0,1.0,0.06099710185113591,0.0,0.009901715551900581,0.1767614535176624,0.03397260273972603,0.28272328767123284,1.7124023453640844,0.1529547093745216,0.0,10.214695752911645,0.0,0.0,0.0,0.0,0.0,0.0,0.0,0.0,0.0,0.0,0.0,0.0,0.0,0.0,0.0,0.0,0.0,0.0,0.0,0.0,0.0
2019-01-05T08:45:00-07:00,5.554727025219657,0.0,0.28487802716979577,0.0,0.0,0.05,0.0,0.0,0.0,1.0,0.06099710185113591,0.0,0.009901715551900581,0.1767614535176624,0.03397260273972603,0.28272328767123284,1.8491723476195836,0.2894784408175828,0.0,10.392850683004704,0.0,0.0,0.0,0.0,0.0,0.0,0.0,0.0,0.0,0.0,0.0,0.0,0.0,0.0,0.0,0.0,0.0,0.0,0.0,0.0,0.0
2019-01-05T09:00:00-07:00,0.04692583888858537,0.0,0.2829615660952344,0.0,0.0,0.05,0.0,0.0,0.0,0.0,0.06099710185113591,0.0,0.007985254477339178,0.1767614535176624,0.04246575342465753,0.28272328767123284,1.9716303120152447,1.3976232999618023,0.0,10.556891018897392,0.0,0.0,0.0,0.0,0.0,0.0,0.0,0.0,0.0,0.0,0.0,0.0,0.0,0.0,0.0,0.0,0.0,0.0,0.0,0.0,0.0
2019-01-05T09:15:00-07:00,0.04569116179505528,0.0,0.2829615660952344,0.0,0.0,0.05,0.0,0.0,0.0,0.0,0.06099710185113591,0.0,0.007985254477339178,0.1767614535176624,0.04246575342465753,0.28272328767123284,2.084483750322879,1.5092420611759068,0.0,10.712915946474467,0.0,0.0,0.0,0.0,0.0,0.0,0.0,0.0,0.0,0.0,0.0,0.0,0.0,0.0,0.0,0.0,0.0,0.0,0.0,0.0,0.0
2019-01-05T09:30:00-07:00,-0.01537160062394749,0.0,0.2829615660952344,0.0,0.0,0.0,0.0,0.0,0.0,0.0,0.06099710185113591,0.0,0.007985254477339178,0.1767614535176624,0.04246575342465753,0.28272328767123284,2.8287997841040236,2.242495332538048,0.0,10.921200427675561,0.0,0.0,0.0,0.0,0.0,0.0,0.0,0.0,0.0,0.0,0.0,0.0,0.0,0.0,0.0,0.0,0.0,0.0,0.0,0.0,0.0
2019-01-05T09:45:00-07:00,5.482521267866809,0.0,0.2829615660952344,0.0,0.0,0.0,0.0,0.0,0.0,0.0,0.06099710185113591,0.0,0.007985254477339178,0.1767614535176624,0.04246575342465753,0.28272328767123284,2.9644848921044185,2.3760085383391996,0.0,11.10655846713453,0.0,0.0,0.0,0.0,0.0,0.0,0.0,0.0,0.0,0.0,0.0,0.0,0.0,0.0,0.0,0.0,0.0,0.0,0.0,0.0,0.0
2019-01-05T10:00:00-07:00,-0.019642600007013122,0.0,0.2814519685629479,0.0,0.0,0.0,0.0,0.0,0.0,0.0,0.05950936765964479,0.0,0.007665844298245611,0.16813894358997156,0.04756164383561644,0.28272328767123284,3.0876173298478906,2.5023756427861663,0.0,11.272195585530971,0.0,0.0,0.0,0.0,0.0,0.0,0.0,0.0,0.0,0.0,0.0,0.0,0.0,0.0,0.0,0.0,0.0,0.0,0.0,0.0,0.0
2019-01-05T10:15:00-07:00,-0.021442654301337516,0.0,0.2814519685629479,0.0,0.0,0.0,0.0,0.0,0.0,0.0,0.05950936765964479,0.0,0.007665844298245611,0.16813894358997156,0.04756164383561644,0.28272328767123284,3.197723759705385,2.6106820183493364,0.0,11.424836372081224,0.0,0.0,0.0,0.0,0.0,0.0,0.0,0.0,0.0,0.0,0.0,0.0,0.0,0.0,0.0,0.0,0.0,0.0,0.0,0.0,0.0
2019-01-05T10:30:00-07:00,-0.02526843278591917,0.0,0.2814519685629479,0.0,0.0,0.0,0.0,0.0,0.0,0.0,0.05950936765964479,0.0,0.007665844298245611,0.16813894358997156,0.04756164383561644,0.28272328767123284,3.403126065767292,2.8122585459266616,0.0,11.573156584534969,0.0,0.0,0.0,0.0,0.0,0.0,0.0,0.0,0.0,0.0,0.0,0.0,0.0,0.0,0.0,0.0,0.0,0.0,0.0,0.0,0.0
2019-01-05T10:45:00-07:00,-0.026511176265927805,0.0,0.2814519685629479,0.0,0.0,0.0,0.0,0.0,0.0,0.0,0.05950936765964479,0.0,0.007665844298245611,0.16813894358997156,0.04756164383561644,0.28272328767123284,3.480546280762558,2.888436017441919,0.0,11.714048856400368,0.0,0.0,0.0,0.0,0.0,0.0,0.0,0.0,0.0,0.0,0.0,0.0,0.0,0.0,0.0,0.0,0.0,0.0,0.0,0.0,0.0
2019-01-05T11:00:00-07:00,5.472804571072287,0.0,0.2814519685629479,0.0,0.0,0.0,0.0,0.0,0.0,0.0,0.05950936765964479,0.0,0.007665844298245611,0.15951643366228066,0.05265753424657534,0.28272328767123284,3.5368131611750657,2.947480494019375,0.0,11.849023916663963,0.0,0.0,0.0,0.0,0.0,0.0,0.0,0.0,0.0,0.0,0.0,0.0,0.0,0.0,0.0,0.0,0.0,0.0,0.0,0.0,0.0
2019-01-05T11:15:00-07:00,-0.027545223577891242,0.0,0.2814519685629479,0.0,0.0,0.0,0.0,0.0,0.0,0.0,0.05950936765964479,0.0,0.007665844298245611,0.15951643366228066,0.05265753424657534,0.28272328767123284,3.578375064046553,2.9887573729306824,0.0,11.98364044643612,0.0,0.0,0.0,0.0,0.0,0.0,0.0,0.0,0.0,0.0,0.0,0.0,0.0,0.0,0.0,0.0,0.0,0.0,0.0,0.0,0.0
2019-01-05T11:30:00-07:00,-0.03473347517607106,0.0,0.2814519685629479,0.0,0.0,0.0,0.0,0.0,0.0,0.0,0.05950936765964479,0.0,0.007665844298245611,0.15951643366228066,0.05265753424657534,0.28272328767123284,3.947731968072615,3.350926025358565,0.0,12.136189129653573,0.0,0.0,0.0,0.0,0.0,0.0,0.0,0.0,0.0,0.0,0.0,0.0,0.0,0.0,0.0,0.0,0.0,0.0,0.0,0.0,0.0
2019-01-05T11:45:00-07:00,5.466040321436403,0.0,0.2814519685629479,0.0,0.0,0.0,0.0,0.0,0.0,0.0,0.05950936765964479,0.0,0.007665844298245611,0.15951643366228066,0.05265753424657534,0.28272328767123284,3.9762222785077475,3.3801253617161713,0.0,12.281051732893262,0.0,0.0,0.0,0.0,0.0,0.0,0.0,0.0,0.0,0.0,0.0,0.0,0.0,0.0,0.0,0.0,0.0,0.0,0.0,0.0,0.0
2019-01-05T12:00:00-07:00,-0.03282187881160059,0.0,0.28415175344842725,0.0,0.0,0.0,0.0,0.0,0.0,0.0,0.06248483604262702,0.0,0.007985254477339178,0.15520517869843525,0.05605479452054794,0.28272328767123284,3.9901861564884618,3.392910926266679,0.0,12.419257176814778,0.0,0.0,0.0,0.0,0.0,0.0,0.0,0.0,0.0,0.0,0.0,0.0,0.0,0.0,0.0,0.0,0.0,0.0,0.0,0.0,0.0
2019-01-05T12:15:00-07:00,-0.03139326866953329,0.0,0.28415175344842725,0.0,0.0,0.0,0.0,0.0,0.0,0.0,0.06248483604262702,0.0,0.007985254477339178,0.15520517869843525,0.05605479452054794,0.28272328767123284,3.989395886623389,3.3935492665436735,0.0,12.554951241659419,0.0,0.0,0.0,0.0,0.0,0.0,0.0,0.0,0.0,0.0,0.0,0.0,0.0,0.0,0.0,0.0,0.0,0.0,0.0,0.0,0.0
2019-01-05T12:30:00-07:00,-2.1742665700398813,0.0,0.28415175344842725,0.0,0.0,0.0,0.0,0.0,0.0,0.0,0.06248483604262702,0.0,0.007985254477339178,0.15520517869843525,0.05605479452054794,0.28272328767123284,3.795967616814797,1.0572476953647338,0.0,12.676605136677674,0.0,0.0,0.0,0.0,0.0,0.0,0.0,0.0,0.0,0.0,0.0,0.0,0.0,0.0,0.0,0.0,0.0,0.0,0.0,0.0,0.0
2019-01-05T12:45:00-07:00,-3.197896286878466,0.0,0.28415175344842725,0.0,0.0,0.0,0.0,0.0,0.0,0.0,0.06248483604262702,0.0,0.007985254477339178,0.15520517869843525,0.05605479452054794,0.28272328767123284,3.767349638288648,0.005,0.0,12.80067890307825,0.0,0.0,0.0,0.0,0.0,0.0,0.0,0.0,0.0,0.0,0.0,0.0,0.0,0.0,0.0,0.0,0.0,0.0,0.0,0.0,0.0
2019-01-05T13:00:00-07:00,-3.1501663006628657,0.0,0.28510998398570797,0.0,0.0,0.0,0.0,0.0,0.0,0.0,0.06248483604262702,0.0,0.008943485014619881,0.15089392373458985,0.06454794520547945,0.28272328767123284,3.724759778331415,0.005,0.0,12.924980770776301,0.0,0.0,0.0,0.0,0.0,0.0,0.0,0.0,0.0,0.0,0.0,0.0,0.0,0.0,0.0,0.0,0.0,0.0,0.0,0.0,0.0
2019-01-05T13:15:00-07:00,-3.093746928954743,0.0,0.28510998398570797,0.0,0.0,0.0,0.0,0.0,0.0,0.0,0.06248483604262702,0.0,0.008943485014619881,0.15089392373458985,0.06454794520547945,0.28272328767123284,3.668340406623292,0.005,0.0,13.051489127030074,0.0,0.0,0.0,0.0,0.0,0.0,0.0,0.0,0.0,0.0,0.0,0.0,0.0,0.0,0.0,0.0,0.0,0.0,0.0,0.0,0.0
2019-01-05T13:30:00-07:00,-2.8312505943004567,0.0,0.28510998398570797,0.0,0.0,0.0,0.0,0.0,0.0,0.0,0.06248483604262702,0.0,0.008943485014619881,0.15089392373458985,0.06454794520547945,0.28272328767123284,3.405844071969006,0.005,0.0,13.1653139770548,0.0,0.0,0.0,0.0,0.0,0.0,0.0,0.0,0.0,0.0,0.0,0.0,0.0,0.0,0.0,0.0,0.0,0.0,0.0,0.0,0.0
2019-01-05T13:45:00-07:00,-2.70404798956633,0.0,0.28510998398570797,0.0,0.0,0.05,0.0,0.0,0.0,0.0,0.06248483604262702,0.0,0.008943485014619881,0.15089392373458985,0.06454794520547945,0.28272328767123284,3.328641467234879,0.005,0.0,13.282003939997608,0.0,0.0,0.0,0.0,0.0,0.0,0.0,0.0,0.0,0.0,0.0,0.0,0.0,0.0,0.0,0.0,0.0,0.0,0.0,0.0,0.0
2019-01-05T14:00:00-07:00,-2.5982518645984922,0.0,0.2857488043438951,0.0,0.0,0.05,0.0,0.0,0.0,0.0,0.06248483604262702,0.0,0.009582305372807014,0.15951643366228066,0.07134246575342466,0.28272328767123284,3.2389011931008644,0.005,0.0,13.398693314272787,0.0,0.0,0.0,0.0,0.0,0.0,0.0,0.0,0.0,0.0,0.0,0.0,0.0,0.0,0.0,0.0,0.0,0.0,0.0,0.0,0.0
2019-01-05T14:15:00-07:00,-2.4941450742316422,0.0,0.2857488043438951,0.0,0.0,0.05,0.0,0.0,0.0,0.0,0.06248483604262702,0.0,0.009582305372807014,0.15951643366228066,0.07134246575342466,0.28272328767123284,3.1347944027340144,0.005,0.0,13.514228434478062,0.0,0.0,0.0,0.0,0.0,0.0,0.0,0.0,0.0,0.0,0.0,0.0,0.0,0.0,0.0,0.0,0.0,0.0,0.0,0.0,0.0
2019-01-05T14:30:00-07:00,-1.5679909181509326,0.0,0.2857488043438951,0.0,0.0,0.05,0.0,0.0,0.0,0.0,0.06248483604262702,0.0,0.009582305372807014,0.15951643366228066,0.07134246575342466,0.28272328767123284,2.208640246653305,0.005,0.0,13.546863148173632,0.0,0.0,0.0,0.0,0.0,0.0,0.0,0.0,0.0,0.0,0.0,0.0,0.0,0.0,0.0,0.0,0.0,0.0,0.0,0.0,0.0
2019-01-05T14:45:00-07:00,-1.4762477157626406,0.0,0.2857488043438951,0.0,0.0,0.05,0.0,0.0,0.0,0.0,0.06248483604262702,0.0,0.009582305372807014,0.15951643366228066,0.07134246575342466,0.28272328767123284,2.116897044265013,0.005,0.0,13.591001339229694,0.0,0.0,0.0,0.0,0.0,0.0,0.0,0.0,0.0,0.0,0.0,0.0,0.0,0.0,0.0,0.0,0.0,0.0,0.0,0.0,0.0
2019-01-05T15:00:00-07:00,-0.3359337328523402,0.0,0.2969260788450741,0.0,0.0,0.05,0.0,0.0,0.0,1.0,0.06099710185113591,0.0,0.01117935626827485,0.1767614535176624,0.07813698630136985,0.2961863013698629,2.0141949321606463,0.005,0.0,13.643517043108083,0.0,0.0,0.0,0.0,0.0,0.0,0.0,0.0,0.0,0.0,0.0,0.0,0.0,0.0,0.0,0.0,0.0,0.0,0.0,0.0,0.0
2019-01-05T15:15:00-07:00,-0.2219806920802332,0.0,0.2969260788450741,0.0,0.0,0.05,0.0,0.0,0.0,1.0,0.06099710185113591,0.0,0.01117935626827485,0.1767614535176624,0.07813698630136985,0.2961863013698629,1.9002418913885393,0.005,0.0,13.69593929400545,0.0,0.0,0.0,0.0,0.0,0.0,0.0,0.0,0.0,0.0,0.0,0.0,0.0,0.0,0.0,0.0,0.0,0.0,0.0,0.0,0.0
2019-01-05T15:30:00-07:00,0.05515449483072343,0.0,0.2969260788450741,0.0,0.0,0.05,0.0,0.0,0.0,1.0,0.06099710185113591,0.0,0.01117935626827485,0.1767614535176624,0.07813698630136985,0.2961863013698629,1.4001813084823553,-0.2179253959952275,0.0,13.701794076215878,0.0,0.0,0.0,0.0,0.0,0.0,0.0,0.0,0.0,0.0,0.0,0.0,0.0,0.0,0.0,0.0,0.0,0.0,0.0,0.0,0.0
2019-01-05T15:45:00-07:00,5.5553901062277085,0.0,0.2969260788450741,0.0,0.0,0.05,0.0,0.0,0.0,1.0,0.06099710185113591,0.0,0.01117935626827485,0.1767614535176624,0.07813698630136985,0.2961863013698629,1.3001000083816598,-0.31783585538893777,0.0,13.710453952863723,0.0,0.0,0.0,0.0,0.0,0.0,0.0,0.0,0.0,0.0,0.0,0.0,0.0,0.0,0.0,0.0,0.0,0.0,0.0,0.0,0.0
2019-01-05T16:00:00-07:00,0.05429315159966319,0.0,0.3195269489548511,0.0,0.0,0.05,0.0,0.0,0.0,0.0,0.06546030442560927,0.0,0.014054047880116953,0.2155627481922712,0.09172602739726027,0.31638082191780814,1.1870335251463227,0.4881427269329199,0.0,13.724603063133952,0.0,0.0,0.0,0.0,0.0,0.0,0.0,0.0,0.0,0.0,0.0,0.0,0.0,0.0,0.0,0.0,0.0,0.0,0.0,0.0,0.0
2019-01-05T16:15:00-07:00,0.05646528840176579,0.0,0.3195269489548511,0.0,0.0,0.05,0.0,0.0,0.0,1.0,0.06546030442560927,0.0,0.014054047880116953,0.2155627481922712,0.09172602739726027,0.31638082191780814,1.017489529513826,-0.679229131897474,0.0,13.722723593022057,0.0,0.0,0.0,0.0,0.0,0.0,0.0,0.0,0.0,0.0,0.0,0.0,0.0,0.0,0.0,0.0,0.0,0.0,0.0,0.0,0.0
2019-01-05T16:30:00-07:00,0.05559774957977659,0.0,0.3195269489548511,0.0,0.0,0.05,0.0,0.0,0.0,0.0,0.06546030442560927,0.0,0.014054047880116953,0.2155627481922712,0.09172602739726027,0.31638082191780814,0.266809317365384,-0.43077688286790533,0.0,13.603645101165995,0.0,0.0,0.0,0.0,0.0,0.0,0.0,0.0,0.0,0.0,0.0,0.0,0.0,0.0,0.0,0.0,0.0,0.0,0.0,0.0,0.0
2019-01-05T16:45:00-07:00,5.561961443977723,0.0,0.3195269489548511,0.0,0.0,0.05,0.0,0.0,0.0,1.0,0.06546030442560927,0.0,0.014054047880116953,0.2155627481922712,0.09172602739726027,0.31638082191780814,0.22996766757555487,-1.4613196089497884,0.0,13.506461926426022,0.0,0.0,0.0,0.0,0.0,0.0,0.0,0.0,0.0,0.0,0.0,0.0,0.0,0.0,0.0,0.0,0.0,0.0,0.0,0.0,0.0
2019-01-05T17:00:00-07:00,0.05623480395583724,0.0,0.3442762369551017,0.0,0.0,0.05,0.0,0.0,0.0,0.0,0.07141124119157374,0.0,0.017886970029239762,0.2802315726499526,0.10531506849315068,0.3365753424657534,0.19220852768411575,-0.6129768631897172,0.0,13.435114951855399,0.0,0.0,0.0,0.0,0.0,0.0,0.0,0.0,0.0,0.0,0.0,0.0,0.0,0.0,0.0,0.0,0.0,0.0,0.0,0.0,0.0
2019-01-05T17:15:00-07:00,0.0782251825586644,0.0,0.3442762369551017,0.0,0.0,0.05,0.0,0.0,0.0,1.0,0.07141124119157374,1.0,0.017886970029239762,0.2802315726499526,0.10531506849315068,0.3365753424657534,0.15369051563934163,-2.629504496631664,0.0,13.36871043318723,0.0,0.0,0.0,0.0,0.0,0.0,0.0,0.0,0.0,0.0,0.0,0.0,0.0,0.0,0.0,0.0,0.0,0.0,0.0,0.0,0.0
2019-01-05T17:30:00-07:00,0.0572080470567915,0.0,0.3442762369551017,0.0,0.0,0.05,0.0,0.0,0.0,0.0,0.07141124119157374,0.0,0.017886970029239762,0.2802315726499526,0.10531506849315068,0.3365753424657534,0.0,-0.8042121477728787,0.0,13.268198971538357,0.0,0.0,0.0,0.0,0.0,0.0,0.0,0.0,0.0,0.0,0.0,0.0,0.0,0.0,0.0,0.0,0.0,0.0,0.0,0.0,0.0
2019-01-05T17:45:00-07:00,0.08214125492476576,0.0,0.3442762369551017,0.0,0.0,0.05,0.0,0.0,0.0,1.0,0.07141124119157374,1.0,0.017886970029239762,0.2802315726499526,0.10531506849315068,0.3365753424657534,0.0,-2.7792789399049043,0.0,13.176309865772044,0.0,0.0,0.0,0.0,0.0,0.0,0.0,0.0,0.0,0.0,0.0,0.0,0.0,0.0,0.0,0.0,0.0,0.0,0.0,0.0,0.0
2019-01-05T18:00:00-07:00,5.568423218285238,0.0,0.35459709857368804,0.0,0.0,0.05,0.0,0.0,0.0,1.0,0.07438670957455598,0.0,0.020442251461988296,0.3707679268907064,0.1358904109589041,0.3433068493150684,0.0,-1.9264357006059856,0.0,13.102525178603727,0.0,0.0,0.0,0.0,0.0,0.0,0.0,0.0,0.0,0.0,0.0,0.0,0.0,0.0,0.0,0.0,0.0,0.0,0.0,0.0,0.0
2019-01-05T18:15:00-07:00,0.06868223589662303,0.0,0.35459709857368804,0.0,0.0,0.05,0.0,0.0,0.0,1.0,0.07438670957455598,0.0,0.020442251461988296,0.3707679268907064,0.1358904109589041,0.3433068493150684,0.0,-1.9261119123046002,0.0,13.026893564830011,0.0,0.0,0.0,0.0,0.0,0.0,0.0,0.0,0.0,0.0,0.0,0.0,0.0,0.0,0.0,0.0,0.0,0.0,0.0,0.0,0.0
2019-01-05T18:30:00-07:00,5.569038423644178,0.0,0.35459709857368804,0.0,0.0,0.05,0.0,0.0,0.0,1.0,0.07438670957455598,0.0,0.020442251461988296,0.3707679268907064,0.1358904109589041,0.3433068493150684,0.0,-1.9258204952470446,0.0,12.948280775298922,0.0,0.0,0.0,0.0,0.0,0.0,0.0,0.0,0.0,0.0,0.0,0.0,0.0,0.0,0.0,0.0,0.0,0.0,0.0,0.0,0.0
2019-01-05T18:45:00-07:00,0.058340529061798985,0.0,0.35459709857368804,0.0,0.0,0.05,0.0,0.0,0.0,0.0,0.07438670957455598,0.0,0.020442251461988296,0.3707679268907064,0.1358904109589041,0.3433068493150684,0.0,-0.9364536191394243,0.0,12.871421309287786,0.0,0.0,0.0,0.0,0.0,0.0,0.0,0.0,0.0,0.0,0.0,0.0,0.0,0.0,0.0,0.0,0.0,0.0,0.0,0.0,0.0
2019-01-05T19:00:00-07:00,0.07860882765734489,0.0,0.3481091591042245,0.0,0.0,0.05,0.0,0.0,0.0,1.0,0.07141124119157374,0.0,0.02171989217836257,0.456993026167615,0.18684931506849314,0.3365753424657534,0.0,-2.0449399894144524,0.0,12.81006809392516,0.0,0.0,0.0,0.0,0.0,0.0,0.0,0.0,0.0,0.0,0.0,0.0,0.0,0.0,0.0,0.0,0.0,0.0,0.0,0.0,0.0
2019-01-05T19:15:00-07:00,0.0685108087688977,0.0,0.3481091591042245,0.0,0.0,0.05,0.0,0.0,0.0,0.0,0.07141124119157374,0.0,0.02171989217836257,0.456993026167615,0.18684931506849314,0.3365753424657534,0.0,-1.0550380083029003,0.0,12.746580257528885,0.0,0.0,0.0,0.0,0.0,0.0,0.0,0.0,0.0,0.0,0.0,0.0,0.0,0.0,0.0,0.0,0.0,0.0,0.0,0.0,0.0
2019-01-05T19:30:00-07:00,5.607485076435955,0.0,0.3481091591042245,0.0,0.0,0.05,0.0,0.0,0.0,1.0,0.07141124119157374,0.0,0.02171989217836257,0.456993026167615,0.18684931506849314,0.3365753424657534,0.0,-2.0161285113258423,0.0,12.682253191531535,0.0,0.0,0.0,0.0,0.0,0.0,0.0,0.0,0.0,0.0,0.0,0.0,0.0,0.0,0.0,0.0,0.0,0.0,0.0,0.0,0.0
2019-01-05T19:45:00-07:00,0.11749420085094453,0.0,0.3481091591042245,0.0,0.0,0.05,0.0,0.0,0.0,1.0,0.07141124119157374,0.0,0.02171989217836257,0.456993026167615,0.18684931506849314,0.3365753424657534,0.0,-2.006054616220853,0.0,12.616657091829719,0.0,0.0,0.0,0.0,0.0,0.0,0.0,0.0,0.0,0.0,0.0,0.0,0.0,0.0,0.0,0.0,0.0,0.0,0.0,0.0,0.0
2019-01-05T20:00:00-07:00,0.1298744018575153,0.0,0.3367873811503146,0.0,0.0,0.05,0.0,0.0,0.0,1.0,0.06992350700008262,0.0,0.0223587125365497,0.47423804602299663,0.22421917808219177,0.3231123287671232,0.0,-2.0339773705514284,0.0,12.553355984545117,0.0,0.0,0.0,0.0,0.0,0.0,0.0,0.0,0.0,0.0,0.0,0.0,0.0,0.0,0.0,0.0,0.0,0.0,0.0,0.0,0.0
2019-01-05T20:15:00-07:00,0.09614808778293416,0.0,0.3367873811503146,0.0,0.0,0.05,0.0,0.0,0.0,0.0,0.06992350700008262,0.0,0.0223587125365497,0.47423804602299663,0.22421917808219177,0.3231123287671232,0.0,-1.0677036846260097,0.0,12.487015092867377,0.0,0.0,0.0,0.0,0.0,0.0,0.0,0.0,0.0,0.0,0.0,0.0,0.0,0.0,0.0,0.0,0.0,0.0,0.0,0.0,0.0
2019-01-05T20:30:00-07:00,0.10711703728005406,0.0,0.3367873811503146,0.0,0.0,0.05,0.0,0.0,0.0,0.0,0.06992350700008262,0.0,0.0223587125365497,0.47423804602299663,0.22421917808219177,0.3231123287671232,0.0,-1.0567347351288898,0.0,12.418029055998476,0.0,0.0,0.0,0.0,0.0,0.0,0.0,0.0,0.0,0.0,0.0,0.0,0.0,0.0,0.0,0.0,0.0,0.0,0.0,0.0,0.0
2019-01-05T20:45:00-07:00,5.6184224836873415,0.0,0.3367873811503146,0.0,0.0,0.05,0.0,0.0,0.0,0.0,0.06992350700008262,0.0,0.0223587125365497,0.47423804602299663,0.22421917808219177,0.3231123287671232,0.0,-1.0454940594116027,0.0,12.347004833093795,0.0,0.0,0.0,0.0,0.0,0.0,0.0,0.0,0.0,0.0,0.0,0.0,0.0,0.0,0.0,0.0,0.0,0.0,0.0,0.0,0.0
2019-01-05T21:00:00-07:00,0.11756819832384535,0.0,0.3124593209838456,0.0,0.0,0.05,0.0,0.0,0.0,0.0,0.06843577280859149,0.0,0.020761661641081865,0.3405891421437885,0.21232876712328766,0.2961863013698629,0.0,-0.8707334467627671,0.0,12.255752113984137,0.0,0.0,0.0,0.0,0.0,0.0,0.0,0.0,0.0,0.0,0.0,0.0,0.0,0.0,0.0,0.0,0.0,0.0,0.0,0.0,0.0
2019-01-05T21:15:00-07:00,0.12817176534477615,0.0,0.3124593209838456,0.0,0.0,0.05,0.0,0.0,0.0,0.0,0.06843577280859149,0.0,0.020761661641081865,0.3405891421437885,0.21232876712328766,0.2961863013698629,0.0,-0.8601298797418363,0.0,12.167425044588796,0.0,0.0,0.0,0.0,0.0,0.0,0.0,0.0,0.0,0.0,0.0,0.0,0.0,0.0,0.0,0.0,0.0,0.0,0.0,0.0,0.0
2019-01-05T21:30:00-07:00,0.13897207347291685,0.0,0.3124593209838456,0.0,0.0,0.05,0.0,0.0,0.0,0.0,0.06843577280859149,0.0,0.020761661641081865,0.3405891421437885,0.21232876712328766,0.2961863013698629,0.0,-0.8493295716136956,0.0,12.087515041172031,0.0,0.0,0.0,0.0,0.0,0.0,0.0,0.0,0.0,0.0,0.0,0.0,0.0,0.0,0.0,0.0,0.0,0.0,0.0,0.0,0.0
2019-01-05T21:45:00-07:00,0.14954571823176088,0.0,0.3124593209838456,0.0,0.0,0.05,0.0,0.0,0.0,0.0,0.06843577280859149,0.0,0.020761661641081865,0.3405891421437885,0.21232876712328766,0.2961863013698629,0.0,-0.8387559268548516,0.0,12.010965089040623,0.0,0.0,0.0,0.0,0.0,0.0,0.0,0.0,0.0,0.0,0.0,0.0,0.0,0.0,0.0,0.0,0.0,0.0,0.0,0.0,0.0
2019-01-05T22:00:00-07:00,0.1274020591996492,0.0,0.28566343274780953,0.0,0.0,0.05,0.0,0.0,0.0,0.0,0.06546030442560927,0.0,0.017886970029239762,0.17245019855381696,0.1307945205479452,0.26926027397260266,0.0,-0.5784502083295647,0.0,11.907900900952704,0.0,0.0,0.0,0.0,0.0,0.0,0.0,0.0,0.0,0.0,0.0,0.0,0.0,0.0,0.0,0.0,0.0,0.0,0.0,0.0,0.0
2019-01-05T22:15:00-07:00,0.1341137523422301,0.0,0.28566343274780953,0.0,0.0,0.05,0.0,0.0,0.0,0.0,0.06546030442560927,0.0,0.017886970029239762,0.17245019855381696,0.1307945205479452,0.26926027397260266,0.0,-0.5717385151869838,0.0,11.815403428411885,0.0,0.0,0.0,0.0,0.0,0.0,0.0,0.0,0.0,0.0,0.0,0.0,0.0,0.0,0.0,0.0,0.0,0.0,0.0,0.0,0.0
2019-01-05T22:30:00-07:00,0.14027182916828973,0.0,0.28566343274780953,0.0,0.0,0.05,0.0,0.0,0.0,0.0,0.06546030442560927,0.0,0.017886970029239762,0.17245019855381696,0.1307945205479452,0.26926027397260266,0.0,-0.5655804383609242,0.0,11.730270224878668,0.0,0.0,0.0,0.0,0.0,0.0,0.0,0.0,0.0,0.0,0.0,0.0,0.0,0.0,0.0,0.0,0.0,0.0,0.0,0.0,0.0
2019-01-05T22:45:00-07:00,5.646090472246072,0.0,0.28566343274780953,0.0,0.0,0.05,0.0,0.0,0.0,0.0,0.06546030442560927,0.0,0.017886970029239762,0.17245019855381696,0.1307945205479452,0.26926027397260266,0.0,-0.559826565973142,0.0,11.64831463759545,0.0,0.0,0.0,0.0,0.0,0.0,0.0,0.0,0.0,0.0,0.0,0.0,0.0,0.0,0.0,0.0,0.0,0.0,0.0,0.0,0.0
2019-01-05T23:00:00-07:00,0.12253755139720379,0.0,0.2630625626380325,0.0,0.0,0.05,0.0,0.0,0.0,0.0,0.06099710185113591,0.0,0.015012278417397657,0.07760258934921763,0.05775342465753425,0.24906575342465745,0.0,-0.3878935963027391,0.0,11.547841380996458,0.0,0.0,0.0,0.0,0.0,0.0,0.0,0.0,0.0,0.0,0.0,0.0,0.0,0.0,0.0,0.0,0.0,0.0,0.0,0.0,0.0
2019-01-05T23:15:00-07:00,0.12652384312896442,0.0,0.2630625626380325,0.0,0.0,0.05,0.0,0.0,0.0,0.0,0.06099710185113591,0.0,0.015012278417397657,0.07760258934921763,0.05775342465753425,0.24906575342465745,0.0,-0.3839073045709785,0.0,11.453504494522052,0.0,0.0,0.0,0.0,0.0,0.0,0.0,0.0,0.0,0.0,0.0,0.0,0.0,0.0,0.0,0.0,0.0,0.0,0.0,0.0,0.0
2019-01-05T23:30:00-07:00,0.13047059050977766,0.0,0.2630625626380325,0.0,0.0,0.05,0.0,0.0,0.0,0.0,0.06099710185113591,0.0,0.015012278417397657,0.07760258934921763,0.05775342465753425,0.24906575342465745,0.0,-0.37996055719016525,0.0,11.362872855495967,0.0,0.0,0.0,0.0,0.0,0.0,0.0,0.0,0.0,0.0,0.0,0.0,0.0,0.0,0.0,0.0,0.0,0.0,0.0,0.0,0.0
2019-01-05T23:45:00-07:00,0.1342938890175105,0.0,0.2630625626380325,0.0,0.0,0.05,0.0,0.0,0.0,0.0,0.06099710185113591,0.0,0.015012278417397657,0.07760258934921763,0.05775342465753425,0.24906575342465745,0.0,-0.3761372586824324,0.0,11.276842442525968,0.0,0.0,0.0,0.0,0.0,0.0,0.0,0.0,0.0,0.0,0.0,0.0,0.0,0.0,0.0,0.0,0.0,0.0,0.0,0.0,0.0
2019-01-06T00:00:00-07:00,0.12518779835214566,0.0,0.2542512985517326,0.0,0.0,0.05,0.0,0.0,0.0,0.0,0.05950936765964479,0.0,0.012776407163742684,0.05173505956614509,0.02378082191780822,0.2423342465753424,0.0,-0.3149481045305375,0.0,11.187390510334092,0.0,0.0,0.0,0.0,0.0,0.0,0.0,0.0,0.0,0.0,0.0,0.0,0.0,0.0,0.0,0.0,0.0,0.0,0.0,0.0,0.0
2019-01-06T00:15:00-07:00,0.12813795193087363,0.0,0.2542512985517326,0.0,0.0,0.05,0.0,0.0,0.0,0.0,0.05950936765964479,0.0,0.012776407163742684,0.05173505956614509,0.02378082191780822,0.2423342465753424,0.0,-0.31199795095180954,0.0,11.10282495590759,0.0,0.0,0.0,0.0,0.0,0.0,0.0,0.0,0.0,0.0,0.0,0.0,0.0,0.0,0.0,0.0,0.0,0.0,0.0,0.0,0.0
2019-01-06T00:30:00-07:00,0.13094157678744966,0.0,0.2542512985517326,0.0,0.0,0.05,0.0,0.0,0.0,0.0,0.05950936765964479,0.0,0.012776407163742684,0.05173505956614509,0.02378082191780822,0.2423342465753424,0.0,-0.3091943260952335,0.0,11.021708029934485,0.0,0.0,0.0,0.0,0.0,0.0,0.0,0.0,0.0,0.0,0.0,0.0,0.0,0.0,0.0,0.0,0.0,0.0,0.0,0.0,0.0
2019-01-06T00:45:00-07:00,0.13360593893748623,0.0,0.2542512985517326,0.0,0.0,0.05,0.0,0.0,0.0,0.0,0.05950936765964479,0.0,0.012776407163742684,0.05173505956614509,0.02378082191780822,0.2423342465753424,0.0,-0.30652996394519694,0.0,10.945216203649956,0.0,0.0,0.0,0.0,0.0,0.0,0.0,0.0,0.0,0.0,0.0,0.0,0.0,0.0,0.0,0.0,0.0,0.0,0.0,0.0,0.0
2019-01-06T01:00:00-07:00,0.35058076926121273,0.0,0.25210288066125897,0.0,0.0,0.05,0.0,0.0,0.0,0.0,0.058021633468153665,0.0,0.011818176626461983,0.04311254963845424,0.01189041095890411,0.2423342465753424,0.0,-0.06659624800610363,0.0,10.872361990511902,0.0,0.0,0.0,0.0,0.0,0.0,0.0,0.0,0.0,0.0,0.0,0.0,0.0,0.0,0.0,0.0,0.0,0.0,0.0,0.0,0.0
2019-01-06T01:15:00-07:00,0.4221770172673164,0.0,0.25210288066125897,0.0,0.0,0.05,0.0,0.0,0.0,0.0,0.058021633468153665,0.0,0.011818176626461983,0.04311254963845424,0.01189041095890411,0.2423342465753424,0.0,0.005,0.0,10.804955308095773,0.0,0.0,0.0,0.0,0.0,0.0,0.0,0.0,0.0,0.0,0.0,0.0,0.0,0.0,0.0,0.0,0.0,0.0,0.0,0.0,0.0
2019-01-06T01:30:00-07:00,0.4221770172673164,0.0,0.25210288066125897,0.0,0.0,0.05,0.0,0.0,0.0,0.0,0.058021633468153665,0.0,0.011818176626461983,0.04311254963845424,0.01189041095890411,0.2423342465753424,0.0,0.005,0.0,10.74127788760153,0.0,0.0,0.0,0.0,0.0,0.0,0.0,0.0,0.0,0.0,0.0,0.0,0.0,0.0,0.0,0.0,0.0,0.0,0.0,0.0,0.0
2019-01-06T01:45:00-07:00,0.4221770172673164,0.0,0.25210288066125897,0.0,0.0,0.05,0.0,0.0,0.0,0.0,0.058021633468153665,0.0,0.011818176626461983,0.04311254963845424,0.01189041095890411,0.2423342465753424,0.0,0.005,0.0,10.678842468501175,0.0,0.0,0.0,0.0,0.0,0.0,0.0,0.0,0.0,0.0,0.0,0.0,0.0,0.0,0.0,0.0,0.0,0.0,0.0,0.0,0.0
2019-01-06T02:00:00-07:00,0.41559339266486633,0.0,0.2509126933080661,0.0,0.0,0.05,0.0,0.0,0.0,0.0,0.05653389927666255,0.0,0.011818176626461983,0.04311254963845424,0.006794520547945205,0.2423342465753424,0.0,0.005,0.0,10.616849002945143,0.0,0.0,0.0,0.0,0.0,0.0,0.0,0.0,0.0,0.0,0.0,0.0,0.0,0.0,0.0,0.0,0.0,0.0,0.0,0.0,0.0
2019-01-06T02:15:00-07:00,0.41559339266486633,0.0,0.2509126933080661,0.0,0.0,0.05,0.0,0.0,0.0,0.0,0.05653389927666255,0.0,0.011818176626461983,0.04311254963845424,0.006794520547945205,0.2423342465753424,0.0,0.005,0.0,10.55556389746653,0.0,0.0,0.0,0.0,0.0,0.0,0.0,0.0,0.0,0.0,0.0,0.0,0.0,0.0,0.0,0.0,0.0,0.0,0.0,0.0,0.0
2019-01-06T02:30:00-07:00,0.41559339266486633,0.0,0.2509126933080661,0.0,0.0,0.05,0.0,0.0,0.0,0.0,0.05653389927666255,0.0,0.011818176626461983,0.04311254963845424,0.006794520547945205,0.2423342465753424,0.0,0.005,0.0,10.49702579132413,0.0,0.0,0.0,0.0,0.0,0.0,0.0,0.0,0.0,0.0,0.0,0.0,0.0,0.0,0.0,0.0,0.0,0.0,0.0,0.0,0.0
2019-01-06T02:45:00-07:00,0.41559339266486633,0.0,0.2509126933080661,0.0,0.0,0.05,0.0,0.0,0.0,0.0,0.05653389927666255,0.0,0.011818176626461983,0.04311254963845424,0.006794520547945205,0.2423342465753424,0.0,0.005,0.0,10.438980177272807,0.0,0.0,0.0,0.0,0.0,0.0,0.0,0.0,0.0,0.0,0.0,0.0,0.0,0.0,0.0,0.0,0.0,0.0,0.0,0.0,0.0
2019-01-06T03:00:00-07:00,0.4117682079782018,0.0,0.24908368559668606,0.0,0.0,0.05,0.0,0.0,0.0,0.0,0.05504616508517143,0.0,0.01117935626827485,0.04311254963845424,0.005095890410958904,0.2423342465753424,0.0,0.005,0.0,10.38155232801535,0.0,0.0,0.0,0.0,0.0,0.0,0.0,0.0,0.0,0.0,0.0,0.0,0.0,0.0,0.0,0.0,0.0,0.0,0.0,0.0,0.0
2019-01-06T03:15:00-07:00,0.4117682079782018,0.0,0.24908368559668606,0.0,0.0,0.05,0.0,0.0,0.0,0.0,0.05504616508517143,0.0,0.01117935626827485,0.04311254963845424,0.005095890410958904,0.2423342465753424,0.0,0.005,0.0,10.324732436414296,0.0,0.0,0.0,0.0,0.0,0.0,0.0,0.0,0.0,0.0,0.0,0.0,0.0,0.0,0.0,0.0,0.0,0.0,0.0,0.0,0.0
2019-01-06T03:30:00-07:00,0.4117682079782018,0.0,0.24908368559668606,0.0,0.0,0.05,0.0,0.0,0.0,0.0,0.05504616508517143,0.0,0.01117935626827485,0.04311254963845424,0.005095890410958904,0.2423342465753424,0.0,0.005,0.0,10.267480489304662,0.0,0.0,0.0,0.0,0.0,0.0,0.0,0.0,0.0,0.0,0.0,0.0,0.0,0.0,0.0,0.0,0.0,0.0,0.0,0.0,0.0
2019-01-06T03:45:00-07:00,0.4117682079782018,0.0,0.24908368559668606,0.0,0.0,0.05,0.0,0.0,0.0,0.0,0.05504616508517143,0.0,0.01117935626827485,0.04311254963845424,0.005095890410958904,0.2423342465753424,0.0,0.005,0.0,10.210887326029956,0.0,0.0,0.0,0.0,0.0,0.0,0.0,0.0,0.0,0.0,0.0,0.0,0.0,0.0,0.0,0.0,0.0,0.0,0.0,0.0,0.0
2019-01-06T04:00:00-07:00,0.4162903588875424,0.0,0.24789349824349316,0.0,0.0,0.05,0.0,0.0,0.0,0.0,0.0535584308936803,0.0,0.01117935626827485,0.04742380460229966,0.006794520547945205,0.2423342465753424,0.0,0.005,0.0,10.15551373598842,0.0,0.0,0.0,0.0,0.0,0.0,0.0,0.0,0.0,0.0,0.0,0.0,0.0,0.0,0.0,0.0,0.0,0.0,0.0,0.0,0.0
2019-01-06T04:15:00-07:00,0.4162903588875424,0.0,0.24789349824349316,0.0,0.0,0.05,0.0,0.0,0.0,0.0,0.0535584308936803,0.0,0.01117935626827485,0.04742380460229966,0.006794520547945205,0.2423342465753424,0.0,0.005,0.0,10.100574125889235,0.0,0.0,0.0,0.0,0.0,0.0,0.0,0.0,0.0,0.0,0.0,0.0,0.0,0.0,0.0,0.0,0.0,0.0,0.0,0.0,0.0
2019-01-06T04:30:00-07:00,0.4162903588875424,0.0,0.24789349824349316,0.0,0.0,0.05,0.0,0.0,0.0,0.0,0.0535584308936803,0.0,0.01117935626827485,0.04742380460229966,0.006794520547945205,0.2423342465753424,0.0,0.005,0.0,10.049701879619354,0.0,0.0,0.0,0.0,0.0,0.0,0.0,0.0,0.0,0.0,0.0,0.0,0.0,0.0,0.0,0.0,0.0,0.0,0.0,0.0,0.0
2019-01-06T04:45:00-07:00,0.4162903588875424,0.0,0.24789349824349316,0.0,0.0,0.05,0.0,0.0,0.0,0.0,0.0535584308936803,0.0,0.01117935626827485,0.04742380460229966,0.006794520547945205,0.2423342465753424,0.0,0.005,0.0,10.00048092221974,0.0,0.0,0.0,0.0,0.0,0.0,0.0,0.0,0.0,0.0,0.0,0.0,0.0,0.0,0.0,0.0,0.0,0.0,0.0,0.0,0.0
2019-01-06T05:00:00-07:00,0.45114404462480723,0.0,0.24917113895986742,0.0,0.0,0.05,0.0,0.0,0.0,0.0,0.0535584308936803,0.0,0.012456996984649119,0.07760258934921763,0.010191780821917807,0.2423342465753424,0.0,0.005,0.0,9.957769390036045,0.0,0.0,0.0,0.0,0.0,0.0,0.0,0.0,0.0,0.0,0.0,0.0,0.0,0.0,0.0,0.0,0.0,0.0,0.0,0.0,0.0
2019-01-06T05:15:00-07:00,0.45114404462480723,0.0,0.24917113895986742,0.0,0.0,0.05,0.0,0.0,0.0,0.0,0.0535584308936803,0.0,0.012456996984649119,0.07760258934921763,0.010191780821917807,0.2423342465753424,0.0,0.005,0.0,9.916504891985909,0.0,0.0,0.0,0.0,0.0,0.0,0.0,0.0,0.0,0.0,0.0,0.0,0.0,0.0,0.0,0.0,0.0,0.0,0.0,0.0,0.0
2019-01-06T05:30:00-07:00,0.45114404462480723,0.0,0.24917113895986742,0.0,0.0,0.05,0.0,0.0,0.0,0.0,0.0535584308936803,0.0,0.012456996984649119,0.07760258934921763,0.010191780821917807,0.2423342465753424,0.0,0.005,0.0,9.874876561989176,0.0,0.0,0.0,0.0,0.0,0.0,0.0,0.0,0.0,0.0,0.0,0.0,0.0,0.0,0.0,0.0,0.0,0.0,0.0,0.0,0.0
2019-01-06T05:45:00-07:00,0.45114404462480723,0.0,0.24917113895986742,0.0,0.0,0.05,0.0,0.0,0.0,0.0,0.0535584308936803,0.0,0.012456996984649119,0.07760258934921763,0.010191780821917807,0.2423342465753424,0.0,0.005,0.0,9.833114107742166,0.0,0.0,0.0,0.0,0.0,0.0,0.0,0.0,0.0,0.0,0.0,0.0,0.0,0.0,0.0,0.0,0.0,0.0,0.0,0.0,0.0
2019-01-06T06:00:00-07:00,0.5277091577159778,0.0,0.2639189755206252,0.0,0.0,0.05,0.0,0.0,0.0,0.0,0.05653389927666255,0.0,0.014054047880116953,0.1293376489153627,0.016986301369863014,0.25579726027397254,0.0,0.005,0.0,9.799320947836133,0.0,0.0,0.0,0.0,0.0,0.0,0.0,0.0,0.0,0.0,0.0,0.0,0.0,0.0,0.0,0.0,0.0,0.0,0.0,0.0,0.0
2019-01-06T06:15:00-07:00,0.5277091577159778,0.0,0.2639189755206252,0.0,0.0,0.05,0.0,0.0,0.0,0.0,0.05653389927666255,0.0,0.014054047880116953,0.1293376489153627,0.016986301369863014,0.25579726027397254,0.0,0.005,0.0,9.762819791989894,0.0,0.0,0.0,0.0,0.0,0.0,0.0,0.0,0.0,0.0,0.0,0.0,0.0,0.0,0.0,0.0,0.0,0.0,0.0,0.0,0.0
2019-01-06T06:30:00-07:00,0.5277091577159778,0.0,0.2639189755206252,0.0,0.0,0.05,0.0,0.0,0.0,0.0,0.05653389927666255,0.0,0.014054047880116953,0.1293376489153627,0.016986301369863014,0.25579726027397254,0.0,0.005,0.0,9.723991917765654,0.0,0.0,0.0,0.0,0.0,0.0,0.0,0.0,0.0,0.0,0.0,0.0,0.0,0.0,0.0,0.0,0.0,0.0,0.0,0.0,0.0
2019-01-06T06:45:00-07:00,0.5277091577159778,0.0,0.2639189755206252,0.0,0.0,0.05,0.0,0.0,0.0,0.0,0.05653389927666255,0.0,0.014054047880116953,0.1293376489153627,0.016986301369863014,0.25579726027397254,0.0,0.005,0.0,9.685824966609134,0.0,0.0,0.0,0.0,0.0,0.0,0.0,0.0,0.0,0.0,0.0,0.0,0.0,0.0,0.0,0.0,0.0,0.0,0.0,0.0,0.0
2019-01-06T07:00:00-07:00,0.5929041065053194,0.0,0.28149673612808646,0.0,0.0,0.05,0.0,0.0,0.0,0.0,0.05950936765964479,0.0,0.013095817342836253,0.1638276886261261,0.02547945205479452,0.2759917808219177,0.0,0.005,0.0,9.65631752930602,0.0,0.0,0.0,0.0,0.0,0.0,0.0,0.0,0.0,0.0,0.0,0.0,0.0,0.0,0.0,0.0,0.0,0.0,0.0,0.0,0.0
2019-01-06T07:15:00-07:00,0.5929041065053194,0.0,0.28149673612808646,0.0,0.0,0.05,0.0,0.0,0.0,0.0,0.05950936765964479,0.0,0.013095817342836253,0.1638276886261261,0.02547945205479452,0.2759917808219177,0.0,0.005,0.0,9.625513517028827,0.0,0.0,0.0,0.0,0.0,0.0,0.0,0.0,0.0,0.0,0.0,0.0,0.0,0.0,0.0,0.0,0.0,0.0,0.0,0.0,0.0
2019-01-06T07:30:00-07:00,5.998884082795931,0.0,0.28149673612808646,0.0,0.0,0.05,0.0,0.0,0.0,0.0,0.05950936765964479,0.0,0.013095817342836253,0.1638276886261261,0.02547945205479452,0.2759917808219177,0.0940847943993879,0.005,0.0,9.605855755063407,0.0,0.0,0.0,0.0,0.0,0.0,0.0,0.0,0.0,0.0,0.0,0.0,0.0,0.0,0.0,0.0,0.0,0.0,0.0,0.0,0.0
2019-01-06T07:45:00-07:00,0.4522740304456951,0.0,0.28149673612808646,0.0,0.0,0.05,0.0,0.0,0.0,0.0,0.05950936765964479,0.0,0.013095817342836253,0.1638276886261261,0.02547945205479452,0.2759917808219177,0.14063007605962435,0.005,0.0,9.592598900400557,0.0,0.0,0.0,0.0,0.0,0.0,0.0,0.0,0.0,0.0,0.0,0.0,0.0,0.0,0.0,0.0,0.0,0.0,0.0,0.0,0.0
2019-01-06T08:00:00-07:00,0.46245968298998674,0.0,0.28487802716979577,0.0,0.0,0.05,0.0,0.0,0.0,0.0,0.06099710185113591,0.0,0.009901715551900581,0.1767614535176624,0.03397260273972603,0.28272328767123284,0.15689647834167106,0.005,0.0,9.580468243857336,0.0,0.0,0.0,0.0,0.0,0.0,0.0,0.0,0.0,0.0,0.0,0.0,0.0,0.0,0.0,0.0,0.0,0.0,0.0,0.0,0.0
2019-01-06T08:15:00-07:00,0.45887440250389794,0.0,0.28487802716979577,0.0,0.0,0.05,0.0,0.0,0.0,0.0,0.06099710185113591,0.0,0.009901715551900581,0.1767614535176624,0.03397260273972603,0.28272328767123284,0.1604817588277599,0.005,0.0,9.5644805529172,0.0,0.0,0.0,0.0,0.0,0.0,0.0,0.0,0.0,0.0,0.0,0.0,0.0,0.0,0.0,0.0,0.0,0.0,0.0,0.0,0.0
2019-01-06T08:30:00-07:00,0.051857251627358325,0.0,0.28487802716979577,0.0,0.0,0.05,0.0,0.0,0.0,0.0,0.06099710185113591,0.0,0.009901715551900581,0.1767614535176624,0.03397260273972603,0.28272328767123284,1.4347267298691104,0.8722278201648109,0.0,9.703258804673395,0.0,0.0,0.0,0.0,0.0,0.0,0.0,0.0,0.0,0.0,0.0,0.0,0.0,0.0,0.0,0.0,0.0,0.0,0.0,0.0,0.0
2019-01-06T08:45:00-07:00,0.05107574351121791,0.0,0.28487802716979577,0.0,0.0,0.05,0.0,0.0,0.0,0.0,0.06099710185113591,0.0,0.009901715551900581,0.1767614535176624,0.03397260273972603,0.28272328767123284,1.5413787547501314,0.9780983369296914,0.0,9.814648902301549,0.0,0.0,0.0,0.0,0.0,0.0,0.0,0.0,0.0,0.0,0.0,0.0,0.0,0.0,0.0,0.0,0.0,0.0,0.0,0.0,0.0
2019-01-06T09:00:00-07:00,0.050365434246263385,0.0,0.2829615660952344,0.0,0.0,0.05,0.0,0.0,0.0,0.0,0.06099710185113591,0.0,0.007985254477339178,0.1767614535176624,0.04246575342465753,0.28272328767123284,1.6379820389296413,1.067414622233877,0.0,9.90839544470078,0.0,0.0,0.0,0.0,0.0,0.0,0.0,0.0,0.0,0.0,0.0,0.0,0.0,0.0,0.0,0.0,0.0,0.0,0.0,0.0,0.0
2019-01-06T09:15:00-07:00,0.04960850951948337,0.0,0.2829615660952344,0.0,0.0,0.05,0.0,0.0,0.0,0.0,0.06099710185113591,0.0,0.007985254477339178,0.1767614535176624,0.04246575342465753,0.28272328767123284,1.7270646812940007,1.1557403398714563,0.0,9.99045372823772,0.0,0.0,0.0,0.0,0.0,0.0,0.0,0.0,0.0,0.0,0.0,0.0,0.0,0.0,0.0,0.0,0.0,0.0,0.0,0.0,0.0
2019-01-06T09:30:00-07:00,0.041006215446792726,0.0,0.2829615660952344,0.0,0.0,0.05,0.0,0.0,0.0,0.0,0.06099710185113591,0.0,0.007985254477339178,0.1767614535176624,0.04246575342465753,0.28272328767123284,2.44669113483701,1.866764499341775,0.0,10.117809196620804,0.0,0.0,0.0,0.0,0.0,0.0,0.0,0.0,0.0,0.0,0.0,0.0,0.0,0.0,0.0,0.0,0.0,0.0,0.0,0.0,0.0
2019-01-06T09:45:00-07:00,0.0397878616253724,0.0,0.2829615660952344,0.0,0.0,0.05,0.0,0.0,0.0,0.0,0.06099710185113591,0.0,0.007985254477339178,0.1767614535176624,0.04246575342465753,0.28272328767123284,2.5404964793404483,1.959351490023793,0.0,10.227236950587779,0.0,0.0,0.0,0.0,0.0,0.0,0.0,0.0,0.0,0.0,0.0,0.0,0.0,0.0,0.0,0.0,0.0,0.0,0.0,0.0,0.0
2019-01-06T10:00:00-07:00,0.03858714436173161,0.0,0.2814519685629479,0.0,0.0,0.05,0.0,0.0,0.0,0.0,0.05950936765964479,0.0,0.007665844298245611,0.16813894358997156,0.04756164383561644,0.28272328767123284,2.625393395606016,2.0483814529130364,0.0,10.321185115208193,0.0,0.0,0.0,0.0,0.0,0.0,0.0,0.0,0.0,0.0,0.0,0.0,0.0,0.0,0.0,0.0,0.0,0.0,0.0,0.0,0.0
2019-01-06T10:15:00-07:00,0.037595146243159405,0.0,0.2814519685629479,0.0,0.0,0.05,0.0,0.0,0.0,0.0,0.05950936765964479,0.0,0.007665844298245611,0.16813894358997156,0.04756164383561644,0.28272328767123284,2.7012360975570497,2.123232156745498,0.0,10.405352069196615,0.0,0.0,0.0,0.0,0.0,0.0,0.0,0.0,0.0,0.0,0.0,0.0,0.0,0.0,0.0,0.0,0.0,0.0,0.0,0.0,0.0
2019-01-06T10:30:00-07:00,5.520315969548358,0.0,0.2814519685629479,0.0,0.0,0.05,0.0,0.0,0.0,0.0,0.05950936765964479,0.0,0.007665844298245611,0.16813894358997156,0.04756164383561644,0.28272328767123284,3.611733294360174,3.0163854061638222,0.0,10.557104455472246,0.0,0.0,0.0,0.0,0.0,0.0,0.0,0.0,0.0,0.0,0.0,0.0,0.0,0.0,0.0,0.0,0.0,0.0,0.0,0.0,0.0
2019-01-06T10:45:00-07:00,0.01895285759051113,0.0,0.2814519685629479,0.0,0.0,0.05,0.0,0.0,0.0,0.0,0.05950936765964479,0.0,0.007665844298245611,0.16813894358997156,0.04756164383561644,0.28272328767123284,3.69395868990156,3.0973124604373603,0.0,10.68767246976563,0.0,0.0,0.0,0.0,0.0,0.0,0.0,0.0,0.0,0.0,0.0,0.0,0.0,0.0,0.0,0.0,0.0,0.0,0.0,0.0,0.0
2019-01-06T11:00:00-07:00,0.018219042618647485,0.0,0.2814519685629479,0.0,0.0,0.05,0.0,0.0,0.0,0.0,0.05950936765964479,0.0,0.007665844298245611,0.15951643366228066,0.05265753424657534,0.28272328767123284,3.7585134766086927,3.1646600516893613,0.0,10.802021116673831,0.0,0.0,0.0,0.0,0.0,0.0,0.0,0.0,0.0,0.0,0.0,0.0,0.0,0.0,0.0,0.0,0.0,0.0,0.0,0.0,0.0
2019-01-06T11:15:00-07:00,0.018245849367190203,0.0,0.2814519685629479,0.0,0.0,0.05,0.0,0.0,0.0,0.0,0.05950936765964479,0.0,0.007665844298245611,0.15951643366228066,0.05265753424657534,0.28272328767123284,3.8073824654385655,3.2135558472677768,0.0,10.908954800097147,0.0,0.0,0.0,0.0,0.0,0.0,0.0,0.0,0.0,0.0,0.0,0.0,0.0,0.0,0.0,0.0,0.0,0.0,0.0,0.0,0.0
2019-01-06T11:30:00-07:00,0.011108170664726913,0.0,0.2814519685629479,0.0,0.0,0.05,0.0,0.0,0.0,0.0,0.05950936765964479,0.0,0.007665844298245611,0.15951643366228066,0.05265753424657534,0.28272328767123284,4.17944820635143,3.578483909478178,0.0,11.01852310217868,0.0,0.0,0.0,0.0,0.0,0.0,0.0,0.0,0.0,0.0,0.0,0.0,0.0,0.0,0.0,0.0,0.0,0.0,0.0,0.0,0.0
2019-01-06T11:45:00-07:00,5.512560581748964,0.0,0.2814519685629479,0.0,0.0,0.05,0.0,0.0,0.0,0.0,0.05950936765964479,0.0,0.007665844298245611,0.15951643366228066,0.05265753424657534,0.28272328767123284,4.204689870377736,3.6051132138987216,0.0,11.12412049120266,0.0,0.0,0.0,0.0,0.0,0.0,0.0,0.0,0.0,0.0,0.0,0.0,0.0,0.0,0.0,0.0,0.0,0.0,0.0,0.0,0.0
2019-01-06T12:00:00-07:00,-0.7056331094423185,0.0,0.28415175344842725,0.0,0.0,0.05,0.0,0.0,0.0,0.0,0.06248483604262702,0.0,0.007985254477339178,0.15520517869843525,0.05605479452054794,0.28272328767123284,4.213664704703879,2.8935782438513784,0.0,11.226438408969113,0.0,0.0,0.0,0.0,0.0,0.0,0.0,0.0,0.0,0.0,0.0,0.0,0.0,0.0,0.0,0.0,0.0,0.0,0.0,0.0,0.0
2019-01-06T12:15:00-07:00,-3.5875533878896344,0.0,0.28415175344842725,0.0,0.0,0.05,0.0,0.0,0.0,0.0,0.06248483604262702,0.0,0.007985254477339178,0.15520517869843525,0.05605479452054794,0.28272328767123284,4.207006739299817,0.005,0.0,11.32902857752717,0.0,0.0,0.0,0.0,0.0,0.0,0.0,0.0,0.0,0.0,0.0,0.0,0.0,0.0,0.0,0.0,0.0,0.0,0.0,0.0,0.0
2019-01-06T12:30:00-07:00,-3.6862043784390814,0.0,0.28415175344842725,0.0,0.0,0.05,0.0,0.0,0.0,0.0,0.06248483604262702,0.0,0.007985254477339178,0.15520517869843525,0.05605479452054794,0.28272328767123284,4.305657729849264,0.005,0.0,11.418914655905779,0.0,0.0,0.0,0.0,0.0,0.0,0.0,0.0,0.0,0.0,0.0,0.0,0.0,0.0,0.0,0.0,0.0,0.0,0.0,0.0,0.0
2019-01-06T12:45:00-07:00,-3.6486090600853367,0.0,0.28415175344842725,0.0,0.0,0.05,0.0,0.0,0.0,0.0,0.06248483604262702,0.0,0.007985254477339178,0.15520517869843525,0.05605479452054794,0.28272328767123284,4.268062411495519,0.005,0.0,11.512833062740603,0.0,0.0,0.0,0.0,0.0,0.0,0.0,0.0,0.0,0.0,0.0,0.0,0.0,0.0,0.0,0.0,0.0,0.0,0.0,0.0,0.0
2019-01-06T13:00:00-07:00,-3.5905270722433684,0.0,0.28510998398570797,0.0,0.0,0.05,0.0,0.0,0.0,0.0,0.06248483604262702,0.0,0.008943485014619881,0.15089392373458985,0.06454794520547945,0.28272328767123284,4.2151205499119175,0.005,0.0,11.607801328966218,0.0,0.0,0.0,0.0,0.0,0.0,0.0,0.0,0.0,0.0,0.0,0.0,0.0,0.0,0.0,0.0,0.0,0.0,0.0,0.0,0.0
2019-01-06T13:15:00-07:00,-3.520274562934805,0.0,0.28510998398570797,0.0,0.0,0.05,0.0,0.0,0.0,0.0,0.06248483604262702,0.0,0.008943485014619881,0.15089392373458985,0.06454794520547945,0.28272328767123284,4.144868040603354,0.005,0.0,11.706337214709162,0.0,0.0,0.0,0.0,0.0,0.0,0.0,0.0,0.0,0.0,0.0,0.0,0.0,0.0,0.0,0.0,0.0,0.0,0.0,0.0,0.0
2019-01-06T13:30:00-07:00,-3.27272288927239,0.0,0.28510998398570797,0.0,0.0,0.05,0.0,0.0,0.0,0.0,0.06248483604262702,0.0,0.008943485014619881,0.15089392373458985,0.06454794520547945,0.28272328767123284,3.897316366940939,0.005,0.0,11.800118686501177,0.0,0.0,0.0,0.0,0.0,0.0,0.0,0.0,0.0,0.0,0.0,0.0,0.0,0.0,0.0,0.0,0.0,0.0,0.0,0.0,0.0
2019-01-06T13:45:00-07:00,-3.1675046218560357,0.0,0.28510998398570797,0.0,0.0,0.05,0.0,0.0,0.0,0.0,0.06248483604262702,0.0,0.008943485014619881,0.15089392373458985,0.06454794520547945,0.28272328767123284,3.7920980995245848,0.005,0.0,11.900544553940666,0.0,0.0,0.0,0.0,0.0,0.0,0.0,0.0,0.0,0.0,0.0,0.0,0.0,0.0,0.0,0.0,0.0,0.0,0.0,0.0,0.0
2019-01-06T14:00:00-07:00,-3.0288985413870133,0.0,0.2857488043438951,0.0,0.0,0.05,0.0,0.0,0.0,0.0,0.06248483604262702,0.0,0.009582305372807014,0.15951643366228066,0.07134246575342466,0.28272328767123284,3.6695478698893855,0.005,0.0,12.00651199893577,0.0,0.0,0.0,0.0,0.0,0.0,0.0,0.0,0.0,0.0,0.0,0.0,0.0,0.0,0.0,0.0,0.0,0.0,0.0,0.0,0.0
2019-01-06T14:15:00-07:00,-2.9192777450017884,0.0,0.2857488043438951,0.0,0.0,0.05,0.0,0.0,0.0,0.0,0.06248483604262702,0.0,0.009582305372807014,0.15951643366228066,0.07134246575342466,0.28272328767123284,3.5599270735041606,0.005,0.0,12.118721969057898,0.0,0.0,0.0,0.0,0.0,0.0,0.0,0.0,0.0,0.0,0.0,0.0,0.0,0.0,0.0,0.0,0.0,0.0,0.0,0.0,0.0
2019-01-06T14:30:00-07:00,-2.4508867516376585,0.0,0.2857488043438951,0.0,0.0,0.05,0.0,0.0,0.0,0.0,0.06248483604262702,0.0,0.009582305372807014,0.15951643366228066,0.07134246575342466,0.28272328767123284,3.0915360801400307,0.005,0.0,12.19548378309218,0.0,0.0,0.0,0.0,0.0,0.0,0.0,0.0,0.0,0.0,0.0,0.0,0.0,0.0,0.0,0.0,0.0,0.0,0.0,0.0,0.0
2019-01-06T14:45:00-07:00,-2.3259811128672805,0.0,0.2857488043438951,0.0,0.0,0.05,0.0,0.0,0.0,0.0,0.06248483604262702,0.0,0.009582305372807014,0.15951643366228066,0.07134246575342466,0.28272328767123284,2.9666304413696527,0.005,0.0,12.27914511594521,0.0,0.0,0.0,0.0,0.0,0.0,0.0,0.0,0.0,0.0,0.0,0.0,0.0,0.0,0.0,0.0,0.0,0.0,0.0,0.0,0.0
2019-01-06T15:00:00-07:00,-1.1245340684143426,0.0,0.2969260788450741,0.0,0.0,0.05,0.0,0.0,0.0,0.0,0.06099710185113591,1.0,0.01117935626827485,0.1767614535176624,0.07813698630136985,0.2961863013698629,2.8027952677226486,0.005,0.0,12.364607208094885,0.0,0.0,0.0,0.0,0.0,0.0,0.0,0.0,0.0,0.0,0.0,0.0,0.0,0.0,0.0,0.0,0.0,0.0,0.0,0.0,0.0
2019-01-06T15:15:00-07:00,-0.9470101503600905,0.0,0.2969260788450741,0.0,0.0,0.05,0.0,0.0,0.0,0.0,0.06099710185113591,1.0,0.01117935626827485,0.1767614535176624,0.07813698630136985,0.2961863013698629,2.6252713496683966,0.005,0.0,12.445786280836879,0.0,0.0,0.0,0.0,0.0,0.0,0.0,0.0,0.0,0.0,0.0,0.0,0.0,0.0,0.0,0.0,0.0,0.0,0.0,0.0,0.0
2019-01-06T15:30:00-07:00,-0.2477390246722928,0.0,0.2969260788450741,0.0,0.0,0.05,0.0,0.0,0.0,0.0,0.06099710185113591,1.0,0.01117935626827485,0.1767614535176624,0.07813698630136985,0.2961863013698629,1.926000223980599,0.005,0.0,12.465334641373186,0.0,0.0,0.0,0.0,0.0,0.0,0.0,0.0,0.0,0.0,0.0,0.0,0.0,0.0,0.0,0.0,0.0,0.0,0.0,0.0,0.0
2019-01-06T15:45:00-07:00,-0.08725136439548176,0.0,0.2969260788450741,0.0,0.0,0.05,0.0,0.0,0.0,0.0,0.06099710185113591,1.0,0.01117935626827485,0.1767614535176624,0.07813698630136985,0.2961863013698629,1.7655125637037878,0.005,0.0,12.489325262594052,0.0,0.0,0.0,0.0,0.0,0.0,0.0,0.0,0.0,0.0,0.0,0.0,0.0,0.0,0.0,0.0,0.0,0.0,0.0,0.0,0.0
2019-01-06T16:00:00-07:00,0.08621795589201708,0.0,0.3195269489548511,0.0,0.0,0.05,0.0,0.0,0.0,0.0,0.06546030442560927,1.0,0.014054047880116953,0.2155627481922712,0.09172602739726027,0.31638082191780814,1.5853270498973115,-0.08163894402373732,0.0,12.519008079545333,0.0,0.0,0.0,0.0,0.0,0.0,0.0,0.0,0.0,0.0,0.0,0.0,0.0,0.0,0.0,0.0,0.0,0.0,0.0,0.0,0.0
2019-01-06T16:15:00-07:00,5.6511721423187815,0.0,0.3195269489548511,0.0,0.0,0.05,0.0,0.0,0.0,0.0,0.06546030442560927,1.0,0.014054047880116953,0.2155627481922712,0.09172602739726027,0.31638082191780814,1.3455123775751856,-0.25656420060909857,0.0,12.53236497855763,0.0,0.0,0.0,0.0,0.0,0.0,0.0,0.0,0.0,0.0,0.0,0.0,0.0,0.0,0.0,0.0,0.0,0.0,0.0,0.0,0.0
2019-01-06T16:30:00-07:00,0.4175175586209656,0.0,0.3195269489548511,0.0,0.0,0.05,0.0,0.0,0.0,0.0,0.06546030442560927,1.0,0.014054047880116953,0.2155627481922712,0.09172602739726027,0.31638082191780814,0.3801430182530299,-0.9555233729390703,0.0,12.399463677829814,0.0,0.0,0.0,0.0,0.0,0.0,0.0,0.0,0.0,0.0,0.0,0.0,0.0,0.0,0.0,0.0,0.0,0.0,0.0,0.0,0.0
2019-01-06T16:45:00-07:00,0.4392788126021214,0.0,0.3195269489548511,0.0,0.0,0.05,0.0,0.0,0.0,0.0,0.06546030442560927,1.0,0.014054047880116953,0.2155627481922712,0.09172602739726027,0.31638082191780814,0.31692547322531145,-0.9969796639856331,0.0,12.29115651630716,0.0,0.0,0.0,0.0,0.0,0.0,0.0,0.0,0.0,0.0,0.0,0.0,0.0,0.0,0.0,0.0,0.0,0.0,0.0,0.0,0.0
2019-01-06T17:00:00-07:00,0.2111414170239625,0.0,0.3442762369551017,0.0,0.0,0.05,0.0,0.0,0.0,0.0,0.07141124119157374,0.0,0.017886970029239762,0.2802315726499526,0.10531506849315068,0.3365753424657534,0.2519761279102591,-0.3983026498954487,0.0,12.208913994951065,0.0,0.0,0.0,0.0,0.0,0.0,0.0,0.0,0.0,0.0,0.0,0.0,0.0,0.0,0.0,0.0,0.0,0.0,0.0,0.0,0.0
2019-01-06T17:15:00-07:00,0.23252038479740567,0.0,0.3442762369551017,0.0,0.0,0.05,0.0,0.0,0.0,0.0,0.07141124119157374,0.0,0.017886970029239762,0.2802315726499526,0.10531506849315068,0.3365753424657534,0.18560096572172172,-0.4432988443105429,0.0,12.131251615676968,0.0,0.0,0.0,0.0,0.0,0.0,0.0,0.0,0.0,0.0,0.0,0.0,0.0,0.0,0.0,0.0,0.0,0.0,0.0,0.0,0.0
2019-01-06T17:30:00-07:00,0.2891728172485628,0.0,0.3442762369551017,0.0,0.0,0.05,0.0,0.0,0.0,0.0,0.07141124119157374,0.0,0.017886970029239762,0.2802315726499526,0.10531506849315068,0.3365753424657534,0.0,-0.5722473775811074,0.0,12.012216321337904,0.0,0.0,0.0,0.0,0.0,0.0,0.0,0.0,0.0,0.0,0.0,0.0,0.0,0.0,0.0,0.0,0.0,0.0,0.0,0.0,0.0
2019-01-06T17:45:00-07:00,0.29303500753274636,0.0,0.3442762369551017,0.0,0.0,0.05,0.0,0.0,0.0,0.0,0.07141124119157374,0.0,0.017886970029239762,0.2802315726499526,0.10531506849315068,0.3365753424657534,0.0,-0.5683851872969239,0.0,11.902455530458179,0.0,0.0,0.0,0.0,0.0,0.0,0.0,0.0,0.0,0.0,0.0,0.0,0.0,0.0,0.0,0.0,0.0,0.0,0.0,0.0,0.0
2019-01-06T18:00:00-07:00,0.33723305332361997,0.0,0.35459709857368804,0.0,0.0,0.05,0.0,0.0,0.0,0.0,0.07438670957455598,0.0,0.020442251461988296,0.3707679268907064,0.1358904109589041,0.3433068493150684,0.0,-0.6575610948776033,0.0,11.813015021704205,0.0,0.0,0.0,0.0,0.0,0.0,0.0,0.0,0.0,0.0,0.0,0.0,0.0,0.0,0.0,0.0,0.0,0.0,0.0,0.0,0.0
2019-01-06T18:15:00-07:00,0.34239930738507696,0.0,0.35459709857368804,0.0,0.0,0.05,0.0,0.0,0.0,0.0,0.07438670957455598,0.0,0.020442251461988296,0.3707679268907064,0.1358904109589041,0.3433068493150684,0.0,-0.6523948408161463,0.0,11.722583464482543,0.0,0.0,0.0,0.0,0.0,0.0,0.0,0.0,0.0,0.0,0.0,0.0,0.0,0.0,0.0,0.0,0.0,0.0,0.0,0.0,0.0
2019-01-06T18:30:00-07:00,0.34797465350166334,0.0,0.35459709857368804,0.0,0.0,0.05,0.0,0.0,0.0,0.0,0.07438670957455598,0.0,0.020442251461988296,0.3707679268907064,0.1358904109589041,0.3433068493150684,0.0,-0.6468194946995599,0.0,11.63611790072689,0.0,0.0,0.0,0.0,0.0,0.0,0.0,0.0,0.0,0.0,0.0,0.0,0.0,0.0,0.0,0.0,0.0,0.0,0.0,0.0,0.0
2019-01-06T18:45:00-07:00,5.853930525851885,0.0,0.35459709857368804,0.0,0.0,0.05,0.0,0.0,0.0,0.0,0.07438670957455598,0.0,0.020442251461988296,0.3707679268907064,0.1358904109589041,0.3433068493150684,0.0,-0.6409283930393385,0.0,11.54897495077186,0.0,0.0,0.0,0.0,0.0,0.0,0.0,0.0,0.0,0.0,0.0,0.0,0.0,0.0,0.0,0.0,0.0,0.0,0.0,0.0,0.0
2019-01-06T19:00:00-07:00,0.40170594437455687,0.0,0.3481091591042245,0.0,0.0,0.05,0.0,0.0,0.0,0.0,0.07141124119157374,0.0,0.02171989217836257,0.456993026167615,0.18684931506849314,0.3365753424657534,0.0,-0.7218428726972411,0.0,11.47696174669215,0.0,0.0,0.0,0.0,0.0,0.0,0.0,0.0,0.0,0.0,0.0,0.0,0.0,0.0,0.0,0.0,0.0,0.0,0.0,0.0,0.0
2019-01-06T19:15:00-07:00,0.4085499171595979,0.0,0.3481091591042245,0.0,0.0,0.05,0.0,0.0,0.0,0.0,0.07141124119157374,0.0,0.02171989217836257,0.456993026167615,0.18684931506849314,0.3365753424657534,0.0,-0.7149988999122001,0.0,11.401525692112905,0.0,0.0,0.0,0.0,0.0,0.0,0.0,0.0,0.0,0.0,0.0,0.0,0.0,0.0,0.0,0.0,0.0,0.0,0.0,0.0,0.0
2019-01-06T19:30:00-07:00,0.4155046956334073,0.0,0.3481091591042245,0.0,0.0,0.05,0.0,0.0,0.0,0.0,0.07141124119157374,0.0,0.02171989217836257,0.456993026167615,0.18684931506849314,0.3365753424657534,0.0,-0.7080441214383907,0.0,11.32099103856093,0.0,0.0,0.0,0.0,0.0,0.0,0.0,0.0,0.0,0.0,0.0,0.0,0.0,0.0,0.0,0.0,0.0,0.0,0.0,0.0,0.0
2019-01-06T19:45:00-07:00,0.4226623647005885,0.0,0.3481091591042245,0.0,0.0,0.05,0.0,0.0,0.0,0.0,0.07141124119157374,0.0,0.02171989217836257,0.456993026167615,0.18684931506849314,0.3365753424657534,0.0,-0.7008864523712095,0.0,11.238738178791325,0.0,0.0,0.0,0.0,0.0,0.0,0.0,0.0,0.0,0.0,0.0,0.0,0.0,0.0,0.0,0.0,0.0,0.0,0.0,0.0,0.0
2019-01-06T20:00:00-07:00,0.44430335539792154,0.0,0.3367873811503146,0.0,0.0,0.05,0.0,0.0,0.0,0.0,0.06992350700008262,0.0,0.0223587125365497,0.47423804602299663,0.22421917808219177,0.3231123287671232,0.0,-0.7195484170110223,0.0,11.159478474196138,0.0,0.0,0.0,0.0,0.0,0.0,0.0,0.0,0.0,0.0,0.0,0.0,0.0,0.0,0.0,0.0,0.0,0.0,0.0,0.0,0.0
2019-01-06T20:15:00-07:00,0.45243509067613263,0.0,0.3367873811503146,0.0,0.0,0.05,0.0,0.0,0.0,0.0,0.06992350700008262,0.0,0.0223587125365497,0.47423804602299663,0.22421917808219177,0.3231123287671232,0.0,-0.7114166817328113,0.0,11.077292907731016,0.0,0.0,0.0,0.0,0.0,0.0,0.0,0.0,0.0,0.0,0.0,0.0,0.0,0.0,0.0,0.0,0.0,0.0,0.0,0.0,0.0
2019-01-06T20:30:00-07:00,0.46099638260039144,0.0,0.3367873811503146,0.0,0.0,0.05,0.0,0.0,0.0,0.0,0.06992350700008262,0.0,0.0223587125365497,0.47423804602299663,0.22421917808219177,0.3231123287671232,0.0,-0.7028553898085524,0.0,11.001885725314956,0.0,0.0,0.0,0.0,0.0,0.0,0.0,0.0,0.0,0.0,0.0,0.0,0.0,0.0,0.0,0.0,0.0,0.0,0.0,0.0,0.0
2019-01-06T20:45:00-07:00,0.4699518988176865,0.0,0.3367873811503146,0.0,0.0,0.05,0.0,0.0,0.0,0.0,0.06992350700008262,0.0,0.0223587125365497,0.47423804602299663,0.22421917808219177,0.3231123287671232,0.0,-0.6938998735912574,0.0,10.922126524964979,0.0,0.0,0.0,0.0,0.0,0.0,0.0,0.0,0.0,0.0,0.0,0.0,0.0,0.0,0.0,0.0,0.0,0.0,0.0,0.0,0.0
2019-01-06T21:00:00-07:00,0.4122791752934255,0.0,0.3124593209838456,0.0,0.0,0.05,0.0,0.0,0.0,0.0,0.06843577280859149,0.0,0.020761661641081865,0.3405891421437885,0.21232876712328766,0.2961863013698629,0.0,-0.5760224697931869,0.0,10.820288650475087,0.0,0.0,0.0,0.0,0.0,0.0,0.0,0.0,0.0,0.0,0.0,0.0,0.0,0.0,0.0,0.0,0.0,0.0,0.0,0.0,0.0
2019-01-06T21:15:00-07:00,0.42088931760784476,0.0,0.3124593209838456,0.0,0.0,0.05,0.0,0.0,0.0,0.0,0.06843577280859149,0.0,0.020761661641081865,0.3405891421437885,0.21232876712328766,0.2961863013698629,0.0,-0.5674123274787677,0.0,10.720894514857854,0.0,0.0,0.0,0.0,0.0,0.0,0.0,0.0,0.0,0.0,0.0,0.0,0.0,0.0,0.0,0.0,0.0,0.0,0.0,0.0,0.0
2019-01-06T21:30:00-07:00,0.42978154579760874,0.0,0.3124593209838456,0.0,0.0,0.05,0.0,0.0,0.0,0.0,0.06843577280859149,0.0,0.020761661641081865,0.3405891421437885,0.21232876712328766,0.2961863013698629,0.0,-0.5585200992890037,0.0,10.624446794021187,0.0,0.0,0.0,0.0,0.0,0.0,0.0,0.0,0.0,0.0,0.0,0.0,0.0,0.0,0.0,0.0,0.0,0.0,0.0,0.0,0.0
2019-01-06T21:45:00-07:00,0.4385285217835917,0.0,0.3124593209838456,0.0,0.0,0.05,0.0,0.0,0.0,0.0,0.06843577280859149,0.0,0.020761661641081865,0.3405891421437885,0.21232876712328766,0.2961863013698629,0.0,-0.5497731233030207,0.0,10.532064976078287,0.0,0.0,0.0,0.0,0.0,0.0,0.0,0.0,0.0,0.0,0.0,0.0,0.0,0.0,0.0,0.0,0.0,0.0,0.0,0.0,0.0
2019-01-06T22:00:00-07:00,0.3286513033868158,0.0,0.28566343274780953,0.0,0.0,0.05,0.0,0.0,0.0,0.0,0.06546030442560927,0.0,0.017886970029239762,0.17245019855381696,0.1307945205479452,0.26926027397260266,0.0,-0.3772009641423981,0.0,10.412780828908065,0.0,0.0,0.0,0.0,0.0,0.0,0.0,0.0,0.0,0.0,0.0,0.0,0.0,0.0,0.0,0.0,0.0,0.0,0.0,0.0,0.0
2019-01-06T22:15:00-07:00,0.334315365933563,0.0,0.28566343274780953,0.0,0.0,0.05,0.0,0.0,0.0,0.0,0.06546030442560927,0.0,0.017886970029239762,0.17245019855381696,0.1307945205479452,0.26926027397260266,0.0,-0.37153690159565095,0.0,10.30321847465832,0.0,0.0,0.0,0.0,0.0,0.0,0.0,0.0,0.0,0.0,0.0,0.0,0.0,0.0,0.0,0.0,0.0,0.0,0.0,0.0,0.0
2019-01-06T22:30:00-07:00,0.33969968976274684,0.0,0.28566343274780953,0.0,0.0,0.05,0.0,0.0,0.0,0.0,0.06546030442560927,0.0,0.017886970029239762,0.17245019855381696,0.1307945205479452,0.26926027397260266,0.0,-0.3661525777664671,0.0,10.201519647510695,0.0,0.0,0.0,0.0,0.0,0.0,0.0,0.0,0.0,0.0,0.0,0.0,0.0,0.0,0.0,0.0,0.0,0.0,0.0,0.0,0.0
2019-01-06T22:45:00-07:00,0.3448180384046094,0.0,0.28566343274780953,0.0,0.0,0.05,0.0,0.0,0.0,0.0,0.06546030442560927,0.0,0.017886970029239762,0.17245019855381696,0.1307945205479452,0.26926027397260266,0.0,-0.36103422912460453,0.0,10.102696113255782,0.0,0.0,0.0,0.0,0.0,0.0,0.0,0.0,0.0,0.0,0.0,0.0,0.0,0.0,0.0,0.0,0.0,0.0,0.0,0.0,0.0
2019-01-06T23:00:00-07:00,0.26190445262774253,0.0,0.2630625626380325,0.0,0.0,0.05,0.0,0.0,0.0,0.0,0.06099710185113591,0.0,0.015012278417397657,0.07760258934921763,0.05775342465753425,0.24906575342465745,0.0,-0.24852669507220038,0.0,9.983528708533493,0.0,0.0,0.0,0.0,0.0,0.0,0.0,0.0,0.0,0.0,0.0,0.0,0.0,0.0,0.0,0.0,0.0,0.0,0.0,0.0,0.0
2019-01-06T23:15:00-07:00,5.765672690518578,0.0,0.2630625626380325,0.0,0.0,0.05,0.0,0.0,0.0,0.0,0.06099710185113591,0.0,0.015012278417397657,0.07760258934921763,0.05775342465753425,0.24906575342465745,0.0,-0.24482322787136465,0.0,9.869472917431137,0.0,0.0,0.0,0.0,0.0,0.0,0.0,0.0,0.0,0.0,0.0,0.0,0.0,0.0,0.0,0.0,0.0,0.0,0.0,0.0,0.0
2019-01-06T23:30:00-07:00,0.2694169593955281,0.0,0.2630625626380325,0.0,0.0,0.05,0.0,0.0,0.0,0.0,0.06099710185113591,0.0,0.015012278417397657,0.07760258934921763,0.05775342465753425,0.24906575342465745,0.0,-0.24101418830441476,0.0,9.760261758097839,0.0,0.0,0.0,0.0,0.0,0.0,0.0,0.0,0.0,0.0,0.0,0.0,0.0,0.0,0.0,0.0,0.0,0.0,0.0,0.0,0.0
2019-01-06T23:45:00-07:00,0.27316834832218617,0.0,0.2630625626380325,0.0,0.0,0.05,0.0,0.0,0.0,0.0,0.06099710185113591,0.0,0.015012278417397657,0.07760258934921763,0.05775342465753425,0.24906575342465745,0.0,-0.23726279937775674,0.0,9.656279568289571,0.0,0.0,0.0,0.0,0.0,0.0,0.0,0.0,0.0,0.0,0.0,0.0,0.0,0.0,0.0,0.0,0.0,0.0,0.0,0.0,0.0
2019-01-07T00:00:00-07:00,0.2428520714916423,0.0,0.2542512985517326,0.0,0.0,0.05,0.0,0.0,0.0,0.0,0.05950936765964479,0.0,0.012776407163742684,0.05173505956614509,0.02378082191780822,0.2423342465753424,0.0,-0.19728383139104086,0.0,9.549592311390507,0.0,0.0,0.0,0.0,0.0,0.0,0.0,0.0,0.0,0.0,0.0,0.0,0.0,0.0,0.0,0.0,0.0,0.0,0.0,0.0,0.0
2019-01-07T00:15:00-07:00,0.24573152138287357,0.0,0.2542512985517326,0.0,0.0,0.05,0.0,0.0,0.0,0.0,0.05950936765964479,0.0,0.012776407163742684,0.05173505956614509,0.02378082191780822,0.2423342465753424,0.0,-0.1944043814998096,0.0,9.448139572522761,0.0,0.0,0.0,0.0,0.0,0.0,0.0,0.0,0.0,0.0,0.0,0.0,0.0,0.0,0.0,0.0,0.0,0.0,0.0,0.0,0.0
2019-01-07T00:30:00-07:00,0.2484676119995035,0.0,0.2542512985517326,0.0,0.0,0.05,0.0,0.0,0.0,0.0,0.05950936765964479,0.0,0.012776407163742684,0.05173505956614509,0.02378082191780822,0.2423342465753424,0.0,-0.19166829088317966,0.0,9.348981520463068,0.0,0.0,0.0,0.0,0.0,0.0,0.0,0.0,0.0,0.0,0.0,0.0,0.0,0.0,0.0,0.0,0.0,0.0,0.0,0.0,0.0
2019-01-07T00:45:00-07:00,0.2510674711176052,0.0,0.2542512985517326,0.0,0.0,0.05,0.0,0.0,0.0,0.0,0.05950936765964479,0.0,0.012776407163742684,0.05173505956614509,0.02378082191780822,0.2423342465753424,0.0,-0.18906843176507798,0.0,9.254583004242194,0.0,0.0,0.0,0.0,0.0,0.0,0.0,0.0,0.0,0.0,0.0,0.0,0.0,0.0,0.0,0.0,0.0,0.0,0.0,0.0,0.0
2019-01-07T01:00:00-07:00,0.24178900173218218,0.0,0.25210288066125897,0.0,0.0,0.05,0.0,0.0,0.0,0.0,0.058021633468153665,0.0,0.011818176626461983,0.04311254963845424,0.01189041095890411,0.2423342465753424,0.0,-0.1753880155351342,0.0,9.163465036949916,0.0,0.0,0.0,0.0,0.0,0.0,0.0,0.0,0.0,0.0,0.0,0.0,0.0,0.0,0.0,0.0,0.0,0.0,0.0,0.0,0.0
2019-01-07T01:15:00-07:00,0.24381992981103395,0.0,0.25210288066125897,0.0,0.0,0.05,0.0,0.0,0.0,0.0,0.058021633468153665,0.0,0.011818176626461983,0.04311254963845424,0.01189041095890411,0.2423342465753424,0.0,-0.17335708745628242,0.0,9.077291914288812,0.0,0.0,0.0,0.0,0.0,0.0,0.0,0.0,0.0,0.0,0.0,0.0,0.0,0.0,0.0,0.0,0.0,0.0,0.0,0.0,0.0
2019-01-07T01:30:00-07:00,0.24562361969983895,0.0,0.25210288066125897,0.0,0.0,0.05,0.0,0.0,0.0,0.0,0.058021633468153665,0.0,0.011818176626461983,0.04311254963845424,0.01189041095890411,0.2423342465753424,0.0,-0.17155339756747742,0.0,8.998325676265651,0.0,0.0,0.0,0.0,0.0,0.0,0.0,0.0,0.0,0.0,0.0,0.0,0.0,0.0,0.0,0.0,0.0,0.0,0.0,0.0,0.0
2019-01-07T01:45:00-07:00,0.2472801501856468,0.0,0.25210288066125897,0.0,0.0,0.05,0.0,0.0,0.0,0.0,0.058021633468153665,0.0,0.011818176626461983,0.04311254963845424,0.01189041095890411,0.2423342465753424,0.0,-0.16989686708166957,0.0,8.918191884331785,0.0,0.0,0.0,0.0,0.0,0.0,0.0,0.0,0.0,0.0,0.0,0.0,0.0,0.0,0.0,0.0,0.0,0.0,0.0,0.0,0.0
2019-01-07T02:00:00-07:00,0.24553702022000115,0.0,0.2509126933080661,0.0,0.0,0.05,0.0,0.0,0.0,0.0,0.05653389927666255,0.0,0.011818176626461983,0.04311254963845424,0.006794520547945205,0.2423342465753424,0.0,-0.16505637244486518,0.0,8.833989385071193,0.0,0.0,0.0,0.0,0.0,0.0,0.0,0.0,0.0,0.0,0.0,0.0,0.0,0.0,0.0,0.0,0.0,0.0,0.0,0.0,0.0
2019-01-07T02:15:00-07:00,0.24754222037648532,0.0,0.2509126933080661,0.0,0.0,0.05,0.0,0.0,0.0,0.0,0.05653389927666255,0.0,0.011818176626461983,0.04311254963845424,0.006794520547945205,0.2423342465753424,0.0,-0.163051172288381,0.0,8.74562635574508,0.0,0.0,0.0,0.0,0.0,0.0,0.0,0.0,0.0,0.0,0.0,0.0,0.0,0.0,0.0,0.0,0.0,0.0,0.0,0.0,0.0
2019-01-07T02:30:00-07:00,0.2499037497894661,0.0,0.2509126933080661,0.0,0.0,0.05,0.0,0.0,0.0,0.0,0.05653389927666255,0.0,0.011818176626461983,0.04311254963845424,0.006794520547945205,0.2423342465753424,0.0,-0.16068964287540022,0.0,8.653436538079664,0.0,0.0,0.0,0.0,0.0,0.0,0.0,0.0,0.0,0.0,0.0,0.0,0.0,0.0,0.0,0.0,0.0,0.0,0.0,0.0,0.0
2019-01-07T02:45:00-07:00,0.2525278995249747,0.0,0.2509126933080661,0.0,0.0,0.05,0.0,0.0,0.0,0.0,0.05653389927666255,0.0,0.011818176626461983,0.04311254963845424,0.006794520547945205,0.2423342465753424,0.0,-0.15806549313989166,0.0,8.561238443193552,0.0,0.0,0.0,0.0,0.0,0.0,0.0,0.0,0.0,0.0,0.0,0.0,0.0,0.0,0.0,0.0,0.0,0.0,0.0,0.0,0.0
2019-01-07T03:00:00-07:00,0.2531637792209568,0.0,0.24908368559668606,0.0,0.0,0.05,0.0,0.0,0.0,0.0,0.05504616508517143,0.0,0.01117935626827485,0.04311254963845424,0.005095890410958904,0.2423342465753424,0.0,-0.15360442875724503,0.0,8.469474395319168,0.0,0.0,0.0,0.0,0.0,0.0,0.0,0.0,0.0,0.0,0.0,0.0,0.0,0.0,0.0,0.0,0.0,0.0,0.0,0.0,0.0
2019-01-07T03:15:00-07:00,0.25599222456429527,0.0,0.24908368559668606,0.0,0.0,0.05,0.0,0.0,0.0,0.0,0.05504616508517143,0.0,0.01117935626827485,0.04311254963845424,0.005095890410958904,0.2423342465753424,0.0,-0.15077598341390655,0.0,8.37792130185688,0.0,0.0,0.0,0.0,0.0,0.0,0.0,0.0,0.0,0.0,0.0,0.0,0.0,0.0,0.0,0.0,0.0,0.0,0.0,0.0,0.0
2019-01-07T03:30:00-07:00,0.2589005690040781,0.0,0.24908368559668606,0.0,0.0,0.05,0.0,0.0,0.0,0.0,0.05504616508517143,0.0,0.01117935626827485,0.04311254963845424,0.005095890410958904,0.2423342465753424,0.0,-0.14786763897412372,0.0,8.290146406675289,0.0,0.0,0.0,0.0,0.0,0.0,0.0,0.0,0.0,0.0,0.0,0.0,0.0,0.0,0.0,0.0,0.0,0.0,0.0,0.0,0.0
2019-01-07T03:45:00-07:00,0.26189596653728564,0.0,0.24908368559668606,0.0,0.0,0.05,0.0,0.0,0.0,0.0,0.05504616508517143,0.0,0.01117935626827485,0.04311254963845424,0.005095890410958904,0.2423342465753424,0.0,-0.14487224144091612,0.0,8.200168544862565,0.0,0.0,0.0,0.0,0.0,0.0,0.0,0.0,0.0,0.0,0.0,0.0,0.0,0.0,0.0,0.0,0.0,0.0,0.0,0.0,0.0
2019-01-07T04:00:00-07:00,0.2677010333424469,0.0,0.24789349824349316,0.0,0.0,0.05,0.0,0.0,0.0,0.0,0.0535584308936803,0.0,0.01117935626827485,0.04742380460229966,0.006794520547945205,0.2423342465753424,0.0,-0.14358932554509554,0.0,8.108740493063884,0.0,0.0,0.0,0.0,0.0,0.0,0.0,0.0,0.0,0.0,0.0,0.0,0.0,0.0,0.0,0.0,0.0,0.0,0.0,0.0,0.0
2019-01-07T04:15:00-07:00,0.2710596337793916,0.0,0.24789349824349316,0.0,0.0,0.05,0.0,0.0,0.0,0.0,0.0535584308936803,0.0,0.01117935626827485,0.04742380460229966,0.006794520547945205,0.2423342465753424,0.0,-0.14023072510815082,0.0,8.016070695001378,0.0,0.0,0.0,0.0,0.0,0.0,0.0,0.0,0.0,0.0,0.0,0.0,0.0,0.0,0.0,0.0,0.0,0.0,0.0,0.0,0.0
2019-01-07T04:30:00-07:00,0.2745248019575348,0.0,0.24789349824349316,0.0,0.0,0.05,0.0,0.0,0.0,0.0,0.0535584308936803,0.0,0.01117935626827485,0.04742380460229966,0.006794520547945205,0.2423342465753424,0.0,-0.1367655569300076,0.0,7.925921941033198,0.0,0.0,0.0,0.0,0.0,0.0,0.0,0.0,0.0,0.0,0.0,0.0,0.0,0.0,0.0,0.0,0.0,0.0,0.0,0.0,0.0
2019-01-07T04:45:00-07:00,0.2779305158742651,0.0,0.24789349824349316,0.0,0.0,0.05,0.0,0.0,0.0,0.0,0.0535584308936803,0.0,0.01117935626827485,0.04742380460229966,0.006794520547945205,0.2423342465753424,0.0,-0.13335984301327733,0.0,7.8405118048371225,0.0,0.0,0.0,0.0,0.0,0.0,0.0,0.0,0.0,0.0,0.0,0.0,0.0,0.0,0.0,0.0,0.0,0.0,0.0,0.0,0.0
2019-01-07T05:00:00-07:00,0.3028790722145389,0.0,0.24917113895986742,0.0,0.0,0.05,0.0,0.0,0.0,0.0,0.0535584308936803,0.0,0.012456996984649119,0.07760258934921763,0.010191780821917807,0.2423342465753424,0.0,-0.14326497241026834,0.0,7.765234254921437,0.0,0.0,0.0,0.0,0.0,0.0,0.0,0.0,0.0,0.0,0.0,0.0,0.0,0.0,0.0,0.0,0.0,0.0,0.0,0.0,0.0
2019-01-07T05:15:00-07:00,0.3058909832817035,0.0,0.24917113895986742,0.0,0.0,0.05,0.0,0.0,0.0,0.0,0.0535584308936803,0.0,0.012456996984649119,0.07760258934921763,0.010191780821917807,0.2423342465753424,0.0,-0.1402530613431037,0.0,7.694231268763576,0.0,0.0,0.0,0.0,0.0,0.0,0.0,0.0,0.0,0.0,0.0,0.0,0.0,0.0,0.0,0.0,0.0,0.0,0.0,0.0,0.0
2019-01-07T05:30:00-07:00,0.30850344946620567,0.0,0.24917113895986742,0.0,0.0,0.05,0.0,0.0,0.0,0.0,0.0535584308936803,0.0,0.012456996984649119,0.07760258934921763,0.010191780821917807,0.2423342465753424,0.0,-0.13764059515860155,0.0,7.623131999194666,0.0,0.0,0.0,0.0,0.0,0.0,0.0,0.0,0.0,0.0,0.0,0.0,0.0,0.0,0.0,0.0,0.0,0.0,0.0,0.0,0.0
2019-01-07T05:45:00-07:00,0.31087237694156844,0.0,0.24917113895986742,0.0,0.0,0.05,0.0,0.0,0.0,0.0,0.0535584308936803,0.0,0.012456996984649119,0.07760258934921763,0.010191780821917807,0.2423342465753424,0.0,-0.13527166768323876,0.0,7.55304182299496,0.0,0.0,0.0,0.0,0.0,0.0,0.0,0.0,0.0,0.0,0.0,0.0,0.0,0.0,0.0,0.0,0.0,0.0,0.0,0.0,0.0
2019-01-07T06:00:00-07:00,0.3630297466714718,0.0,0.2639189755206252,0.0,0.0,0.05,0.0,0.0,0.0,0.0,0.05653389927666255,0.0,0.014054047880116953,0.1293376489153627,0.016986301369863014,0.25579726027397254,0.0,-0.15967941104450598,0.0,7.492935968988052,0.0,0.0,0.0,0.0,0.0,0.0,0.0,0.0,0.0,0.0,0.0,0.0,0.0,0.0,0.0,0.0,0.0,0.0,0.0,0.0,0.0
2019-01-07T06:15:00-07:00,0.3655761501786669,0.0,0.2639189755206252,0.0,0.0,0.05,0.0,0.0,0.0,0.0,0.05653389927666255,0.0,0.014054047880116953,0.1293376489153627,0.016986301369863014,0.25579726027397254,0.0,-0.1571330075373109,0.0,7.4318957395688425,0.0,0.0,0.0,0.0,0.0,0.0,0.0,0.0,0.0,0.0,0.0,0.0,0.0,0.0,0.0,0.0,0.0,0.0,0.0,0.0,0.0
2019-01-07T06:30:00-07:00,0.36799578981070935,0.0,0.2639189755206252,0.0,0.0,0.05,0.0,0.0,0.0,0.0,0.05653389927666255,0.0,0.014054047880116953,0.1293376489153627,0.016986301369863014,0.25579726027397254,0.0,-0.15471336790526843,0.0,7.3721692785860915,0.0,0.0,0.0,0.0,0.0,0.0,0.0,0.0,0.0,0.0,0.0,0.0,0.0,0.0,0.0,0.0,0.0,0.0,0.0,0.0,0.0
2019-01-07T06:45:00-07:00,5.870359739278881,0.0,0.2639189755206252,0.0,0.0,0.05,0.0,0.0,0.0,0.0,0.05653389927666255,0.0,0.014054047880116953,0.1293376489153627,0.016986301369863014,0.25579726027397254,0.0,-0.15241418912709664,0.0,7.324835965337542,0.0,0.0,0.0,0.0,0.0,0.0,0.0,0.0,0.0,0.0,0.0,0.0,0.0,0.0,0.0,0.0,0.0,0.0,0.0,0.0,0.0
2019-01-07T07:00:00-07:00,0.4151380526071921,0.0,0.28149673612808646,0.0,0.0,0.05,0.0,0.0,0.0,0.0,0.05950936765964479,0.0,0.013095817342836253,0.1638276886261261,0.02547945205479452,0.2759917808219177,0.0,-0.17276605389812733,0.0,7.31215984800676,0.0,0.0,0.0,0.0,0.0,0.0,0.0,0.0,0.0,0.0,0.0,0.0,0.0,0.0,0.0,0.0,0.0,0.0,0.0,0.0,0.0
2019-01-07T07:15:00-07:00,0.41375803828537566,0.0,0.28149673612808646,0.0,0.0,0.05,0.0,0.0,0.0,0.0,0.05950936765964479,0.0,0.013095817342836253,0.1638276886261261,0.02547945205479452,0.2759917808219177,0.0,-0.17414606821994377,0.0,7.321495875614046,0.0,0.0,0.0,0.0,0.0,0.0,0.0,0.0,0.0,0.0,0.0,0.0,0.0,0.0,0.0,0.0,0.0,0.0,0.0,0.0,0.0
2019-01-07T07:30:00-07:00,0.391747707985497,0.0,0.28149673612808646,0.0,0.0,0.05,0.0,0.0,0.0,0.0,0.05950936765964479,0.0,0.013095817342836253,0.1638276886261261,0.02547945205479452,0.2759917808219177,0.026861645099892768,-0.16929475341992964,0.0,7.343032432066119,0.0,0.0,0.0,0.0,0.0,0.0,0.0,0.0,0.0,0.0,0.0,0.0,0.0,0.0,0.0,0.0,0.0,0.0,0.0,0.0,0.0
2019-01-07T07:45:00-07:00,0.38659279789299184,0.0,0.28149673612808646,0.0,0.0,0.05,0.0,0.0,0.0,0.0,0.05950936765964479,0.0,0.013095817342836253,0.1638276886261261,0.02547945205479452,0.2759917808219177,0.02564700481584847,-0.17566430379647915,0.0,7.365080919236528,0.0,0.0,0.0,0.0,0.0,0.0,0.0,0.0,0.0,0.0,0.0,0.0,0.0,0.0,0.0,0.0,0.0,0.0,0.0,0.0,0.0
2019-01-07T08:00:00-07:00,0.39681394503530515,0.0,0.28487802716979577,0.0,0.0,0.05,0.0,0.0,0.0,0.0,0.06099710185113591,0.0,0.009901715551900581,0.1767614535176624,0.03397260273972603,0.28272328767123284,0.025588412505281165,-0.19195380379107152,0.0,7.388631029968075,0.0,0.0,0.0,0.0,0.0,0.0,0.0,0.0,0.0,0.0,0.0,0.0,0.0,0.0,0.0,0.0,0.0,0.0,0.0,0.0,0.0
2019-01-07T08:15:00-07:00,0.38976895358410174,0.0,0.28487802716979577,0.0,0.0,0.05,0.0,0.0,0.0,0.0,0.06099710185113591,0.0,0.009901715551900581,0.1767614535176624,0.03397260273972603,0.28272328767123284,0.025565053528414722,-0.19902215421914135,0.0,7.408683701111985,0.0,0.0,0.0,0.0,0.0,0.0,0.0,0.0,0.0,0.0,0.0,0.0,0.0,0.0,0.0,0.0,0.0,0.0,0.0,0.0,0.0
2019-01-07T08:30:00-07:00,0.2799751778855517,0.0,0.28487802716979577,0.0,0.0,0.05,0.0,0.0,0.0,0.0,0.06099710185113591,0.0,0.009901715551900581,0.1767614535176624,0.03397260273972603,0.28272328767123284,0.19455204876886584,-0.13982893467724025,0.0,7.4379421946236475,0.0,0.0,0.0,0.0,0.0,0.0,0.0,0.0,0.0,0.0,0.0,0.0,0.0,0.0,0.0,0.0,0.0,0.0,0.0,0.0,0.0
2019-01-07T08:45:00-07:00,0.2755331909752985,0.0,0.28487802716979577,0.0,0.0,0.05,0.0,0.0,0.0,0.0,0.06099710185113591,0.0,0.009901715551900581,0.1767614535176624,0.03397260273972603,0.28272328767123284,0.19409184604045152,-0.14473112431590782,0.0,7.46613686768465,0.0,0.0,0.0,0.0,0.0,0.0,0.0,0.0,0.0,0.0,0.0,0.0,0.0,0.0,0.0,0.0,0.0,0.0,0.0,0.0,0.0
2019-01-07T09:00:00-07:00,0.27482010245421346,0.0,0.2829615660952344,0.0,0.0,0.05,0.0,0.0,0.0,0.0,0.06099710185113591,0.0,0.007985254477339178,0.1767614535176624,0.04246575342465753,0.28272328767123284,0.19370955384597754,-0.15240319464183688,0.0,7.495135913463467,0.0,0.0,0.0,0.0,0.0,0.0,0.0,0.0,0.0,0.0,0.0,0.0,0.0,0.0,0.0,0.0,0.0,0.0,0.0,0.0,0.0
2019-01-07T09:15:00-07:00,0.2701335543993371,0.0,0.2829615660952344,0.0,0.0,0.05,0.0,0.0,0.0,0.0,0.06099710185113591,0.0,0.007985254477339178,0.1767614535176624,0.04246575342465753,0.28272328767123284,0.1933665189194421,-0.15743277762324867,0.0,7.524008813919924,0.0,0.0,0.0,0.0,0.0,0.0,0.0,0.0,0.0,0.0,0.0,0.0,0.0,0.0,0.0,0.0,0.0,0.0,0.0,0.0,0.0
2019-01-07T09:30:00-07:00,0.17717143765947252,0.0,0.2829615660952344,0.0,0.0,0.05,0.0,0.0,0.0,0.0,0.06099710185113591,0.0,0.007985254477339178,0.1767614535176624,0.04246575342465753,0.28272328767123284,0.3514733942658719,-0.09228801901668346,0.0,7.567020203945155,0.0,0.0,0.0,0.0,0.0,0.0,0.0,0.0,0.0,0.0,0.0,0.0,0.0,0.0,0.0,0.0,0.0,0.0,0.0,0.0,0.0
2019-01-07T09:45:00-07:00,0.17577285340040727,0.0,0.2829615660952344,0.0,0.0,0.05,0.0,0.0,0.0,0.0,0.06099710185113591,0.0,0.007985254477339178,0.1767614535176624,0.04246575342465753,0.28272328767123284,0.3488013382311994,-0.09635865931042122,0.0,7.608050396902211,0.0,0.0,0.0,0.0,0.0,0.0,0.0,0.0,0.0,0.0,0.0,0.0,0.0,0.0,0.0,0.0,0.0,0.0,0.0,0.0,0.0
2019-01-07T10:00:00-07:00,0.17037607242869302,0.0,0.2814519685629479,0.0,0.0,0.05,0.0,0.0,0.0,0.0,0.05950936765964479,0.0,0.007665844298245611,0.16813894358997156,0.04756164383561644,0.28272328767123284,0.34817971037434226,-0.09704330425167597,0.0,7.647912964885643,0.0,0.0,0.0,0.0,0.0,0.0,0.0,0.0,0.0,0.0,0.0,0.0,0.0,0.0,0.0,0.0,0.0,0.0,0.0,0.0,0.0
2019-01-07T10:15:00-07:00,0.16786300683920735,0.0,0.2814519685629479,0.0,0.0,0.05,0.0,0.0,0.0,0.0,0.05950936765964479,0.0,0.007665844298245611,0.16813894358997156,0.04756164383561644,0.28272328767123284,0.34755023530908585,-0.10018584490641803,0.0,7.687715212838838,0.0,0.0,0.0,0.0,0.0,0.0,0.0,0.0,0.0,0.0,0.0,0.0,0.0,0.0,0.0,0.0,0.0,0.0,0.0,0.0,0.0
2019-01-07T10:30:00-07:00,0.10159604400955213,0.0,0.2814519685629479,0.0,0.0,0.05,0.0,0.0,0.0,0.0,0.05950936765964479,0.0,0.007665844298245611,0.16813894358997156,0.04756164383561644,0.28272328767123284,0.4732148511808761,-0.04078819186428296,0.0,7.736828705797245,0.0,0.0,0.0,0.0,0.0,0.0,0.0,0.0,0.0,0.0,0.0,0.0,0.0,0.0,0.0,0.0,0.0,0.0,0.0,0.0,0.0
2019-01-07T10:45:00-07:00,0.10154458448489856,0.0,0.2814519685629479,0.0,0.0,0.05,0.0,0.0,0.0,0.0,0.05950936765964479,0.0,0.007665844298245611,0.16813894358997156,0.04756164383561644,0.28272328767123284,0.4708350320253716,-0.043219470544441134,0.0,7.785667510434665,0.0,0.0,0.0,0.0,0.0,0.0,0.0,0.0,0.0,0.0,0.0,0.0,0.0,0.0,0.0,0.0,0.0,0.0,0.0,0.0,0.0
2019-01-07T11:00:00-07:00,5.599672659613345,0.0,0.2814519685629479,0.0,0.0,0.05,0.0,0.0,0.0,0.0,0.05950936765964479,0.0,0.007665844298245611,0.15951643366228066,0.05265753424657534,0.28272328767123284,0.4686899196304456,-0.043774658984188024,0.0,7.834957061844445,0.0,0.0,0.0,0.0,0.0,0.0,0.0,0.0,0.0,0.0,0.0,0.0,0.0,0.0,0.0,0.0,0.0,0.0,0.0,0.0,0.0
2019-01-07T11:15:00-07:00,0.09915389485366,0.0,0.2814519685629479,0.0,0.0,0.05,0.0,0.0,0.0,0.0,0.05950936765964479,0.0,0.007665844298245611,0.15951643366228066,0.05265753424657534,0.28272328767123284,0.4668859217833834,-0.04603265090093592,0.0,7.885790408402955,0.0,0.0,0.0,0.0,0.0,0.0,0.0,0.0,0.0,0.0,0.0,0.0,0.0,0.0,0.0,0.0,0.0,0.0,0.0,0.0,0.0
2019-01-07T11:30:00-07:00,0.06893733125303703,0.0,0.2814519685629479,0.0,0.0,0.05,0.0,0.0,0.0,0.0,0.05950936765964479,0.0,0.007665844298245611,0.15951643366228066,0.05265753424657534,0.28272328767123284,0.5310788996639967,-0.012056236620945533,0.0,7.9407652714062635,0.0,0.0,0.0,0.0,0.0,0.0,0.0,0.0,0.0,0.0,0.0,0.0,0.0,0.0,0.0,0.0,0.0,0.0,0.0,0.0,0.0
2019-01-07T11:45:00-07:00,0.06895430193964935,0.0,0.2814519685629479,0.0,0.0,0.05,0.0,0.0,0.0,0.0,0.05950936765964479,0.0,0.007665844298245611,0.15951643366228066,0.05265753424657534,0.28272328767123284,0.5300332810739169,-0.013084884524412976,0.0,7.994285657655639,0.0,0.0,0.0,0.0,0.0,0.0,0.0,0.0,0.0,0.0,0.0,0.0,0.0,0.0,0.0,0.0,0.0,0.0,0.0,0.0,0.0
2019-01-07T12:00:00-07:00,0.06975876317965612,0.0,0.28415175344842725,0.0,0.0,0.05,0.0,0.0,0.0,0.0,0.06248483604262702,0.0,0.007985254477339178,0.15520517869843525,0.05605479452054794,0.28272328767123284,0.5294483204398289,-0.015246267790697168,0.0,8.046694902774833,0.0,0.0,0.0,0.0,0.0,0.0,0.0,0.0,0.0,0.0,0.0,0.0,0.0,0.0,0.0,0.0,0.0,0.0,0.0,0.0,0.0
2019-01-07T12:15:00-07:00,0.06935885595962332,0.0,0.28415175344842725,0.0,0.0,0.05,0.0,0.0,0.0,0.0,0.06248483604262702,0.0,0.007985254477339178,0.15520517869843525,0.05605479452054794,0.28272328767123284,0.5292672716018356,-0.015827223848723246,0.0,8.097295425587552,0.0,0.0,0.0,0.0,0.0,0.0,0.0,0.0,0.0,0.0,0.0,0.0,0.0,0.0,0.0,0.0,0.0,0.0,0.0,0.0,0.0
2019-01-07T12:30:00-07:00,0.06668893206323767,0.0,0.28415175344842725,0.0,0.0,0.05,0.0,0.0,0.0,0.0,0.06248483604262702,0.0,0.007985254477339178,0.15520517869843525,0.05605479452054794,0.28272328767123284,0.5348652592501549,-0.012899160096789621,0.0,8.146526946980071,0.0,0.0,0.0,0.0,0.0,0.0,0.0,0.0,0.0,0.0,0.0,0.0,0.0,0.0,0.0,0.0,0.0,0.0,0.0,0.0,0.0
2019-01-07T12:45:00-07:00,0.06605155399296403,0.0,0.28415175344842725,0.0,0.0,0.05,0.0,0.0,0.0,0.0,0.06248483604262702,0.0,0.007985254477339178,0.15520517869843525,0.05605479452054794,0.28272328767123284,0.5355708463209694,-0.012830951096248756,0.0,8.19338667237581,0.0,0.0,0.0,0.0,0.0,0.0,0.0,0.0,0.0,0.0,0.0,0.0,0.0,0.0,0.0,0.0,0.0,0.0,0.0,0.0,0.0
2019-01-07T13:00:00-07:00,0.06716235535649717,0.0,0.28510998398570797,0.0,0.0,0.05,0.0,0.0,0.0,0.0,0.06248483604262702,0.0,0.008943485014619881,0.15089392373458985,0.06454794520547945,0.28272328767123284,0.5368113603144856,-0.015619761997566307,0.0,8.238071736200983,0.0,0.0,0.0,0.0,0.0,0.0,0.0,0.0,0.0,0.0,0.0,0.0,0.0,0.0,0.0,0.0,0.0,0.0,0.0,0.0,0.0
2019-01-07T13:15:00-07:00,0.06624232233581917,0.0,0.28510998398570797,0.0,0.0,0.05,0.0,0.0,0.0,0.0,0.06248483604262702,0.0,0.008943485014619881,0.15089392373458985,0.06454794520547945,0.28272328767123284,0.538389947398122,-0.014961207934608,0.0,8.280044291657198,0.0,0.0,0.0,0.0,0.0,0.0,0.0,0.0,0.0,0.0,0.0,0.0,0.0,0.0,0.0,0.0,0.0,0.0,0.0,0.0,0.0
2019-01-07T13:30:00-07:00,0.08652011474920995,0.0,0.28510998398570797,0.0,0.0,0.05,0.0,0.0,0.0,0.0,0.06248483604262702,0.0,0.008943485014619881,0.15089392373458985,0.06454794520547945,0.28272328767123284,0.4796791126518724,-0.053394250267466754,0.0,8.316260726212851,0.0,0.0,0.0,0.0,0.0,0.0,0.0,0.0,0.0,0.0,0.0,0.0,0.0,0.0,0.0,0.0,0.0,0.0,0.0,0.0,0.0
2019-01-07T13:45:00-07:00,5.585234904861131,0.0,0.28510998398570797,0.0,0.0,0.05,0.0,0.0,0.0,0.0,0.06248483604262702,0.0,0.008943485014619881,0.15089392373458985,0.06454794520547945,0.28272328767123284,0.4812132084086102,-0.05321013508880799,0.0,8.352037489981408,0.0,0.0,0.0,0.0,0.0,0.0,0.0,0.0,0.0,0.0,0.0,0.0,0.0,0.0,0.0,0.0,0.0,0.0,0.0,0.0,0.0
2019-01-07T14:00:00-07:00,0.08903124352990766,0.0,0.2857488043438951,0.0,0.0,0.05,0.0,0.0,0.0,0.0,0.06248483604262702,0.0,0.009582305372807014,0.15951643366228066,0.07134246575342466,0.28272328767123284,0.48335045180591985,-0.06326763316654481,0.0,8.389781731720142,0.0,0.0,0.0,0.0,0.0,0.0,0.0,0.0,0.0,0.0,0.0,0.0,0.0,0.0,0.0,0.0,0.0,0.0,0.0,0.0,0.0
2019-01-07T14:15:00-07:00,0.08720830660679857,0.0,0.2857488043438951,0.0,0.0,0.05,0.0,0.0,0.0,0.0,0.06248483604262702,0.0,0.009582305372807014,0.15951643366228066,0.07134246575342466,0.28272328767123284,0.48635343797568265,-0.06208758391989106,0.0,8.426369796915878,0.0,0.0,0.0,0.0,0.0,0.0,0.0,0.0,0.0,0.0,0.0,0.0,0.0,0.0,0.0,0.0,0.0,0.0,0.0,0.0,0.0
2019-01-07T14:30:00-07:00,0.12244145704073972,0.0,0.2857488043438951,0.0,0.0,0.05,0.0,0.0,0.0,0.0,0.06248483604262702,0.0,0.009582305372807014,0.15951643366228066,0.07134246575342466,0.28272328767123284,0.37270276499385163,-0.14050510646778092,0.0,8.45306979799854,0.0,0.0,0.0,0.0,0.0,0.0,0.0,0.0,0.0,0.0,0.0,0.0,0.0,0.0,0.0,0.0,0.0,0.0,0.0,0.0,0.0
2019-01-07T14:45:00-07:00,0.11981979747308846,0.0,0.2857488043438951,0.0,0.0,0.05,0.0,0.0,0.0,0.0,0.06248483604262702,0.0,0.009582305372807014,0.15951643366228066,0.07134246575342466,0.28272328767123284,0.37601086535039735,-0.13981866567888654,0.0,8.479690589804164,0.0,0.0,0.0,0.0,0.0,0.0,0.0,0.0,0.0,0.0,0.0,0.0,0.0,0.0,0.0,0.0,0.0,0.0,0.0,0.0,0.0
2019-01-07T15:00:00-07:00,0.12815081183378163,0.0,0.2969260788450741,0.0,0.0,0.05,0.0,0.0,0.0,0.0,0.06099710185113591,0.0,0.01117935626827485,0.1767614535176624,0.07813698630136985,0.2961863013698629,0.3812742056737773,-0.16383618180074708,0.0,8.50960367722187,0.0,0.0,0.0,0.0,0.0,0.0,0.0,0.0,0.0,0.0,0.0,0.0,0.0,0.0,0.0,0.0,0.0,0.0,0.0,0.0,0.0
2019-01-07T15:15:00-07:00,0.12414688262476781,0.0,0.2969260788450741,0.0,0.0,0.05,0.0,0.0,0.0,0.0,0.06099710185113591,0.0,0.01117935626827485,0.1767614535176624,0.07813698630136985,0.2961863013698629,0.3896473684999036,-0.15946694818363452,0.0,8.537847941203703,0.0,0.0,0.0,0.0,0.0,0.0,0.0,0.0,0.0,0.0,0.0,0.0,0.0,0.0,0.0,0.0,0.0,0.0,0.0,0.0,0.0
2019-01-07T15:30:00-07:00,0.1721663883094532,0.0,0.2969260788450741,0.0,0.0,0.05,0.0,0.0,0.0,0.0,0.06099710185113591,0.0,0.01117935626827485,0.1767614535176624,0.07813698630136985,0.2961863013698629,0.220226665814835,-0.2808681451840178,0.0,8.552587376376776,0.0,0.0,0.0,0.0,0.0,0.0,0.0,0.0,0.0,0.0,0.0,0.0,0.0,0.0,0.0,0.0,0.0,0.0,0.0,0.0,0.0
2019-01-07T15:45:00-07:00,0.1684719367259615,0.0,0.2969260788450741,0.0,0.0,0.05,0.0,0.0,0.0,0.0,0.06099710185113591,0.0,0.01117935626827485,0.1767614535176624,0.07813698630136985,0.2961863013698629,0.22572637565834583,-0.2790628869239986,0.0,8.569365817408288,0.0,0.0,0.0,0.0,0.0,0.0,0.0,0.0,0.0,0.0,0.0,0.0,0.0,0.0,0.0,0.0,0.0,0.0,0.0,0.0,0.0
2019-01-07T16:00:00-07:00,0.18445065018968254,0.0,0.3195269489548511,0.0,0.0,0.05,0.0,0.0,0.0,0.0,0.06546030442560927,0.0,0.014054047880116953,0.2155627481922712,0.09172602739726027,0.31638082191780814,0.24163706087459644,-0.3270962387487869,0.0,8.59903145455941,0.0,0.0,0.0,0.0,0.0,0.0,0.0,0.0,0.0,0.0,0.0,0.0,0.0,0.0,0.0,0.0,0.0,0.0,0.0,0.0,0.0
2019-01-07T16:15:00-07:00,5.670408882110549,0.0,0.3195269489548511,0.0,0.0,0.05,0.0,0.0,0.0,0.0,0.06546030442560927,0.0,0.014054047880116953,0.2155627481922712,0.09172602739726027,0.31638082191780814,0.284094575390312,-0.2987452630022047,0.0,8.635254880220167,0.0,0.0,0.0,0.0,0.0,0.0,0.0,0.0,0.0,0.0,0.0,0.0,0.0,0.0,0.0,0.0,0.0,0.0,0.0,0.0,0.0
2019-01-07T16:30:00-07:00,0.23259435338318912,0.0,0.3195269489548511,0.0,0.0,0.05,0.0,0.0,0.0,0.0,0.06546030442560927,0.0,0.014054047880116953,0.2155627481922712,0.09172602739726027,0.31638082191780814,0.04676996795756311,-0.4738196284723136,0.0,8.64605551586247,0.0,0.0,0.0,0.0,0.0,0.0,0.0,0.0,0.0,0.0,0.0,0.0,0.0,0.0,0.0,0.0,0.0,0.0,0.0,0.0,0.0
2019-01-07T16:45:00-07:00,0.2290480399246908,0.0,0.3195269489548511,0.0,0.0,0.05,0.0,0.0,0.0,0.0,0.06546030442560927,0.0,0.014054047880116953,0.2155627481922712,0.09172602739726027,0.31638082191780814,0.046734155087006506,-0.4774017548013686,0.0,8.659052172383399,0.0,0.0,0.0,0.0,0.0,0.0,0.0,0.0,0.0,0.0,0.0,0.0,0.0,0.0,0.0,0.0,0.0,0.0,0.0,0.0,0.0
2019-01-07T17:00:00-07:00,0.25378100120159086,0.0,0.3442762369551017,0.0,0.0,0.05,0.0,0.0,0.0,0.0,0.07141124119157374,0.0,0.017886970029239762,0.2802315726499526,0.10531506849315068,0.3365753424657534,0.04669457244060184,-0.5609446211874776,0.0,8.685734120711244,0.0,0.0,0.0,0.0,0.0,0.0,0.0,0.0,0.0,0.0,0.0,0.0,0.0,0.0,0.0,0.0,0.0,0.0,0.0,0.0,0.0
2019-01-07T17:15:00-07:00,0.2494910259974693,0.0,0.3442762369551017,0.0,0.0,0.05,0.0,0.0,0.0,0.0,0.07141124119157374,0.0,0.017886970029239762,0.2802315726499526,0.10531506849315068,0.3365753424657534,0.046662529345893315,-0.5652666394863076,0.0,8.710467691887509,0.0,0.0,0.0,0.0,0.0,0.0,0.0,0.0,0.0,0.0,0.0,0.0,0.0,0.0,0.0,0.0,0.0,0.0,0.0,0.0,0.0
2019-01-07T17:30:00-07:00,0.25689535626505,0.0,0.3442762369551017,0.0,0.0,0.05,0.0,0.0,0.0,0.0,0.07141124119157374,0.0,0.017886970029239762,0.2802315726499526,0.10531506849315068,0.3365753424657534,0.0,-0.6045248385646202,0.0,8.729737254686139,0.0,0.0,0.0,0.0,0.0,0.0,0.0,0.0,0.0,0.0,0.0,0.0,0.0,0.0,0.0,0.0,0.0,0.0,0.0,0.0,0.0
2019-01-07T17:45:00-07:00,0.2524286775403125,0.0,0.3442762369551017,0.0,0.0,0.05,0.0,0.0,0.0,0.0,0.07141124119157374,0.0,0.017886970029239762,0.2802315726499526,0.10531506849315068,0.3365753424657534,0.0,-0.6089915172893577,0.0,8.74764331962984,0.0,0.0,0.0,0.0,0.0,0.0,0.0,0.0,0.0,0.0,0.0,0.0,0.0,0.0,0.0,0.0,0.0,0.0,0.0,0.0,0.0
2019-01-07T18:00:00-07:00,0.2803481657194238,0.0,0.35459709857368804,0.0,0.0,0.05,0.0,0.0,0.0,0.0,0.07438670957455598,0.0,0.020442251461988296,0.3707679268907064,0.1358904109589041,0.3433068493150684,0.0,-0.7144459824817995,0.0,8.77827226681778,0.0,0.0,0.0,0.0,0.0,0.0,0.0,0.0,0.0,0.0,0.0,0.0,0.0,0.0,0.0,0.0,0.0,0.0,0.0,0.0,0.0
2019-01-07T18:15:00-07:00,0.2758092993577451,0.0,0.35459709857368804,0.0,0.0,0.05,0.0,0.0,0.0,0.0,0.07438670957455598,0.0,0.020442251461988296,0.3707679268907064,0.1358904109589041,0.3433068493150684,0.0,-0.7189848488434781,0.0,8.803603381686516,0.0,0.0,0.0,0.0,0.0,0.0,0.0,0.0,0.0,0.0,0.0,0.0,0.0,0.0,0.0,0.0,0.0,0.0,0.0,0.0,0.0
2019-01-07T18:30:00-07:00,0.43382164439732407,0.0,0.35459709857368804,0.0,0.0,0.05,0.0,0.0,0.0,0.0,0.07438670957455598,0.0,0.020442251461988296,0.3707679268907064,0.1358904109589041,0.3433068493150684,0.0,-0.5609725038038992,0.0,8.826024767809962,0.0,0.0,0.0,0.0,0.0,0.0,0.0,0.0,0.0,0.0,0.0,0.0,0.0,0.0,0.0,0.0,0.0,0.0,0.0,0.0,0.0
2019-01-07T18:45:00-07:00,0.9997941482012233,0.0,0.35459709857368804,0.0,0.0,0.05,0.0,0.0,0.0,0.0,0.07438670957455598,0.0,0.020442251461988296,0.3707679268907064,0.1358904109589041,0.3433068493150684,0.0,0.005,0.0,8.845914858192142,0.0,0.0,0.0,0.0,0.0,0.0,0.0,0.0,0.0,0.0,0.0,0.0,0.0,0.0,0.0,0.0,0.0,0.0,0.0,0.0,0.0
2019-01-07T19:00:00-07:00,1.1285488170717979,0.0,0.3481091591042245,0.0,0.0,0.05,0.0,0.0,0.0,0.0,0.07141124119157374,0.0,0.02171989217836257,0.456993026167615,0.18684931506849314,0.3365753424657534,0.0,0.005,0.0,8.877599642253868,0.0,0.0,0.0,0.0,0.0,0.0,0.0,0.0,0.0,0.0,0.0,0.0,0.0,0.0,0.0,0.0,0.0,0.0,0.0,0.0,0.0
2019-01-07T19:15:00-07:00,1.1285488170717979,0.0,0.3481091591042245,0.0,0.0,0.05,0.0,0.0,0.0,0.0,0.07141124119157374,0.0,0.02171989217836257,0.456993026167615,0.18684931506849314,0.3365753424657534,0.0,0.005,0.0,8.904091515470682,0.0,0.0,0.0,0.0,0.0,0.0,0.0,0.0,0.0,0.0,0.0,0.0,0.0,0.0,0.0,0.0,0.0,0.0,0.0,0.0,0.0
2019-01-07T19:30:00-07:00,1.1285488170717979,0.0,0.3481091591042245,0.0,0.0,0.05,0.0,0.0,0.0,0.0,0.07141124119157374,0.0,0.02171989217836257,0.456993026167615,0.18684931506849314,0.3365753424657534,0.0,0.005,0.0,8.925047215210189,0.0,0.0,0.0,0.0,0.0,0.0,0.0,0.0,0.0,0.0,0.0,0.0,0.0,0.0,0.0,0.0,0.0,0.0,0.0,0.0,0.0
2019-01-07T19:45:00-07:00,1.1285488170717979,0.0,0.3481091591042245,0.0,0.0,0.05,0.0,0.0,0.0,0.0,0.07141124119157374,0.0,0.02171989217836257,0.456993026167615,0.18684931506849314,0.3365753424657534,0.0,0.005,0.0,8.941545450191422,0.0,0.0,0.0,0.0,0.0,0.0,0.0,0.0,0.0,0.0,0.0,0.0,0.0,0.0,0.0,0.0,0.0,0.0,0.0,0.0,0.0
2019-01-07T20:00:00-07:00,1.1688517724089438,0.0,0.3367873811503146,0.0,0.0,0.05,0.0,0.0,0.0,0.0,0.06992350700008262,0.0,0.0223587125365497,0.47423804602299663,0.22421917808219177,0.3231123287671232,0.0,0.005,0.0,8.957498490060766,0.0,0.0,0.0,0.0,0.0,0.0,0.0,0.0,0.0,0.0,0.0,0.0,0.0,0.0,0.0,0.0,0.0,0.0,0.0,0.0,0.0
2019-01-07T20:15:00-07:00,6.668916543098944,0.0,0.3367873811503146,0.0,0.0,0.05,0.0,0.0,0.0,0.0,0.06992350700008262,0.0,0.0223587125365497,0.47423804602299663,0.22421917808219177,0.3231123287671232,0.0,0.005,0.0,8.967729398179726,0.0,0.0,0.0,0.0,0.0,0.0,0.0,0.0,0.0,0.0,0.0,0.0,0.0,0.0,0.0,0.0,0.0,0.0,0.0,0.0,0.0
2019-01-07T20:30:00-07:00,1.1688517724089438,0.0,0.3367873811503146,0.0,0.0,0.05,0.0,0.0,0.0,0.0,0.06992350700008262,0.0,0.0223587125365497,0.47423804602299663,0.22421917808219177,0.3231123287671232,0.0,0.005,0.0,8.972563016133604,0.0,0.0,0.0,0.0,0.0,0.0,0.0,0.0,0.0,0.0,0.0,0.0,0.0,0.0,0.0,0.0,0.0,0.0,0.0,0.0,0.0
2019-01-07T20:45:00-07:00,1.1688517724089438,0.0,0.3367873811503146,0.0,0.0,0.05,0.0,0.0,0.0,0.0,0.06992350700008262,0.0,0.0223587125365497,0.47423804602299663,0.22421917808219177,0.3231123287671232,0.0,0.005,0.0,8.971517412902807,0.0,0.0,0.0,0.0,0.0,0.0,0.0,0.0,0.0,0.0,0.0,0.0,0.0,0.0,0.0,0.0,0.0,0.0,0.0,0.0,0.0
2019-01-07T21:00:00-07:00,0.9933016450866125,0.0,0.3124593209838456,0.0,0.0,0.05,0.0,0.0,0.0,0.0,0.06843577280859149,0.0,0.020761661641081865,0.3405891421437885,0.21232876712328766,0.2961863013698629,0.0,0.005,0.0,8.944878286105219,0.0,0.0,0.0,0.0,0.0,0.0,0.0,0.0,0.0,0.0,0.0,0.0,0.0,0.0,0.0,0.0,0.0,0.0,0.0,0.0,0.0
2019-01-07T21:15:00-07:00,0.9933016450866125,0.0,0.3124593209838456,0.0,0.0,0.05,0.0,0.0,0.0,0.0,0.06843577280859149,0.0,0.020761661641081865,0.3405891421437885,0.21232876712328766,0.2961863013698629,0.0,0.005,0.0,8.917835131238807,0.0,0.0,0.0,0.0,0.0,0.0,0.0,0.0,0.0,0.0,0.0,0.0,0.0,0.0,0.0,0.0,0.0,0.0,0.0,0.0,0.0
2019-01-07T21:30:00-07:00,0.9933016450866125,0.0,0.3124593209838456,0.0,0.0,0.05,0.0,0.0,0.0,0.0,0.06843577280859149,0.0,0.020761661641081865,0.3405891421437885,0.21232876712328766,0.2961863013698629,0.0,0.005,0.0,8.895849979814134,0.0,0.0,0.0,0.0,0.0,0.0,0.0,0.0,0.0,0.0,0.0,0.0,0.0,0.0,0.0,0.0,0.0,0.0,0.0,0.0,0.0
2019-01-07T21:45:00-07:00,0.9933016450866125,0.0,0.3124593209838456,0.0,0.0,0.05,0.0,0.0,0.0,0.0,0.06843577280859149,0.0,0.020761661641081865,0.3405891421437885,0.21232876712328766,0.2961863013698629,0.0,0.005,0.0,8.87599953976208,0.0,0.0,0.0,0.0,0.0,0.0,0.0,0.0,0.0,0.0,0.0,0.0,0.0,0.0,0.0,0.0,0.0,0.0,0.0,0.0,0.0
2019-01-07T22:00:00-07:00,0.7108522675292139,0.0,0.28566343274780953,0.0,0.0,0.05,0.0,0.0,0.0,0.0,0.06546030442560927,0.0,0.017886970029239762,0.17245019855381696,0.1307945205479452,0.26926027397260266,0.0,0.005,0.0,8.827458379489972,0.0,0.0,0.0,0.0,0.0,0.0,0.0,0.0,0.0,0.0,0.0,0.0,0.0,0.0,0.0,0.0,0.0,0.0,0.0,0.0,0.0
2019-01-07T22:15:00-07:00,0.7108522675292139,0.0,0.28566343274780953,0.0,0.0,0.05,0.0,0.0,0.0,0.0,0.06546030442560927,0.0,0.017886970029239762,0.17245019855381696,0.1307945205479452,0.26926027397260266,0.0,0.005,0.0,8.78824098008417,0.0,0.0,0.0,0.0,0.0,0.0,0.0,0.0,0.0,0.0,0.0,0.0,0.0,0.0,0.0,0.0,0.0,0.0,0.0,0.0,0.0
2019-01-07T22:30:00-07:00,0.7108522675292139,0.0,0.28566343274780953,0.0,0.0,0.05,0.0,0.0,0.0,0.0,0.06546030442560927,0.0,0.017886970029239762,0.17245019855381696,0.1307945205479452,0.26926027397260266,0.0,0.005,0.0,8.753605770343766,0.0,0.0,0.0,0.0,0.0,0.0,0.0,0.0,0.0,0.0,0.0,0.0,0.0,0.0,0.0,0.0,0.0,0.0,0.0,0.0,0.0
2019-01-07T22:45:00-07:00,0.7108522675292139,0.0,0.28566343274780953,0.0,0.0,0.05,0.0,0.0,0.0,0.0,0.06546030442560927,0.0,0.017886970029239762,0.17245019855381696,0.1307945205479452,0.26926027397260266,0.0,0.005,0.0,8.72527308102444,0.0,0.0,0.0,0.0,0.0,0.0,0.0,0.0,0.0,0.0,0.0,0.0,0.0,0.0,0.0,0.0,0.0,0.0,0.0,0.0,0.0
2019-01-07T23:00:00-07:00,0.5154311476999429,0.0,0.2630625626380325,0.0,0.0,0.05,0.0,0.0,0.0,0.0,0.06099710185113591,0.0,0.015012278417397657,0.07760258934921763,0.05775342465753425,0.24906575342465745,0.0,0.005,0.0,8.681488382586624,0.0,0.0,0.0,0.0,0.0,0.0,0.0,0.0,0.0,0.0,0.0,0.0,0.0,0.0,0.0,0.0,0.0,0.0,0.0,0.0,0.0
2019-01-07T23:15:00-07:00,0.5154311476999429,0.0,0.2630625626380325,0.0,0.0,0.05,0.0,0.0,0.0,0.0,0.06099710185113591,0.0,0.015012278417397657,0.07760258934921763,0.05775342465753425,0.24906575342465745,0.0,0.005,0.0,8.646988807538191,0.0,0.0,0.0,0.0,0.0,0.0,0.0,0.0,0.0,0.0,0.0,0.0,0.0,0.0,0.0,0.0,0.0,0.0,0.0,0.0,0.0
2019-01-07T23:30:00-07:00,0.5154311476999429,0.0,0.2630625626380325,0.0,0.0,0.05,0.0,0.0,0.0,0.0,0.06099710185113591,0.0,0.015012278417397657,0.07760258934921763,0.05775342465753425,0.24906575342465745,0.0,0.005,0.0,8.618867509933692,0.0,0.0,0.0,0.0,0.0,0.0,0.0,0.0,0.0,0.0,0.0,0.0,0.0,0.0,0.0,0.0,0.0,0.0,0.0,0.0,0.0
2019-01-07T23:45:00-07:00,0.5154311476999429,0.0,0.2630625626380325,0.0,0.0,0.05,0.0,0.0,0.0,0.0,0.06099710185113591,0.0,0.015012278417397657,0.07760258934921763,0.05775342465753425,0.24906575342465745,0.0,0.005,0.0,8.59223137309037,0.0,0.0,0.0,0.0,0.0,0.0,0.0,0.0,0.0,0.0,0.0,0.0,0.0,0.0,0.0,0.0,0.0,0.0,0.0,0.0,0.0
2019-01-08T00:00:00-07:00,5.945200673572683,0.0,0.2542512985517326,0.0,0.0,0.05,0.0,0.0,0.0,0.0,0.05950936765964479,0.0,0.012776407163742684,0.05173505956614509,0.02378082191780822,0.2423342465753424,0.0,0.005,0.0,8.559330404774867,0.0,0.0,0.0,0.0,0.0,0.0,0.0,0.0,0.0,0.0,0.0,0.0,0.0,0.0,0.0,0.0,0.0,0.0,0.0,0.0,0.0
2019-01-08T00:15:00-07:00,0.4451359028826832,0.0,0.2542512985517326,0.0,0.0,0.05,0.0,0.0,0.0,0.0,0.05950936765964479,0.0,0.012776407163742684,0.05173505956614509,0.02378082191780822,0.2423342465753424,0.0,0.005,0.0,8.530092373475838,0.0,0.0,0.0,0.0,0.0,0.0,0.0,0.0,0.0,0.0,0.0,0.0,0.0,0.0,0.0,0.0,0.0,0.0,0.0,0.0,0.0
2019-01-08T00:30:00-07:00,0.4451359028826832,0.0,0.2542512985517326,0.0,0.0,0.05,0.0,0.0,0.0,0.0,0.05950936765964479,0.0,0.012776407163742684,0.05173505956614509,0.02378082191780822,0.2423342465753424,0.0,0.005,0.0,8.50208809402648,0.0,0.0,0.0,0.0,0.0,0.0,0.0,0.0,0.0,0.0,0.0,0.0,0.0,0.0,0.0,0.0,0.0,0.0,0.0,0.0,0.0
2019-01-08T00:45:00-07:00,0.4451359028826832,0.0,0.2542512985517326,0.0,0.0,0.05,0.0,0.0,0.0,0.0,0.05950936765964479,0.0,0.012776407163742684,0.05173505956614509,0.02378082191780822,0.2423342465753424,0.0,0.005,0.0,8.475472475878712,0.0,0.0,0.0,0.0,0.0,0.0,0.0,0.0,0.0,0.0,0.0,0.0,0.0,0.0,0.0,0.0,0.0,0.0,0.0,0.0,0.0
2019-01-08T01:00:00-07:00,0.4221770172673164,0.0,0.25210288066125897,0.0,0.0,0.05,0.0,0.0,0.0,0.0,0.058021633468153665,0.0,0.011818176626461983,0.04311254963845424,0.01189041095890411,0.2423342465753424,0.0,0.005,0.0,8.447086561451608,0.0,0.0,0.0,0.0,0.0,0.0,0.0,0.0,0.0,0.0,0.0,0.0,0.0,0.0,0.0,0.0,0.0,0.0,0.0,0.0,0.0
2019-01-08T01:15:00-07:00,0.4221770172673164,0.0,0.25210288066125897,0.0,0.0,0.05,0.0,0.0,0.0,0.0,0.058021633468153665,0.0,0.011818176626461983,0.04311254963845424,0.01189041095890411,0.2423342465753424,0.0,0.005,0.0,8.41921287730147,0.0,0.0,0.0,0.0,0.0,0.0,0.0,0.0,0.0,0.0,0.0,0.0,0.0,0.0,0.0,0.0,0.0,0.0,0.0,0.0,0.0
2019-01-08T01:30:00-07:00,0.4221770172673164,0.0,0.25210288066125897,0.0,0.0,0.05,0.0,0.0,0.0,0.0,0.058021633468153665,0.0,0.011818176626461983,0.04311254963845424,0.01189041095890411,0.2423342465753424,0.0,0.005,0.0,8.390313030261407,0.0,0.0,0.0,0.0,0.0,0.0,0.0,0.0,0.0,0.0,0.0,0.0,0.0,0.0,0.0,0.0,0.0,0.0,0.0,0.0,0.0
2019-01-08T01:45:00-07:00,0.4221770172673164,0.0,0.25210288066125897,0.0,0.0,0.05,0.0,0.0,0.0,0.0,0.058021633468153665,0.0,0.011818176626461983,0.04311254963845424,0.01189041095890411,0.2423342465753424,0.0,0.005,0.0,8.360508189674206,0.0,0.0,0.0,0.0,0.0,0.0,0.0,0.0,0.0,0.0,0.0,0.0,0.0,0.0,0.0,0.0,0.0,0.0,0.0,0.0,0.0
2019-01-08T02:00:00-07:00,0.41559339266486633,0.0,0.2509126933080661,0.0,0.0,0.05,0.0,0.0,0.0,0.0,0.05653389927666255,0.0,0.011818176626461983,0.04311254963845424,0.006794520547945205,0.2423342465753424,0.0,0.005,0.0,8.328361511537612,0.0,0.0,0.0,0.0,0.0,0.0,0.0,0.0,0.0,0.0,0.0,0.0,0.0,0.0,0.0,0.0,0.0,0.0,0.0,0.0,0.0
2019-01-08T02:15:00-07:00,0.41559339266486633,0.0,0.2509126933080661,0.0,0.0,0.05,0.0,0.0,0.0,0.0,0.05653389927666255,0.0,0.011818176626461983,0.04311254963845424,0.006794520547945205,0.2423342465753424,0.0,0.005,0.0,8.294664737915843,0.0,0.0,0.0,0.0,0.0,0.0,0.0,0.0,0.0,0.0,0.0,0.0,0.0,0.0,0.0,0.0,0.0,0.0,0.0,0.0,0.0
2019-01-08T02:30:00-07:00,0.41559339266486633,0.0,0.2509126933080661,0.0,0.0,0.05,0.0,0.0,0.0,0.0,0.05653389927666255,0.0,0.011818176626461983,0.04311254963845424,0.006794520547945205,0.2423342465753424,0.0,0.005,0.0,8.258572482308884,0.0,0.0,0.0,0.0,0.0,0.0,0.0,0.0,0.0,0.0,0.0,0.0,0.0,0.0,0.0,0.0,0.0,0.0,0.0,0.0,0.0
2019-01-08T02:45:00-07:00,0.41559339266486633,0.0,0.2509126933080661,0.0,0.0,0.05,0.0,0.0,0.0,0.0,0.05653389927666255,0.0,0.011818176626461983,0.04311254963845424,0.006794520547945205,0.2423342465753424,0.0,0.005,0.0,8.222419209667397,0.0,0.0,0.0,0.0,0.0,0.0,0.0,0.0,0.0,0.0,0.0,0.0,0.0,0.0,0.0,0.0,0.0,0.0,0.0,0.0,0.0
2019-01-08T03:00:00-07:00,0.4117682079782018,0.0,0.24908368559668606,0.0,0.0,0.05,0.0,0.0,0.0,0.0,0.05504616508517143,0.0,0.01117935626827485,0.04311254963845424,0.005095890410958904,0.2423342465753424,0.0,0.005,0.0,8.18606034159417,0.0,0.0,0.0,0.0,0.0,0.0,0.0,0.0,0.0,0.0,0.0,0.0,0.0,0.0,0.0,0.0,0.0,0.0,0.0,0.0,0.0
2019-01-08T03:15:00-07:00,0.4117682079782018,0.0,0.24908368559668606,0.0,0.0,0.05,0.0,0.0,0.0,0.0,0.05504616508517143,0.0,0.01117935626827485,0.04311254963845424,0.005095890410958904,0.2423342465753424,0.0,0.005,0.0,8.149708568031285,0.0,0.0,0.0,0.0,0.0,0.0,0.0,0.0,0.0,0.0,0.0,0.0,0.0,0.0,0.0,0.0,0.0,0.0,0.0,0.0,0.0
2019-01-08T03:30:00-07:00,0.4117682079782018,0.0,0.24908368559668606,0.0,0.0,0.05,0.0,0.0,0.0,0.0,0.05504616508517143,0.0,0.01117935626827485,0.04311254963845424,0.005095890410958904,0.2423342465753424,0.0,0.005,0.0,8.096491622036462,0.0,0.0,0.0,0.0,0.0,0.0,0.0,0.0,0.0,0.0,0.0,0.0,0.0,0.0,0.0,0.0,0.0,0.0,0.0,0.0,0.0
2019-01-08T03:45:00-07:00,0.4117682079782018,0.0,0.24908368559668606,0.0,0.0,0.05,0.0,0.0,0.0,0.0,0.05504616508517143,0.0,0.01117935626827485,0.04311254963845424,0.005095890410958904,0.2423342465753424,0.0,0.005,0.0,8.044787048165729,0.0,0.0,0.0,0.0,0.0,0.0,0.0,0.0,0.0,0.0,0.0,0.0,0.0,0.0,0.0,0.0,0.0,0.0,0.0,0.0,0.0
2019-01-08T04:00:00-07:00,0.4162903588875424,0.0,0.24789349824349316,0.0,0.0,0.05,0.0,0.0,0.0,0.0,0.0535584308936803,0.0,0.01117935626827485,0.04742380460229966,0.006794520547945205,0.2423342465753424,0.0,0.005,0.0,7.992867153716304,0.0,0.0,0.0,0.0,0.0,0.0,0.0,0.0,0.0,0.0,0.0,0.0,0.0,0.0,0.0,0.0,0.0,0.0,0.0,0.0,0.0
2019-01-08T04:15:00-07:00,0.4162903588875424,0.0,0.24789349824349316,0.0,0.0,0.05,0.0,0.0,0.0,0.0,0.0535584308936803,0.0,0.01117935626827485,0.04742380460229966,0.006794520547945205,0.2423342465753424,0.0,0.005,0.0,7.940362067839269,0.0,0.0,0.0,0.0,0.0,0.0,0.0,0.0,0.0,0.0,0.0,0.0,0.0,0.0,0.0,0.0,0.0,0.0,0.0,0.0,0.0
2019-01-08T04:30:00-07:00,0.4162903588875424,0.0,0.24789349824349316,0.0,0.0,0.05,0.0,0.0,0.0,0.0,0.0535584308936803,0.0,0.01117935626827485,0.04742380460229966,0.006794520547945205,0.2423342465753424,0.0,0.005,0.0,7.896810264050115,0.0,0.0,0.0,0.0,0.0,0.0,0.0,0.0,0.0,0.0,0.0,0.0,0.0,0.0,0.0,0.0,0.0,0.0,0.0,0.0,0.0
2019-01-08T04:45:00-07:00,0.4162903588875424,0.0,0.24789349824349316,0.0,0.0,0.05,0.0,0.0,0.0,0.0,0.0535584308936803,0.0,0.01117935626827485,0.04742380460229966,0.006794520547945205,0.2423342465753424,0.0,0.005,0.0,7.854313981475547,0.0,0.0,0.0,0.0,0.0,0.0,0.0,0.0,0.0,0.0,0.0,0.0,0.0,0.0,0.0,0.0,0.0,0.0,0.0,0.0,0.0
2019-01-08T05:00:00-07:00,1.4511440446248072,0.0,0.24917113895986742,0.0,0.0,0.05,0.0,0.0,0.0,0.0,0.0535584308936803,1.0,0.012456996984649119,0.07760258934921763,0.010191780821917807,0.2423342465753424,0.0,0.005,0.0,7.81665177874952,0.0,0.0,0.0,0.0,0.0,0.0,0.0,0.0,0.0,0.0,0.0,0.0,0.0,0.0,0.0,0.0,0.0,0.0,0.0,0.0,0.0
2019-01-08T05:15:00-07:00,1.4511440446248072,0.0,0.24917113895986742,0.0,0.0,0.05,0.0,0.0,0.0,0.0,0.0535584308936803,1.0,0.012456996984649119,0.07760258934921763,0.010191780821917807,0.2423342465753424,0.0,0.005,0.0,7.779264006730323,0.0,0.0,0.0,0.0,0.0,0.0,0.0,0.0,0.0,0.0,0.0,0.0,0.0,0.0,0.0,0.0,0.0,0.0,0.0,0.0,0.0
2019-01-08T05:30:00-07:00,0.45114404462480723,0.0,0.24917113895986742,0.0,0.0,0.05,0.0,0.0,0.0,0.0,0.0535584308936803,0.0,0.012456996984649119,0.07760258934921763,0.010191780821917807,0.2423342465753424,0.0,0.005,0.0,7.753447176320333,0.0,0.0,0.0,0.0,0.0,0.0,0.0,0.0,0.0,0.0,0.0,0.0,0.0,0.0,0.0,0.0,0.0,0.0,0.0,0.0,0.0
2019-01-08T05:45:00-07:00,0.45114404462480723,0.0,0.24917113895986742,0.0,0.0,0.05,0.0,0.0,0.0,0.0,0.0535584308936803,0.0,0.012456996984649119,0.07760258934921763,0.010191780821917807,0.2423342465753424,0.0,0.005,0.0,7.724250468628216,0.0,0.0,0.0,0.0,0.0,0.0,0.0,0.0,0.0,0.0,0.0,0.0,0.0,0.0,0.0,0.0,0.0,0.0,0.0,0.0,0.0
2019-01-08T06:00:00-07:00,0.5277091577159778,0.0,0.2639189755206252,0.0,0.0,0.05,0.0,0.0,0.0,0.0,0.05653389927666255,0.0,0.014054047880116953,0.1293376489153627,0.016986301369863014,0.25579726027397254,0.0,0.005,0.0,7.699794158834106,0.0,0.0,0.0,0.0,0.0,0.0,0.0,0.0,0.0,0.0,0.0,0.0,0.0,0.0,0.0,0.0,0.0,0.0,0.0,0.0,0.0
2019-01-08T06:15:00-07:00,0.5277091577159778,0.0,0.2639189755206252,0.0,0.0,0.05,0.0,0.0,0.0,0.0,0.05653389927666255,0.0,0.014054047880116953,0.1293376489153627,0.016986301369863014,0.25579726027397254,0.0,0.005,0.0,7.670461324483828,0.0,0.0,0.0,0.0,0.0,0.0,0.0,0.0,0.0,0.0,0.0,0.0,0.0,0.0,0.0,0.0,0.0,0.0,0.0,0.0,0.0
2019-01-08T06:30:00-07:00,0.5277091577159778,0.0,0.2639189755206252,0.0,0.0,0.05,0.0,0.0,0.0,0.0,0.05653389927666255,0.0,0.014054047880116953,0.1293376489153627,0.016986301369863014,0.25579726027397254,0.0,0.005,0.0,7.6377885676066475,0.0,0.0,0.0,0.0,0.0,0.0,0.0,0.0,0.0,0.0,0.0,0.0,0.0,0.0,0.0,0.0,0.0,0.0,0.0,0.0,0.0
2019-01-08T06:45:00-07:00,0.5277091577159778,0.0,0.2639189755206252,0.0,0.0,0.05,0.0,0.0,0.0,0.0,0.05653389927666255,0.0,0.014054047880116953,0.1293376489153627,0.016986301369863014,0.25579726027397254,0.0,0.005,0.0,7.606491200121234,0.0,0.0,0.0,0.0,0.0,0.0,0.0,0.0,0.0,0.0,0.0,0.0,0.0,0.0,0.0,0.0,0.0,0.0,0.0,0.0,0.0
2019-01-08T07:00:00-07:00,1.592904106505319,0.0,0.28149673612808646,0.0,0.0,0.05,0.0,0.0,0.0,0.0,0.05950936765964479,1.0,0.013095817342836253,0.1638276886261261,0.02547945205479452,0.2759917808219177,0.0,0.005,0.0,7.585783355963818,0.0,0.0,0.0,0.0,0.0,0.0,0.0,0.0,0.0,0.0,0.0,0.0,0.0,0.0,0.0,0.0,0.0,0.0,0.0,0.0,0.0
2019-01-08T07:15:00-07:00,1.592904106505319,0.0,0.28149673612808646,0.0,0.0,0.05,0.0,0.0,0.0,0.0,0.05950936765964479,1.0,0.013095817342836253,0.1638276886261261,0.02547945205479452,0.2759917808219177,0.0,0.005,0.0,7.567460055497459,0.0,0.0,0.0,0.0,0.0,0.0,0.0,0.0,0.0,0.0,0.0,0.0,0.0,0.0,0.0,0.0,0.0,0.0,0.0,0.0,0.0
2019-01-08T07:30:00-07:00,1.4282000151271126,0.0,0.28149673612808646,0.0,0.0,0.05,0.0,0.0,0.0,0.0,0.05950936765964479,1.0,0.013095817342836253,0.1638276886261261,0.02547945205479452,0.2759917808219177,0.16470409137820657,0.005,0.0,7.587628546985515,0.0,0.0,0.0,0.0,0.0,0.0,0.0,0.0,0.0,0.0,0.0,0.0,0.0,0.0,0.0,0.0,0.0,0.0,0.0,0.0,0.0
2019-01-08T07:45:00-07:00,0.3486933937691619,0.0,0.28149673612808646,0.0,0.0,0.05,0.0,0.0,0.0,0.0,0.05950936765964479,0.0,0.013095817342836253,0.1638276886261261,0.02547945205479452,0.2759917808219177,0.24421071273615752,0.005,0.0,7.620122075388049,0.0,0.0,0.0,0.0,0.0,0.0,0.0,0.0,0.0,0.0,0.0,0.0,0.0,0.0,0.0,0.0,0.0,0.0,0.0,0.0,0.0
2019-01-08T08:00:00-07:00,0.34152635687790206,0.0,0.28487802716979577,0.0,0.0,0.05,0.0,0.0,0.0,0.0,0.06099710185113591,0.0,0.009901715551900581,0.1767614535176624,0.03397260273972603,0.28272328767123284,0.27782980445375577,0.005,0.0,7.658651092224211,0.0,0.0,0.0,0.0,0.0,0.0,0.0,0.0,0.0,0.0,0.0,0.0,0.0,0.0,0.0,0.0,0.0,0.0,0.0,0.0,0.0
2019-01-08T08:15:00-07:00,0.3293607621901762,0.0,0.28487802716979577,0.0,0.0,0.05,0.0,0.0,0.0,0.0,0.06099710185113591,0.0,0.009901715551900581,0.1767614535176624,0.03397260273972603,0.28272328767123284,0.28999539914148165,0.005,0.0,7.697868880630429,0.0,0.0,0.0,0.0,0.0,0.0,0.0,0.0,0.0,0.0,0.0,0.0,0.0,0.0,0.0,0.0,0.0,0.0,0.0,0.0,0.0
2019-01-08T08:30:00-07:00,-1.021677219465308,0.0,0.28487802716979577,0.0,0.0,0.05,0.0,0.0,0.0,0.0,0.06099710185113591,0.0,0.009901715551900581,0.1767614535176624,0.03397260273972603,0.28272328767123284,1.641033380796966,0.005,0.0,7.9002080080018375,0.0,0.0,0.0,0.0,0.0,0.0,0.0,0.0,0.0,0.0,0.0,0.0,0.0,0.0,0.0,0.0,0.0,0.0,0.0,0.0,0.0
2019-01-08T08:45:00-07:00,-1.1539070034231926,0.0,0.28487802716979577,0.0,0.0,0.05,0.0,0.0,0.0,0.0,0.06099710185113591,0.0,0.009901715551900581,0.1767614535176624,0.03397260273972603,0.28272328767123284,1.7732631647548505,0.005,0.0,8.075726391923594,0.0,0.0,0.0,0.0,0.0,0.0,0.0,0.0,0.0,0.0,0.0,0.0,0.0,0.0,0.0,0.0,0.0,0.0,0.0,0.0,0.0
2019-01-08T09:00:00-07:00,-1.273337096413871,0.0,0.2829615660952344,0.0,0.0,0.05,0.0,0.0,0.0,0.0,0.06099710185113591,0.0,0.007985254477339178,0.1767614535176624,0.04246575342465753,0.28272328767123284,1.899269947355899,0.005,0.0,8.232391813359673,0.0,0.0,0.0,0.0,0.0,0.0,0.0,0.0,0.0,0.0,0.0,0.0,0.0,0.0,0.0,0.0,0.0,0.0,0.0,0.0,0.0
2019-01-08T09:15:00-07:00,-1.391743284581502,0.0,0.2829615660952344,0.0,0.0,0.05,0.0,0.0,0.0,0.0,0.06099710185113591,0.0,0.007985254477339178,0.1767614535176624,0.04246575342465753,0.28272328767123284,2.01767613552353,0.005,0.0,8.37713458929798,0.0,0.0,0.0,0.0,0.0,0.0,0.0,0.0,0.0,0.0,0.0,0.0,0.0,0.0,0.0,0.0,0.0,0.0,0.0,0.0,0.0
2019-01-08T09:30:00-07:00,-2.27237956993455,0.0,0.2829615660952344,0.0,0.0,0.05,0.0,0.0,0.0,0.0,0.06099710185113591,0.0,0.007985254477339178,0.1767614535176624,0.04246575342465753,0.28272328767123284,2.8983124208765783,0.005,0.0,8.588535743347451,0.0,0.0,0.0,0.0,0.0,0.0,0.0,0.0,0.0,0.0,0.0,0.0,0.0,0.0,0.0,0.0,0.0,0.0,0.0,0.0,0.0
2019-01-08T09:45:00-07:00,-2.404697301146549,0.0,0.2829615660952344,0.0,0.0,0.05,0.0,0.0,0.0,0.0,0.06099710185113591,0.0,0.007985254477339178,0.1767614535176624,0.04246575342465753,0.28272328767123284,3.0306301520885772,0.005,0.0,8.778856940646698,0.0,0.0,0.0,0.0,0.0,0.0,0.0,0.0,0.0,0.0,0.0,0.0,0.0,0.0,0.0,0.0,0.0,0.0,0.0,0.0,0.0
2019-01-08T10:00:00-07:00,0.027686314009286672,0.0,0.2814519685629479,0.0,0.0,0.05,0.0,0.0,0.0,0.0,0.05950936765964479,0.0,0.007665844298245611,0.16813894358997156,0.04756164383561644,0.28272328767123284,3.1495467270732584,2.561633954027834,0.0,8.950928964969776,0.0,0.0,0.0,0.0,0.0,0.0,0.0,0.0,0.0,0.0,0.0,0.0,0.0,0.0,0.0,0.0,0.0,0.0,0.0,0.0,0.0
2019-01-08T10:15:00-07:00,0.02609606311311774,0.0,0.2814519685629479,0.0,0.0,0.05,0.0,0.0,0.0,0.0,0.05950936765964479,0.0,0.007665844298245611,0.16813894358997156,0.04756164383561644,0.28272328767123284,3.255724216452715,2.666221192511122,0.0,9.11215794845144,0.0,0.0,0.0,0.0,0.0,0.0,0.0,0.0,0.0,0.0,0.0,0.0,0.0,0.0,0.0,0.0,0.0,0.0,0.0,0.0,0.0
2019-01-08T10:30:00-07:00,5.528681232550323,0.0,0.2814519685629479,0.0,0.0,0.05,0.0,0.0,0.0,0.0,0.05950936765964479,0.0,0.007665844298245611,0.16813894358997156,0.04756164383561644,0.28272328767123284,3.159409417801657,2.572426792607269,0.0,9.247359930655659,0.0,0.0,0.0,0.0,0.0,0.0,0.0,0.0,0.0,0.0,0.0,0.0,0.0,0.0,0.0,0.0,0.0,0.0,0.0,0.0,0.0
2019-01-08T10:45:00-07:00,0.02767704516250946,0.0,0.2814519685629479,0.0,0.0,0.05,0.0,0.0,0.0,0.0,0.05950936765964479,0.0,0.007665844298245611,0.16813894358997156,0.04756164383561644,0.28272328767123284,3.2286022809958212,2.6406802391036197,0.0,9.379835477733383,0.0,0.0,0.0,0.0,0.0,0.0,0.0,0.0,0.0,0.0,0.0,0.0,0.0,0.0,0.0,0.0,0.0,0.0,0.0,0.0,0.0
2019-01-08T11:00:00-07:00,0.02687285447973453,0.0,0.2814519685629479,0.0,0.0,0.05,0.0,0.0,0.0,0.0,0.05950936765964479,0.0,0.007665844298245611,0.15951643366228066,0.05265753424657534,0.28272328767123284,3.287000252636675,2.7018006395784306,0.0,9.505150277221377,0.0,0.0,0.0,0.0,0.0,0.0,0.0,0.0,0.0,0.0,0.0,0.0,0.0,0.0,0.0,0.0,0.0,0.0,0.0,0.0,0.0
2019-01-08T11:15:00-07:00,0.026340191288380055,0.0,0.2814519685629479,0.0,0.0,0.05,0.0,0.0,0.0,0.0,0.05950936765964479,0.0,0.007665844298245611,0.15951643366228066,0.05265753424657534,0.28272328767123284,3.3328339209644637,2.747101644714865,0.0,9.626919496109279,0.0,0.0,0.0,0.0,0.0,0.0,0.0,0.0,0.0,0.0,0.0,0.0,0.0,0.0,0.0,0.0,0.0,0.0,0.0,0.0,0.0
2019-01-08T11:30:00-07:00,0.01812839032620328,0.0,0.2814519685629479,0.0,0.0,0.05,0.0,0.0,0.0,0.0,0.05950936765964479,0.0,0.007665844298245611,0.15951643366228066,0.05265753424657534,0.28272328767123284,3.733923132941353,3.1399790557295773,0.0,9.765408372948274,0.0,0.0,0.0,0.0,0.0,0.0,0.0,0.0,0.0,0.0,0.0,0.0,0.0,0.0,0.0,0.0,0.0,0.0,0.0,0.0,0.0
2019-01-08T11:45:00-07:00,0.01900672714141738,0.0,0.2814519685629479,0.0,0.0,0.05,0.0,0.0,0.0,0.0,0.05950936765964479,0.0,0.007665844298245611,0.15951643366228066,0.05265753424657534,0.28272328767123284,3.7305191629383554,3.137453422541794,0.0,9.9024181524428,0.0,0.0,0.0,0.0,0.0,0.0,0.0,0.0,0.0,0.0,0.0,0.0,0.0,0.0,0.0,0.0,0.0,0.0,0.0,0.0,0.0
2019-01-08T12:00:00-07:00,0.020264378462839794,0.0,0.28415175344842725,0.0,0.0,0.05,0.0,0.0,0.0,0.0,0.06248483604262702,0.0,0.007985254477339178,0.15520517869843525,0.05605479452054794,0.28272328767123284,3.726527545976994,3.132338573029652,0.0,10.039539719838414,0.0,0.0,0.0,0.0,0.0,0.0,0.0,0.0,0.0,0.0,0.0,0.0,0.0,0.0,0.0,0.0,0.0,0.0,0.0,0.0,0.0
2019-01-08T12:15:00-07:00,5.5218972037058185,0.0,0.28415175344842725,0.0,0.0,0.05,0.0,0.0,0.0,0.0,0.06248483604262702,0.0,0.007985254477339178,0.15520517869843525,0.05605479452054794,0.28272328767123284,3.7094747335690252,3.1168538151746628,0.0,10.180207828332655,0.0,0.0,0.0,0.0,0.0,0.0,0.0,0.0,0.0,0.0,0.0,0.0,0.0,0.0,0.0,0.0,0.0,0.0,0.0,0.0,0.0
2019-01-08T12:30:00-07:00,0.018036905691283245,0.0,0.28415175344842725,0.0,0.0,0.05,0.0,0.0,0.0,0.0,0.06248483604262702,0.0,0.007985254477339178,0.15520517869843525,0.05605479452054794,0.28272328767123284,3.9515532524640133,3.3551368067451146,0.0,10.336407003315655,0.0,0.0,0.0,0.0,0.0,0.0,0.0,0.0,0.0,0.0,0.0,0.0,0.0,0.0,0.0,0.0,0.0,0.0,0.0,0.0,0.0
2019-01-08T12:45:00-07:00,0.020229806393893934,0.0,0.28415175344842725,0.0,0.0,0.05,0.0,0.0,0.0,0.0,0.06248483604262702,0.0,0.007985254477339178,0.15520517869843525,0.05605479452054794,0.28272328767123284,3.9173275447383697,3.3231039997220817,0.0,10.489770403474845,0.0,0.0,0.0,0.0,0.0,0.0,0.0,0.0,0.0,0.0,0.0,0.0,0.0,0.0,0.0,0.0,0.0,0.0,0.0,0.0,0.0
2019-01-08T13:00:00-07:00,-2.771725208341935,0.0,0.28510998398570797,0.0,0.0,0.05,0.0,0.0,0.0,0.0,0.06248483604262702,0.0,0.008943485014619881,0.15089392373458985,0.06454794520547945,0.28272328767123284,3.8675419368348702,0.4762232508243866,0.0,10.640937721755948,0.0,0.0,0.0,0.0,0.0,0.0,0.0,0.0,0.0,0.0,0.0,0.0,0.0,0.0,0.0,0.0,0.0,0.0,0.0,0.0,0.0
2019-01-08T13:15:00-07:00,-3.177704824840076,0.0,0.28510998398570797,0.0,0.0,0.05,0.0,0.0,0.0,0.0,0.06248483604262702,0.0,0.008943485014619881,0.15089392373458985,0.06454794520547945,0.28272328767123284,3.802298302508625,0.005,0.0,10.793368081805532,0.0,0.0,0.0,0.0,0.0,0.0,0.0,0.0,0.0,0.0,0.0,0.0,0.0,0.0,0.0,0.0,0.0,0.0,0.0,0.0,0.0
2019-01-08T13:30:00-07:00,-3.2749112956124327,0.0,0.28510998398570797,0.0,0.0,0.05,0.0,0.0,0.0,0.0,0.06248483604262702,0.0,0.008943485014619881,0.15089392373458985,0.06454794520547945,0.28272328767123284,3.8995047732809818,0.005,0.0,10.95794447067745,0.0,0.0,0.0,0.0,0.0,0.0,0.0,0.0,0.0,0.0,0.0,0.0,0.0,0.0,0.0,0.0,0.0,0.0,0.0,0.0,0.0
2019-01-08T13:45:00-07:00,-3.175567733332457,0.0,0.28510998398570797,0.0,0.0,0.05,0.0,0.0,0.0,0.0,0.06248483604262702,0.0,0.008943485014619881,0.15089392373458985,0.06454794520547945,0.28272328767123284,3.800161211001006,0.005,0.0,11.12078324557778,0.0,0.0,0.0,0.0,0.0,0.0,0.0,0.0,0.0,0.0,0.0,0.0,0.0,0.0,0.0,0.0,0.0,0.0,0.0,0.0,0.0
2019-01-08T14:00:00-07:00,-3.051448304432948,0.0,0.2857488043438951,0.0,0.0,0.05,0.0,0.0,0.0,0.0,0.06248483604262702,0.0,0.009582305372807014,0.15951643366228066,0.07134246575342466,0.28272328767123284,3.69209763293532,0.005,0.0,11.278982655296446,0.0,0.0,0.0,0.0,0.0,0.0,0.0,0.0,0.0,0.0,0.0,0.0,0.0,0.0,0.0,0.0,0.0,0.0,0.0,0.0,0.0
2019-01-08T14:15:00-07:00,-2.9285573166070002,0.0,0.2857488043438951,0.0,0.0,0.05,0.0,0.0,0.0,0.0,0.06248483604262702,0.0,0.009582305372807014,0.15951643366228066,0.07134246575342466,0.28272328767123284,3.5692066451093725,0.005,0.0,11.432426559498493,0.0,0.0,0.0,0.0,0.0,0.0,0.0,0.0,0.0,0.0,0.0,0.0,0.0,0.0,0.0,0.0,0.0,0.0,0.0,0.0,0.0
2019-01-08T14:30:00-07:00,-2.549812543897723,0.0,0.2857488043438951,0.0,0.0,0.05,0.0,0.0,0.0,0.0,0.06248483604262702,0.0,0.009582305372807014,0.15951643366228066,0.07134246575342466,0.28272328767123284,3.1904618724000953,0.005,0.0,11.557260301186291,0.0,0.0,0.0,0.0,0.0,0.0,0.0,0.0,0.0,0.0,0.0,0.0,0.0,0.0,0.0,0.0,0.0,0.0,0.0,0.0,0.0
2019-01-08T14:45:00-07:00,-2.395080983347816,0.0,0.2857488043438951,0.0,0.0,0.05,0.0,0.0,0.0,0.0,0.06248483604262702,0.0,0.009582305372807014,0.15951643366228066,0.07134246575342466,0.28272328767123284,3.0357303118501884,0.005,0.0,11.683537619982642,0.0,0.0,0.0,0.0,0.0,0.0,0.0,0.0,0.0,0.0,0.0,0.0,0.0,0.0,0.0,0.0,0.0,0.0,0.0,0.0,0.0
2019-01-08T15:00:00-07:00,-1.186943938936276,0.0,0.2969260788450741,0.0,0.0,0.05,0.0,0.0,0.0,0.0,0.06099710185113591,1.0,0.01117935626827485,0.1767614535176624,0.07813698630136985,0.2961863013698629,2.865205138244582,0.005,0.0,11.811553384461137,0.0,0.0,0.0,0.0,0.0,0.0,0.0,0.0,0.0,0.0,0.0,0.0,0.0,0.0,0.0,0.0,0.0,0.0,0.0,0.0,0.0
2019-01-08T15:15:00-07:00,-1.0033770419318533,0.0,0.2969260788450741,0.0,0.0,0.05,0.0,0.0,0.0,0.0,0.06099710185113591,1.0,0.01117935626827485,0.1767614535176624,0.07813698630136985,0.2961863013698629,2.6816382412401594,0.005,0.0,11.936352004828235,0.0,0.0,0.0,0.0,0.0,0.0,0.0,0.0,0.0,0.0,0.0,0.0,0.0,0.0,0.0,0.0,0.0,0.0,0.0,0.0,0.0
2019-01-08T15:30:00-07:00,4.116326457292443,0.0,0.2969260788450741,0.0,0.0,0.05,0.0,0.0,0.0,0.0,0.06099710185113591,0.0,0.01117935626827485,0.1767614535176624,0.07813698630136985,0.2961863013698629,2.0619995127058623,0.005,0.0,12.008825778618498,0.0,0.0,0.0,0.0,0.0,0.0,0.0,0.0,0.0,0.0,0.0,0.0,0.0,0.0,0.0,0.0,0.0,0.0,0.0,0.0,0.0
2019-01-08T15:45:00-07:00,-0.2148601073862182,0.0,0.2969260788450741,0.0,0.0,0.05,0.0,0.0,0.0,0.0,0.06099710185113591,1.0,0.01117935626827485,0.1767614535176624,0.07813698630136985,0.2961863013698629,1.8931213066945243,0.005,0.0,12.083443673883032,0.0,0.0,0.0,0.0,0.0,0.0,0.0,0.0,0.0,0.0,0.0,0.0,0.0,0.0,0.0,0.0,0.0,0.0,0.0,0.0,0.0
2019-01-08T16:00:00-07:00,-0.9593035862658198,0.0,0.3195269489548511,0.0,0.0,0.05,0.0,0.0,0.0,0.0,0.06546030442560927,0.0,0.014054047880116953,0.2155627481922712,0.09172602739726027,0.31638082191780814,1.7174875360788857,0.005,0.0,12.163057566691771,0.0,0.0,0.0,0.0,0.0,0.0,0.0,0.0,0.0,0.0,0.0,0.0,0.0,0.0,0.0,0.0,0.0,0.0,0.0,0.0,0.0
2019-01-08T16:15:00-07:00,-0.7772626199634437,0.0,0.3195269489548511,0.0,0.0,0.05,0.0,0.0,0.0,0.0,0.06546030442560927,0.0,0.014054047880116953,0.2155627481922712,0.09172602739726027,0.31638082191780814,1.5354465697765096,0.005,0.0,12.236000207766764,0.0,0.0,0.0,0.0,0.0,0.0,0.0,0.0,0.0,0.0,0.0,0.0,0.0,0.0,0.0,0.0,0.0,0.0,0.0,0.0,0.0
2019-01-08T16:30:00-07:00,0.07740557577266682,0.0,0.3195269489548511,0.0,0.0,0.05,0.0,0.0,0.0,0.0,0.06546030442560927,0.0,0.014054047880116953,0.2155627481922712,0.09172602739726027,0.31638082191780814,0.4601504344723014,-0.2156279395680977,0.0,12.130811348837774,0.0,0.0,0.0,0.0,0.0,0.0,0.0,0.0,0.0,0.0,0.0,0.0,0.0,0.0,0.0,0.0,0.0,0.0,0.0,0.0,0.0
2019-01-08T16:45:00-07:00,0.08619456873229625,0.0,0.3195269489548511,0.0,0.0,0.05,0.0,0.0,0.0,0.0,0.06546030442560927,0.0,0.014054047880116953,0.2155627481922712,0.09172602739726027,0.31638082191780814,0.3818875565503202,-0.2851018245304495,0.0,12.04703322195074,0.0,0.0,0.0,0.0,0.0,0.0,0.0,0.0,0.0,0.0,0.0,0.0,0.0,0.0,0.0,0.0,0.0,0.0,0.0,0.0,0.0
2019-01-08T17:00:00-07:00,0.2151623209433342,0.0,0.3442762369551017,0.0,0.0,0.05,0.0,0.0,0.0,0.0,0.07141124119157374,1.0,0.017886970029239762,0.2802315726499526,0.10531506849315068,0.3365753424657534,0.30109283895280287,-1.3451650349335331,0.0,11.984353535777181,0.0,0.0,0.0,0.0,0.0,0.0,0.0,0.0,0.0,0.0,0.0,0.0,0.0,0.0,0.0,0.0,0.0,0.0,0.0,0.0,0.0
2019-01-08T17:15:00-07:00,0.23318715370795795,0.0,0.3442762369551017,0.0,0.0,0.05,0.0,0.0,0.0,0.0,0.07141124119157374,1.0,0.017886970029239762,0.2802315726499526,0.10531506849315068,0.3365753424657534,0.21773841727641624,-1.410494623845296,0.0,11.921187800827495,0.0,0.0,0.0,0.0,0.0,0.0,0.0,0.0,0.0,0.0,0.0,0.0,0.0,0.0,0.0,0.0,0.0,0.0,0.0,0.0,0.0
2019-01-08T17:30:00-07:00,5.770826086297051,0.0,0.3442762369551017,0.0,0.0,0.05,0.0,0.0,0.0,0.0,0.07141124119157374,1.0,0.017886970029239762,0.2802315726499526,0.10531506849315068,0.3365753424657534,0.0,-1.5906588792226195,0.0,11.786430887896524,0.0,0.0,0.0,0.0,0.0,0.0,0.0,0.0,0.0,0.0,0.0,0.0,0.0,0.0,0.0,0.0,0.0,0.0,0.0,0.0,0.0
2019-01-08T17:45:00-07:00,0.2835964264511106,0.0,0.3442762369551017,0.0,0.0,0.05,0.0,0.0,0.0,0.0,0.07141124119157374,1.0,0.017886970029239762,0.2802315726499526,0.10531506849315068,0.3365753424657534,0.0,-1.5778237683785596,0.0,11.667680297082294,0.0,0.0,0.0,0.0,0.0,0.0,0.0,0.0,0.0,0.0,0.0,0.0,0.0,0.0,0.0,0.0,0.0,0.0,0.0,0.0,0.0
2019-01-08T18:00:00-07:00,0.17920998627624218,0.0,0.35459709857368804,0.0,0.0,0.05,0.0,0.0,0.0,0.0,0.07438670957455598,0.0,0.020442251461988296,0.3707679268907064,0.1358904109589041,0.3433068493150684,0.0,-0.8155841619249811,0.0,11.574515003593458,0.0,0.0,0.0,0.0,0.0,0.0,0.0,0.0,0.0,0.0,0.0,0.0,0.0,0.0,0.0,0.0,0.0,0.0,0.0,0.0,0.0
2019-01-08T18:15:00-07:00,0.18836144128408872,0.0,0.35459709857368804,0.0,0.0,0.05,0.0,0.0,0.0,0.0,0.07438670957455598,0.0,0.020442251461988296,0.3707679268907064,0.1358904109589041,0.3433068493150684,0.0,-0.8064327069171345,0.0,11.484502864276232,0.0,0.0,0.0,0.0,0.0,0.0,0.0,0.0,0.0,0.0,0.0,0.0,0.0,0.0,0.0,0.0,0.0,0.0,0.0,0.0,0.0
2019-01-08T18:30:00-07:00,0.3530138655657522,0.0,0.35459709857368804,0.0,0.0,0.05,0.0,0.0,0.0,0.0,0.07438670957455598,1.0,0.020442251461988296,0.3707679268907064,0.1358904109589041,0.3433068493150684,0.0,-1.641780282635471,0.0,11.39365907299483,0.0,0.0,0.0,0.0,0.0,0.0,0.0,0.0,0.0,0.0,0.0,0.0,0.0,0.0,0.0,0.0,0.0,0.0,0.0,0.0,0.0
2019-01-08T18:45:00-07:00,0.20398635878964888,0.0,0.35459709857368804,0.0,0.0,0.05,0.0,0.0,0.0,0.0,0.07438670957455598,0.0,0.020442251461988296,0.3707679268907064,0.1358904109589041,0.3433068493150684,0.0,-0.7908077894115744,0.0,11.303975697843041,0.0,0.0,0.0,0.0,0.0,0.0,0.0,0.0,0.0,0.0,0.0,0.0,0.0,0.0,0.0,0.0,0.0,0.0,0.0,0.0,0.0
2019-01-08T19:00:00-07:00,0.23500825742300946,0.0,0.3481091591042245,0.0,0.0,0.05,0.0,0.0,0.0,0.0,0.07141124119157374,0.0,0.02171989217836257,0.456993026167615,0.18684931506849314,0.3365753424657534,0.0,-0.8885405596487885,0.0,11.229273066526186,0.0,0.0,0.0,0.0,0.0,0.0,0.0,0.0,0.0,0.0,0.0,0.0,0.0,0.0,0.0,0.0,0.0,0.0,0.0,0.0,0.0
2019-01-08T19:15:00-07:00,0.2452756050860675,0.0,0.3481091591042245,0.0,0.0,0.05,0.0,0.0,0.0,0.0,0.07141124119157374,0.0,0.02171989217836257,0.456993026167615,0.18684931506849314,0.3365753424657534,0.0,-0.8782732119857305,0.0,11.151752571995656,0.0,0.0,0.0,0.0,0.0,0.0,0.0,0.0,0.0,0.0,0.0,0.0,0.0,0.0,0.0,0.0,0.0,0.0,0.0,0.0,0.0
2019-01-08T19:30:00-07:00,0.255552801792705,0.0,0.3481091591042245,0.0,0.0,0.05,0.0,0.0,0.0,0.0,0.07141124119157374,0.0,0.02171989217836257,0.456993026167615,0.18684931506849314,0.3365753424657534,0.0,-0.867996015279093,0.0,11.07169702467209,0.0,0.0,0.0,0.0,0.0,0.0,0.0,0.0,0.0,0.0,0.0,0.0,0.0,0.0,0.0,0.0,0.0,0.0,0.0,0.0,0.0
2019-01-08T19:45:00-07:00,0.2655408898538443,0.0,0.3481091591042245,0.0,0.0,0.05,0.0,0.0,0.0,0.0,0.07141124119157374,0.0,0.02171989217836257,0.456993026167615,0.18684931506849314,0.3365753424657534,0.0,-0.8580079272179537,0.0,10.994228493296372,0.0,0.0,0.0,0.0,0.0,0.0,0.0,0.0,0.0,0.0,0.0,0.0,0.0,0.0,0.0,0.0,0.0,0.0,0.0,0.0,0.0
2019-01-08T20:00:00-07:00,0.28323907537802406,0.0,0.3367873811503146,0.0,0.0,0.05,0.0,0.0,0.0,0.0,0.06992350700008262,0.0,0.0223587125365497,0.47423804602299663,0.22421917808219177,0.3231123287671232,0.0,-0.8806126970309198,0.0,10.925112786712225,0.0,0.0,0.0,0.0,0.0,0.0,0.0,0.0,0.0,0.0,0.0,0.0,0.0,0.0,0.0,0.0,0.0,0.0,0.0,0.0,0.0
2019-01-08T20:15:00-07:00,0.29199583102756965,0.0,0.3367873811503146,0.0,0.0,0.05,0.0,0.0,0.0,0.0,0.06992350700008262,0.0,0.0223587125365497,0.47423804602299663,0.22421917808219177,0.3231123287671232,0.0,-0.8718559413813742,0.0,10.857831204221952,0.0,0.0,0.0,0.0,0.0,0.0,0.0,0.0,0.0,0.0,0.0,0.0,0.0,0.0,0.0,0.0,0.0,0.0,0.0,0.0,0.0
2019-01-08T20:30:00-07:00,0.2999446505927059,0.0,0.3367873811503146,0.0,0.0,0.05,0.0,0.0,0.0,0.0,0.06992350700008262,0.0,0.0223587125365497,0.47423804602299663,0.22421917808219177,0.3231123287671232,0.0,-0.863907121816238,0.0,10.797769016759434,0.0,0.0,0.0,0.0,0.0,0.0,0.0,0.0,0.0,0.0,0.0,0.0,0.0,0.0,0.0,0.0,0.0,0.0,0.0,0.0,0.0
2019-01-08T20:45:00-07:00,0.3073292929723068,0.0,0.3367873811503146,0.0,0.0,0.05,0.0,0.0,0.0,0.0,0.06992350700008262,0.0,0.0223587125365497,0.47423804602299663,0.22421917808219177,0.3231123287671232,0.0,-0.8565224794366371,0.0,10.735523203997378,0.0,0.0,0.0,0.0,0.0,0.0,0.0,0.0,0.0,0.0,0.0,0.0,0.0,0.0,0.0,0.0,0.0,0.0,0.0,0.0,0.0
2019-01-08T21:00:00-07:00,0.27337051380780364,0.0,0.3124593209838456,0.0,0.0,0.05,0.0,0.0,0.0,0.0,0.06843577280859149,0.0,0.020761661641081865,0.3405891421437885,0.21232876712328766,0.2961863013698629,0.0,-0.7149311312788088,0.0,10.652230699205397,0.0,0.0,0.0,0.0,0.0,0.0,0.0,0.0,0.0,0.0,0.0,0.0,0.0,0.0,0.0,0.0,0.0,0.0,0.0,0.0,0.0
2019-01-08T21:15:00-07:00,0.2801080753856957,0.0,0.3124593209838456,0.0,0.0,0.05,0.0,0.0,0.0,0.0,0.06843577280859149,0.0,0.020761661641081865,0.3405891421437885,0.21232876712328766,0.2961863013698629,0.0,-0.7081935697009167,0.0,10.571188737020508,0.0,0.0,0.0,0.0,0.0,0.0,0.0,0.0,0.0,0.0,0.0,0.0,0.0,0.0,0.0,0.0,0.0,0.0,0.0,0.0,0.0
2019-01-08T21:30:00-07:00,0.28710579464239094,0.0,0.3124593209838456,0.0,0.0,0.05,0.0,0.0,0.0,0.0,0.06843577280859149,0.0,0.020761661641081865,0.3405891421437885,0.21232876712328766,0.2961863013698629,0.0,-0.7011958504442215,0.0,10.490372388772606,0.0,0.0,0.0,0.0,0.0,0.0,0.0,0.0,0.0,0.0,0.0,0.0,0.0,0.0,0.0,0.0,0.0,0.0,0.0,0.0,0.0
2019-01-08T21:45:00-07:00,0.2940303764472576,0.0,0.3124593209838456,0.0,0.0,0.05,0.0,0.0,0.0,0.0,0.06843577280859149,0.0,0.020761661641081865,0.3405891421437885,0.21232876712328766,0.2961863013698629,0.0,-0.6942712686393548,0.0,10.41405771776856,0.0,0.0,0.0,0.0,0.0,0.0,0.0,0.0,0.0,0.0,0.0,0.0,0.0,0.0,0.0,0.0,0.0,0.0,0.0,0.0,0.0
2019-01-08T22:00:00-07:00,0.22619606105185375,0.0,0.28566343274780953,0.0,0.0,0.05,0.0,0.0,0.0,0.0,0.06546030442560927,0.0,0.017886970029239762,0.17245019855381696,0.1307945205479452,0.26926027397260266,0.0,-0.4796562064773602,0.0,10.312199363192608,0.0,0.0,0.0,0.0,0.0,0.0,0.0,0.0,0.0,0.0,0.0,0.0,0.0,0.0,0.0,0.0,0.0,0.0,0.0,0.0,0.0
2019-01-08T22:15:00-07:00,0.2305260941285709,0.0,0.28566343274780953,0.0,0.0,0.05,0.0,0.0,0.0,0.0,0.06546030442560927,0.0,0.017886970029239762,0.17245019855381696,0.1307945205479452,0.26926027397260266,0.0,-0.47532617340064304,0.0,10.220973203386633,0.0,0.0,0.0,0.0,0.0,0.0,0.0,0.0,0.0,0.0,0.0,0.0,0.0,0.0,0.0,0.0,0.0,0.0,0.0,0.0,0.0
2019-01-08T22:30:00-07:00,0.2344557353861742,0.0,0.28566343274780953,0.0,0.0,0.05,0.0,0.0,0.0,0.0,0.06546030442560927,0.0,0.017886970029239762,0.17245019855381696,0.1307945205479452,0.26926027397260266,0.0,-0.4713965321430397,0.0,10.14272341474645,0.0,0.0,0.0,0.0,0.0,0.0,0.0,0.0,0.0,0.0,0.0,0.0,0.0,0.0,0.0,0.0,0.0,0.0,0.0,0.0,0.0
2019-01-08T22:45:00-07:00,0.23810673119147663,0.0,0.28566343274780953,0.0,0.0,0.05,0.0,0.0,0.0,0.0,0.06546030442560927,0.0,0.017886970029239762,0.17245019855381696,0.1307945205479452,0.26926027397260266,0.0,-0.4677455363377373,0.0,10.066053710908047,0.0,0.0,0.0,0.0,0.0,0.0,0.0,0.0,0.0,0.0,0.0,0.0,0.0,0.0,0.0,0.0,0.0,0.0,0.0,0.0,0.0
2019-01-08T23:00:00-07:00,5.685968414996659,0.0,0.2630625626380325,0.0,0.0,0.05,0.0,0.0,0.0,0.0,0.06099710185113591,0.0,0.015012278417397657,0.07760258934921763,0.05775342465753425,0.24906575342465745,0.0,-0.32452750339328357,0.0,9.96888074305721,0.0,0.0,0.0,0.0,0.0,0.0,0.0,0.0,0.0,0.0,0.0,0.0,0.0,0.0,0.0,0.0,0.0,0.0,0.0,0.0,0.0
2019-01-08T23:15:00-07:00,0.18863039130386455,0.0,0.2630625626380325,0.0,0.0,0.05,0.0,0.0,0.0,0.0,0.06099710185113591,0.0,0.015012278417397657,0.07760258934921763,0.05775342465753425,0.24906575342465745,0.0,-0.32180075639607836,0.0,9.877040760036698,0.0,0.0,0.0,0.0,0.0,0.0,0.0,0.0,0.0,0.0,0.0,0.0,0.0,0.0,0.0,0.0,0.0,0.0,0.0,0.0,0.0
2019-01-08T23:30:00-07:00,0.19150170340800476,0.0,0.2630625626380325,0.0,0.0,0.05,0.0,0.0,0.0,0.0,0.06099710185113591,0.0,0.015012278417397657,0.07760258934921763,0.05775342465753425,0.24906575342465745,0.0,-0.31892944429193815,0.0,9.783447855725413,0.0,0.0,0.0,0.0,0.0,0.0,0.0,0.0,0.0,0.0,0.0,0.0,0.0,0.0,0.0,0.0,0.0,0.0,0.0,0.0,0.0
2019-01-08T23:45:00-07:00,0.1944482243063464,0.0,0.2630625626380325,0.0,0.0,0.05,0.0,0.0,0.0,0.0,0.06099710185113591,0.0,0.015012278417397657,0.07760258934921763,0.05775342465753425,0.24906575342465745,0.0,-0.3159829233935965,0.0,9.693927490499537,0.0,0.0,0.0,0.0,0.0,0.0,0.0,0.0,0.0,0.0,0.0,0.0,0.0,0.0,0.0,0.0,0.0,0.0,0.0,0.0,0.0
2019-01-09T00:00:00-07:00,0.17560241512596086,0.0,0.2542512985517326,0.0,0.0,0.05,0.0,0.0,0.0,0.0,0.05950936765964479,0.0,0.012776407163742684,0.05173505956614509,0.02378082191780822,0.2423342465753424,0.0,-0.2645334877567223,0.0,9.600863320352897,0.0,0.0,0.0,0.0,0.0,0.0,0.0,0.0,0.0,0.0,0.0,0.0,0.0,0.0,0.0,0.0,0.0,0.0,0.0,0.0,0.0
2019-01-09T00:15:00-07:00,0.17809413056989248,0.0,0.2542512985517326,0.0,0.0,0.05,0.0,0.0,0.0,0.0,0.05950936765964479,0.0,0.012776407163742684,0.05173505956614509,0.02378082191780822,0.2423342465753424,0.0,-0.2620417723127907,0.0,9.512416518382098,0.0,0.0,0.0,0.0,0.0,0.0,0.0,0.0,0.0,0.0,0.0,0.0,0.0,0.0,0.0,0.0,0.0,0.0,0.0,0.0,0.0
2019-01-09T00:30:00-07:00,0.1805329392303901,0.0,0.2542512985517326,0.0,0.0,0.05,0.0,0.0,0.0,0.0,0.05950936765964479,0.0,0.012776407163742684,0.05173505956614509,0.02378082191780822,0.2423342465753424,0.0,-0.2596029636522931,0.0,9.427002129357192,0.0,0.0,0.0,0.0,0.0,0.0,0.0,0.0,0.0,0.0,0.0,0.0,0.0,0.0,0.0,0.0,0.0,0.0,0.0,0.0,0.0
2019-01-09T00:45:00-07:00,0.18287689545660024,0.0,0.2542512985517326,0.0,0.0,0.05,0.0,0.0,0.0,0.0,0.05950936765964479,0.0,0.012776407163742684,0.05173505956614509,0.02378082191780822,0.2423342465753424,0.0,-0.25725900742608293,0.0,9.345423829437474,0.0,0.0,0.0,0.0,0.0,0.0,0.0,0.0,0.0,0.0,0.0,0.0,0.0,0.0,0.0,0.0,0.0,0.0,0.0,0.0,0.0
2019-01-09T01:00:00-07:00,0.17743280084138774,0.0,0.25210288066125897,0.0,0.0,0.05,0.0,0.0,0.0,0.0,0.058021633468153665,0.0,0.011818176626461983,0.04311254963845424,0.01189041095890411,0.2423342465753424,0.0,-0.23974421642592864,0.0,9.265390549189076,0.0,0.0,0.0,0.0,0.0,0.0,0.0,0.0,0.0,0.0,0.0,0.0,0.0,0.0,0.0,0.0,0.0,0.0,0.0,0.0,0.0
2019-01-09T01:15:00-07:00,0.1794288988599675,0.0,0.25210288066125897,0.0,0.0,0.05,0.0,0.0,0.0,0.0,0.058021633468153665,0.0,0.011818176626461983,0.04311254963845424,0.01189041095890411,0.2423342465753424,0.0,-0.23774811840734889,0.0,9.188552446062706,0.0,0.0,0.0,0.0,0.0,0.0,0.0,0.0,0.0,0.0,0.0,0.0,0.0,0.0,0.0,0.0,0.0,0.0,0.0,0.0,0.0
2019-01-09T01:30:00-07:00,0.1813256639761371,0.0,0.25210288066125897,0.0,0.0,0.05,0.0,0.0,0.0,0.0,0.058021633468153665,0.0,0.011818176626461983,0.04311254963845424,0.01189041095890411,0.2423342465753424,0.0,-0.23585135329117926,0.0,9.117010434290448,0.0,0.0,0.0,0.0,0.0,0.0,0.0,0.0,0.0,0.0,0.0,0.0,0.0,0.0,0.0,0.0,0.0,0.0,0.0,0.0,0.0
2019-01-09T01:45:00-07:00,0.1831280343150108,0.0,0.25210288066125897,0.0,0.0,0.05,0.0,0.0,0.0,0.0,0.058021633468153665,0.0,0.011818176626461983,0.04311254963845424,0.01189041095890411,0.2423342465753424,0.0,-0.23404898295230558,0.0,9.047330099513285,0.0,0.0,0.0,0.0,0.0,0.0,0.0,0.0,0.0,0.0,0.0,0.0,0.0,0.0,0.0,0.0,0.0,0.0,0.0,0.0,0.0
2019-01-09T02:00:00-07:00,0.1825085976222039,0.0,0.2509126933080661,0.0,0.0,0.05,0.0,0.0,0.0,0.0,0.05653389927666255,0.0,0.011818176626461983,0.04311254963845424,0.006794520547945205,0.2423342465753424,0.0,-0.22808479504266244,0.0,8.979503769883857,0.0,0.0,0.0,0.0,0.0,0.0,0.0,0.0,0.0,0.0,0.0,0.0,0.0,0.0,0.0,0.0,0.0,0.0,0.0,0.0,0.0
2019-01-09T02:15:00-07:00,0.18410787134938525,0.0,0.2509126933080661,0.0,0.0,0.05,0.0,0.0,0.0,0.0,0.05653389927666255,0.0,0.011818176626461983,0.04311254963845424,0.006794520547945205,0.2423342465753424,0.0,-0.22648552131548108,0.0,8.91357643206352,0.0,0.0,0.0,0.0,0.0,0.0,0.0,0.0,0.0,0.0,0.0,0.0,0.0,0.0,0.0,0.0,0.0,0.0,0.0,0.0,0.0
2019-01-09T02:30:00-07:00,0.18562753166115456,0.0,0.2509126933080661,0.0,0.0,0.05,0.0,0.0,0.0,0.0,0.05653389927666255,0.0,0.011818176626461983,0.04311254963845424,0.006794520547945205,0.2423342465753424,0.0,-0.22496586100371177,0.0,8.85019243905401,0.0,0.0,0.0,0.0,0.0,0.0,0.0,0.0,0.0,0.0,0.0,0.0,0.0,0.0,0.0,0.0,0.0,0.0,0.0,0.0,0.0
2019-01-09T02:45:00-07:00,0.18707153837666196,0.0,0.2509126933080661,0.0,0.0,0.05,0.0,0.0,0.0,0.0,0.05653389927666255,0.0,0.011818176626461983,0.04311254963845424,0.006794520547945205,0.2423342465753424,0.0,-0.22352185428820437,0.0,8.788418218644436,0.0,0.0,0.0,0.0,0.0,0.0,0.0,0.0,0.0,0.0,0.0,0.0,0.0,0.0,0.0,0.0,0.0,0.0,0.0,0.0,0.0
2019-01-09T03:00:00-07:00,0.18702587683993263,0.0,0.24908368559668606,0.0,0.0,0.05,0.0,0.0,0.0,0.0,0.05504616508517143,0.0,0.01117935626827485,0.04311254963845424,0.005095890410958904,0.2423342465753424,0.0,-0.21974233113826916,0.0,8.728512510688153,0.0,0.0,0.0,0.0,0.0,0.0,0.0,0.0,0.0,0.0,0.0,0.0,0.0,0.0,0.0,0.0,0.0,0.0,0.0,0.0,0.0
2019-01-09T03:15:00-07:00,0.18831639986500362,0.0,0.24908368559668606,0.0,0.0,0.05,0.0,0.0,0.0,0.0,0.05504616508517143,0.0,0.01117935626827485,0.04311254963845424,0.005095890410958904,0.2423342465753424,0.0,-0.21845180811319817,0.0,8.670124137697407,0.0,0.0,0.0,0.0,0.0,0.0,0.0,0.0,0.0,0.0,0.0,0.0,0.0,0.0,0.0,0.0,0.0,0.0,0.0,0.0,0.0
2019-01-09T03:30:00-07:00,0.18954266306109,0.0,0.24908368559668606,0.0,0.0,0.05,0.0,0.0,0.0,0.0,0.05504616508517143,0.0,0.01117935626827485,0.04311254963845424,0.005095890410958904,0.2423342465753424,0.0,-0.2172255449171118,0.0,8.613874749105445,0.0,0.0,0.0,0.0,0.0,0.0,0.0,0.0,0.0,0.0,0.0,0.0,0.0,0.0,0.0,0.0,0.0,0.0,0.0,0.0,0.0
2019-01-09T03:45:00-07:00,0.19070786372660742,0.0,0.24908368559668606,0.0,0.0,0.05,0.0,0.0,0.0,0.0,0.05504616508517143,0.0,0.01117935626827485,0.04311254963845424,0.005095890410958904,0.2423342465753424,0.0,-0.21606034425159437,0.0,8.5581434073063,0.0,0.0,0.0,0.0,0.0,0.0,0.0,0.0,0.0,0.0,0.0,0.0,0.0,0.0,0.0,0.0,0.0,0.0,0.0,0.0,0.0
2019-01-09T04:00:00-07:00,0.19360810602338513,0.0,0.24789349824349316,0.0,0.0,0.05,0.0,0.0,0.0,0.0,0.0535584308936803,0.0,0.01117935626827485,0.04742380460229966,0.006794520547945205,0.2423342465753424,0.0,-0.21768225286415727,0.0,8.50313687555789,0.0,0.0,0.0,0.0,0.0,0.0,0.0,0.0,0.0,0.0,0.0,0.0,0.0,0.0,0.0,0.0,0.0,0.0,0.0,0.0,0.0
2019-01-09T04:15:00-07:00,0.19485036107269077,0.0,0.24789349824349316,0.0,0.0,0.05,0.0,0.0,0.0,0.0,0.0535584308936803,0.0,0.01117935626827485,0.04742380460229966,0.006794520547945205,0.2423342465753424,0.0,-0.21643999781485163,0.0,8.447680121366659,0.0,0.0,0.0,0.0,0.0,0.0,0.0,0.0,0.0,0.0,0.0,0.0,0.0,0.0,0.0,0.0,0.0,0.0,0.0,0.0,0.0
2019-01-09T04:30:00-07:00,0.19615473028890348,0.0,0.24789349824349316,0.0,0.0,0.05,0.0,0.0,0.0,0.0,0.0535584308936803,0.0,0.01117935626827485,0.04742380460229966,0.006794520547945205,0.2423342465753424,0.0,-0.2151356285986389,0.0,8.398182337562353,0.0,0.0,0.0,0.0,0.0,0.0,0.0,0.0,0.0,0.0,0.0,0.0,0.0,0.0,0.0,0.0,0.0,0.0,0.0,0.0,0.0
2019-01-09T04:45:00-07:00,0.19745050253511967,0.0,0.24789349824349316,0.0,0.0,0.05,0.0,0.0,0.0,0.0,0.0535584308936803,0.0,0.01117935626827485,0.04742380460229966,0.006794520547945205,0.2423342465753424,0.0,-0.21383985635242272,0.0,8.349736878224416,0.0,0.0,0.0,0.0,0.0,0.0,0.0,0.0,0.0,0.0,0.0,0.0,0.0,0.0,0.0,0.0,0.0,0.0,0.0,0.0,0.0
2019-01-09T05:00:00-07:00,5.712566400226559,0.0,0.24917113895986742,0.0,0.0,0.05,0.0,0.0,0.0,0.0,0.0535584308936803,0.0,0.012456996984649119,0.07760258934921763,0.010191780821917807,0.2423342465753424,0.0,-0.23364241508824754,0.0,8.307670442473126,0.0,0.0,0.0,0.0,0.0,0.0,0.0,0.0,0.0,0.0,0.0,0.0,0.0,0.0,0.0,0.0,0.0,0.0,0.0,0.0,0.0
2019-01-09T05:15:00-07:00,0.21358442555614904,0.0,0.24917113895986742,0.0,0.0,0.05,0.0,0.0,0.0,0.0,0.0535584308936803,0.0,0.012456996984649119,0.07760258934921763,0.010191780821917807,0.2423342465753424,0.0,-0.23255961906865819,0.0,8.26760428741331,0.0,0.0,0.0,0.0,0.0,0.0,0.0,0.0,0.0,0.0,0.0,0.0,0.0,0.0,0.0,0.0,0.0,0.0,0.0,0.0,0.0
2019-01-09T05:30:00-07:00,0.21447742255914753,0.0,0.24917113895986742,0.0,0.0,0.05,0.0,0.0,0.0,0.0,0.0535584308936803,0.0,0.012456996984649119,0.07760258934921763,0.010191780821917807,0.2423342465753424,0.0,-0.2316666220656597,0.0,8.225652848421863,0.0,0.0,0.0,0.0,0.0,0.0,0.0,0.0,0.0,0.0,0.0,0.0,0.0,0.0,0.0,0.0,0.0,0.0,0.0,0.0,0.0
2019-01-09T05:45:00-07:00,0.21526419081371223,0.0,0.24917113895986742,0.0,0.0,0.05,0.0,0.0,0.0,0.0,0.0535584308936803,0.0,0.012456996984649119,0.07760258934921763,0.010191780821917807,0.2423342465753424,0.0,-0.230879853811095,0.0,8.182128328782506,0.0,0.0,0.0,0.0,0.0,0.0,0.0,0.0,0.0,0.0,0.0,0.0,0.0,0.0,0.0,0.0,0.0,0.0,0.0,0.0,0.0
2019-01-09T06:00:00-07:00,0.6565584449742237,0.0,0.2639189755206252,0.0,0.0,0.05,0.0,0.0,0.0,0.0,0.05653389927666255,1.0,0.014054047880116953,0.1293376489153627,0.016986301369863014,0.25579726027397254,0.0,-0.866150712741754,0.0,8.14364007182948,0.0,0.0,0.0,0.0,0.0,0.0,0.0,0.0,0.0,0.0,0.0,0.0,0.0,0.0,0.0,0.0,0.0,0.0,0.0,0.0,0.0
2019-01-09T06:15:00-07:00,0.2484293233321982,0.0,0.2639189755206252,0.0,0.0,0.05,0.0,0.0,0.0,0.0,0.05653389927666255,0.0,0.014054047880116953,0.1293376489153627,0.016986301369863014,0.25579726027397254,0.0,-0.2742798343837796,0.0,8.099691889116842,0.0,0.0,0.0,0.0,0.0,0.0,0.0,0.0,0.0,0.0,0.0,0.0,0.0,0.0,0.0,0.0,0.0,0.0,0.0,0.0,0.0
2019-01-09T06:30:00-07:00,0.2503267812613514,0.0,0.2639189755206252,0.0,0.0,0.05,0.0,0.0,0.0,0.0,0.05653389927666255,0.0,0.014054047880116953,0.1293376489153627,0.016986301369863014,0.25579726027397254,0.0,-0.27238237645462643,0.0,8.061997627889998,0.0,0.0,0.0,0.0,0.0,0.0,0.0,0.0,0.0,0.0,0.0,0.0,0.0,0.0,0.0,0.0,0.0,0.0,0.0,0.0,0.0
2019-01-09T06:45:00-07:00,0.2523387905944706,0.0,0.2639189755206252,0.0,0.0,0.05,0.0,0.0,0.0,0.0,0.05653389927666255,0.0,0.014054047880116953,0.1293376489153627,0.016986301369863014,0.25579726027397254,0.0,-0.2703703671215072,0.0,8.027486741700265,0.0,0.0,0.0,0.0,0.0,0.0,0.0,0.0,0.0,0.0,0.0,0.0,0.0,0.0,0.0,0.0,0.0,0.0,0.0,0.0,0.0
2019-01-09T07:00:00-07:00,0.281353045180108,0.0,0.28149673612808646,0.0,0.0,0.05,0.0,0.0,0.0,0.0,0.05950936765964479,0.0,0.013095817342836253,0.1638276886261261,0.02547945205479452,0.2759917808219177,0.0,-0.3065510613252114,0.0,8.009469369497756,0.0,0.0,0.0,0.0,0.0,0.0,0.0,0.0,0.0,0.0,0.0,0.0,0.0,0.0,0.0,0.0,0.0,0.0,0.0,0.0,0.0
2019-01-09T07:15:00-07:00,0.7061743937556705,0.0,0.28149673612808646,0.0,0.0,0.05,0.0,0.0,0.0,0.0,0.05950936765964479,1.0,0.013095817342836253,0.1638276886261261,0.02547945205479452,0.2759917808219177,0.0,-0.8817297127496487,0.0,7.998192435077402,0.0,0.0,0.0,0.0,0.0,0.0,0.0,0.0,0.0,0.0,0.0,0.0,0.0,0.0,0.0,0.0,0.0,0.0,0.0,0.0,0.0
2019-01-09T07:30:00-07:00,0.625771736281793,0.0,0.28149673612808646,0.0,0.0,0.05,0.0,0.0,0.0,0.0,0.05950936765964479,1.0,0.013095817342836253,0.1638276886261261,0.02547945205479452,0.2759917808219177,0.18266986078765388,-0.7794625094358724,0.0,8.02338454191253,0.0,0.0,0.0,0.0,0.0,0.0,0.0,0.0,0.0,0.0,0.0,0.0,0.0,0.0,0.0,0.0,0.0,0.0,0.0,0.0,0.0
2019-01-09T07:45:00-07:00,0.16937251714605434,0.0,0.28149673612808646,0.0,0.0,0.05,0.0,0.0,0.0,0.0,0.05950936765964479,0.0,0.013095817342836253,0.1638276886261261,0.02547945205479452,0.2759917808219177,0.2631430529994582,-0.15538853635980687,0.0,8.055602308272425,0.0,0.0,0.0,0.0,0.0,0.0,0.0,0.0,0.0,0.0,0.0,0.0,0.0,0.0,0.0,0.0,0.0,0.0,0.0,0.0,0.0
2019-01-09T08:00:00-07:00,5.6637364620597115,0.0,0.28487802716979577,0.0,0.0,0.05,0.0,0.0,0.0,0.0,0.06099710185113591,0.0,0.009901715551900581,0.1767614535176624,0.03397260273972603,0.28272328767123284,0.3012112891681834,-0.14947318079376354,0.0,8.086962795139872,0.0,0.0,0.0,0.0,0.0,0.0,0.0,0.0,0.0,0.0,0.0,0.0,0.0,0.0,0.0,0.0,0.0,0.0,0.0,0.0,0.0
2019-01-09T08:15:00-07:00,0.15465504687102327,0.0,0.28487802716979577,0.0,0.0,0.05,0.0,0.0,0.0,0.0,0.06099710185113591,0.0,0.009901715551900581,0.1767614535176624,0.03397260273972603,0.28272328767123284,0.32081485190187137,-0.13888626255876318,0.0,8.113533299009056,0.0,0.0,0.0,0.0,0.0,0.0,0.0,0.0,0.0,0.0,0.0,0.0,0.0,0.0,0.0,0.0,0.0,0.0,0.0,0.0,0.0
2019-01-09T08:30:00-07:00,-1.0160981517841694,0.0,0.28487802716979577,0.0,0.0,0.05,0.0,0.0,0.0,0.0,0.06099710185113591,0.0,0.009901715551900581,0.1767614535176624,0.03397260273972603,0.28272328767123284,1.6354543131158272,0.005,0.0,8.300137401173759,0.0,0.0,0.0,0.0,0.0,0.0,0.0,0.0,0.0,0.0,0.0,0.0,0.0,0.0,0.0,0.0,0.0,0.0,0.0,0.0,0.0
2019-01-09T08:45:00-07:00,-1.1470151478112711,0.0,0.28487802716979577,0.0,0.0,0.05,0.0,0.0,0.0,0.0,0.06099710185113591,0.0,0.009901715551900581,0.1767614535176624,0.03397260273972603,0.28272328767123284,1.766371309142929,0.005,0.0,8.459227854651653,0.0,0.0,0.0,0.0,0.0,0.0,0.0,0.0,0.0,0.0,0.0,0.0,0.0,0.0,0.0,0.0,0.0,0.0,0.0,0.0,0.0
2019-01-09T09:00:00-07:00,-0.26048389264895944,0.0,0.2829615660952344,0.0,0.0,0.05,0.0,1.0,0.0,0.0,0.06099710185113591,0.0,0.007985254477339178,0.1767614535176624,0.04246575342465753,0.28272328767123284,1.8864167435909873,0.005,0.0,8.600222965473899,0.0,0.0,0.0,0.0,0.0,0.0,0.0,0.0,0.0,0.0,0.0,0.0,0.0,0.0,0.0,0.0,0.0,0.0,0.0,0.0,0.0
2019-01-09T09:15:00-07:00,-1.3712907765511693,0.0,0.2829615660952344,0.0,0.0,0.05,0.0,0.0,0.0,0.0,0.06099710185113591,0.0,0.007985254477339178,0.1767614535176624,0.04246575342465753,0.28272328767123284,1.9972236274931972,0.005,0.0,8.729114503377437,0.0,0.0,0.0,0.0,0.0,0.0,0.0,0.0,0.0,0.0,0.0,0.0,0.0,0.0,0.0,0.0,0.0,0.0,0.0,0.0,0.0
2019-01-09T09:30:00-07:00,-1.2341134130359273,0.0,0.2829615660952344,0.0,0.0,0.05,0.0,1.0,0.0,0.0,0.06099710185113591,0.0,0.007985254477339178,0.1767614535176624,0.04246575342465753,0.28272328767123284,2.860046263977955,0.005,0.0,8.915079343118848,0.0,0.0,0.0,0.0,0.0,0.0,0.0,0.0,0.0,0.0,0.0,0.0,0.0,0.0,0.0,0.0,0.0,0.0,0.0,0.0,0.0
2019-01-09T09:45:00-07:00,3.1349717550310703,0.0,0.2829615660952344,0.0,0.0,0.05,0.0,0.0,0.0,0.0,0.06099710185113591,0.0,0.007985254477339178,0.1767614535176624,0.04246575342465753,0.28272328767123284,2.9910258666009573,0.005,0.0,9.080840730510717,0.0,0.0,0.0,0.0,0.0,0.0,0.0,0.0,0.0,0.0,0.0,0.0,0.0,0.0,0.0,0.0,0.0,0.0,0.0,0.0,0.0
2019-01-09T10:00:00-07:00,-2.48873378162909,0.0,0.2814519685629479,0.0,0.0,0.05,0.0,0.0,0.0,0.0,0.05950936765964479,0.0,0.007665844298245611,0.16813894358997156,0.04756164383561644,0.28272328767123284,3.1093328686838015,0.005,0.0,9.22988838172769,0.0,0.0,0.0,0.0,0.0,0.0,0.0,0.0,0.0,0.0,0.0,0.0,0.0,0.0,0.0,0.0,0.0,0.0,0.0,0.0,0.0
2019-01-09T10:15:00-07:00,-1.5649437208348946,0.0,0.2814519685629479,0.0,0.0,0.05,0.0,0.0,1.0,0.0,0.05950936765964479,0.0,0.007665844298245611,0.16813894358997156,0.04756164383561644,0.28272328767123284,3.1855428078896058,0.005,0.0,9.365893180578189,0.0,0.0,0.0,0.0,0.0,0.0,0.0,0.0,0.0,0.0,0.0,0.0,0.0,0.0,0.0,0.0,0.0,0.0,0.0,0.0,0.0
2019-01-09T10:30:00-07:00,-2.0984775553071433,0.0,0.2814519685629479,0.0,0.0,0.05,0.0,0.0,1.0,0.0,0.05950936765964479,0.0,0.007665844298245611,0.16813894358997156,0.04756164383561644,0.28272328767123284,3.7190766423618546,0.005,0.0,9.521030447422763,0.0,0.0,0.0,0.0,0.0,0.0,0.0,0.0,0.0,0.0,0.0,0.0,0.0,0.0,0.0,0.0,0.0,0.0,0.0,0.0,0.0
2019-01-09T10:45:00-07:00,-3.1599269507278893,0.0,0.2814519685629479,0.0,0.0,0.05,0.0,0.0,0.0,0.0,0.05950936765964479,0.0,0.007665844298245611,0.16813894358997156,0.04756164383561644,0.28272328767123284,3.7805260377826007,0.005,0.0,9.659622291818009,0.0,0.0,0.0,0.0,0.0,0.0,0.0,0.0,0.0,0.0,0.0,0.0,0.0,0.0,0.0,0.0,0.0,0.0,0.0,0.0,0.0
2019-01-09T11:00:00-07:00,-3.243301894901717,0.0,0.2814519685629479,0.0,0.0,0.05,0.0,0.0,0.0,0.0,0.05950936765964479,0.0,0.007665844298245611,0.15951643366228066,0.05265753424657534,0.28272328767123284,3.8603743624396962,0.005,0.0,9.783837346647468,0.0,0.0,0.0,0.0,0.0,0.0,0.0,0.0,0.0,0.0,0.0,0.0,0.0,0.0,0.0,0.0,0.0,0.0,0.0,0.0,0.0
2019-01-09T11:15:00-07:00,0.009307462882796269,0.0,0.2814519685629479,0.0,0.0,0.05,0.0,0.0,0.0,0.0,0.05950936765964479,0.0,0.007665844298245611,0.15951643366228066,0.05265753424657534,0.28272328767123284,3.9248710131631905,3.322106008508008,0.0,9.900004272422041,0.0,0.0,0.0,0.0,0.0,0.0,0.0,0.0,0.0,0.0,0.0,0.0,0.0,0.0,0.0,0.0,0.0,0.0,0.0,0.0,0.0
2019-01-09T11:30:00-07:00,0.004369326732227563,0.0,0.2814519685629479,0.0,0.0,0.05,0.0,0.0,0.0,0.0,0.05950936765964479,0.0,0.007665844298245611,0.15951643366228066,0.05265753424657534,0.28272328767123284,4.153320018754501,3.545616877948749,0.0,10.02092785865912,0.0,0.0,0.0,0.0,0.0,0.0,0.0,0.0,0.0,0.0,0.0,0.0,0.0,0.0,0.0,0.0,0.0,0.0,0.0,0.0,0.0
2019-01-09T11:45:00-07:00,5.504815309797356,0.0,0.2814519685629479,0.0,0.0,0.05,0.0,0.0,0.0,0.0,0.05950936765964479,0.0,0.007665844298245611,0.15951643366228066,0.05265753424657534,0.28272328767123284,4.183870554868768,3.5765486264381448,0.0,10.137441131463536,0.0,0.0,0.0,0.0,0.0,0.0,0.0,0.0,0.0,0.0,0.0,0.0,0.0,0.0,0.0,0.0,0.0,0.0,0.0,0.0,0.0
2019-01-09T12:00:00-07:00,0.005530439274846977,0.0,0.28415175344842725,0.0,0.0,0.05,0.0,0.0,0.0,0.0,0.06248483604262702,0.0,0.007985254477339178,0.15520517869843525,0.05605479452054794,0.28272328767123284,4.197852912979284,3.588930000843949,0.0,10.250224845151335,0.0,0.0,0.0,0.0,0.0,0.0,0.0,0.0,0.0,0.0,0.0,0.0,0.0,0.0,0.0,0.0,0.0,0.0,0.0,0.0,0.0
2019-01-09T12:15:00-07:00,0.006508140865243206,0.0,0.28415175344842725,0.0,0.0,0.05,0.0,0.0,0.0,0.0,0.06248483604262702,0.0,0.007985254477339178,0.15520517869843525,0.05605479452054794,0.28272328767123284,4.19522241288796,3.587277202343021,0.0,10.36258998969908,0.0,0.0,0.0,0.0,0.0,0.0,0.0,0.0,0.0,0.0,0.0,0.0,0.0,0.0,0.0,0.0,0.0,0.0,0.0,0.0,0.0
2019-01-09T12:30:00-07:00,0.007077535763458265,0.0,0.28415175344842725,0.0,0.0,0.05,0.0,0.0,0.0,0.0,0.06248483604262702,0.0,0.007985254477339178,0.15520517869843525,0.05605479452054794,0.28272328767123284,4.21920915891762,3.611833343270896,0.0,10.472498360387238,0.0,0.0,0.0,0.0,0.0,0.0,0.0,0.0,0.0,0.0,0.0,0.0,0.0,0.0,0.0,0.0,0.0,0.0,0.0,0.0,0.0
2019-01-09T12:45:00-07:00,0.00965651986329874,0.0,0.28415175344842725,0.0,0.0,0.05,0.0,0.0,0.0,0.0,0.06248483604262702,0.0,0.007985254477339178,0.15520517869843525,0.05605479452054794,0.28272328767123284,4.181619089719162,3.5768222581722795,0.0,10.585435614367235,0.0,0.0,0.0,0.0,0.0,0.0,0.0,0.0,0.0,0.0,0.0,0.0,0.0,0.0,0.0,0.0,0.0,0.0,0.0,0.0,0.0
2019-01-09T13:00:00-07:00,0.01212049730669218,0.0,0.28510998398570797,0.0,0.0,0.05,0.0,0.0,0.0,0.0,0.06248483604262702,0.0,0.008943485014619881,0.15089392373458985,0.06454794520547945,0.28272328767123284,4.16066874383511,3.5531957634732536,0.0,10.702384179091187,0.0,0.0,0.0,0.0,0.0,0.0,0.0,0.0,0.0,0.0,0.0,0.0,0.0,0.0,0.0,0.0,0.0,0.0,0.0,0.0,0.0
2019-01-09T13:15:00-07:00,0.015644140156496178,0.0,0.28510998398570797,0.0,0.0,0.05,0.0,0.0,0.0,0.0,0.06248483604262702,0.0,0.008943485014619881,0.15089392373458985,0.06454794520547945,0.28272328767123284,4.086554654628207,3.482605317116154,0.0,10.824457829484533,0.0,0.0,0.0,0.0,0.0,0.0,0.0,0.0,0.0,0.0,0.0,0.0,0.0,0.0,0.0,0.0,0.0,0.0,0.0,0.0,0.0
2019-01-09T13:30:00-07:00,-0.6636952994290217,0.0,0.28510998398570797,0.0,0.0,0.05,0.0,0.0,0.0,0.0,0.06248483604262702,0.0,0.008943485014619881,0.15089392373458985,0.06454794520547945,0.28272328767123284,3.8520303886545504,2.56874161155698,0.0,10.938483246313686,0.0,0.0,0.0,0.0,0.0,0.0,0.0,0.0,0.0,0.0,0.0,0.0,0.0,0.0,0.0,0.0,0.0,0.0,0.0,0.0,0.0
2019-01-09T13:45:00-07:00,-3.12499353363793,0.0,0.28510998398570797,0.0,0.0,0.05,0.0,0.0,0.0,0.0,0.06248483604262702,0.0,0.008943485014619881,0.15089392373458985,0.06454794520547945,0.28272328767123284,3.7495870113064793,0.005,0.0,11.05885751096835,0.0,0.0,0.0,0.0,0.0,0.0,0.0,0.0,0.0,0.0,0.0,0.0,0.0,0.0,0.0,0.0,0.0,0.0,0.0,0.0,0.0
2019-01-09T14:00:00-07:00,-2.9909545392764447,0.0,0.2857488043438951,0.0,0.0,0.05,0.0,0.0,0.0,0.0,0.06248483604262702,0.0,0.009582305372807014,0.15951643366228066,0.07134246575342466,0.28272328767123284,3.631603867778817,0.005,0.0,11.183839223147068,0.0,0.0,0.0,0.0,0.0,0.0,0.0,0.0,0.0,0.0,0.0,0.0,0.0,0.0,0.0,0.0,0.0,0.0,0.0,0.0,0.0
2019-01-09T14:15:00-07:00,-2.8583322754502736,0.0,0.2857488043438951,0.0,0.0,0.05,0.0,0.0,0.0,0.0,0.06248483604262702,0.0,0.009582305372807014,0.15951643366228066,0.07134246575342466,0.28272328767123284,3.498981603952646,0.005,0.0,11.311780678040988,0.0,0.0,0.0,0.0,0.0,0.0,0.0,0.0,0.0,0.0,0.0,0.0,0.0,0.0,0.0,0.0,0.0,0.0,0.0,0.0,0.0
2019-01-09T14:30:00-07:00,-2.3975201203184633,0.0,0.2857488043438951,0.0,0.0,0.05,0.0,0.0,0.0,0.0,0.06248483604262702,0.0,0.009582305372807014,0.15951643366228066,0.07134246575342466,0.28272328767123284,3.0381694488208355,0.005,0.0,11.41185534606164,0.0,0.0,0.0,0.0,0.0,0.0,0.0,0.0,0.0,0.0,0.0,0.0,0.0,0.0,0.0,0.0,0.0,0.0,0.0,0.0,0.0
2019-01-09T14:45:00-07:00,-2.2529288686090467,0.0,0.2857488043438951,0.0,0.0,0.05,0.0,0.0,0.0,0.0,0.06248483604262702,0.0,0.009582305372807014,0.15951643366228066,0.07134246575342466,0.28272328767123284,2.893578197111419,0.005,0.0,11.515544804990167,0.0,0.0,0.0,0.0,0.0,0.0,0.0,0.0,0.0,0.0,0.0,0.0,0.0,0.0,0.0,0.0,0.0,0.0,0.0,0.0,0.0
2019-01-09T15:00:00-07:00,-2.0580213823430484,0.0,0.2969260788450741,0.0,0.0,0.05,0.0,0.0,0.0,0.0,0.06099710185113591,0.0,0.01117935626827485,0.1767614535176624,0.07813698630136985,0.2961863013698629,2.7362825816513543,0.005,0.0,11.621790047571826,0.0,0.0,0.0,0.0,0.0,0.0,0.0,0.0,0.0,0.0,0.0,0.0,0.0,0.0,0.0,0.0,0.0,0.0,0.0,0.0,0.0
2019-01-09T15:15:00-07:00,-1.8869666873406423,0.0,0.2969260788450741,0.0,0.0,0.05,0.0,0.0,0.0,0.0,0.06099710185113591,0.0,0.01117935626827485,0.1767614535176624,0.07813698630136985,0.2961863013698629,2.565227886648948,0.005,0.0,11.724427435529986,0.0,0.0,0.0,0.0,0.0,0.0,0.0,0.0,0.0,0.0,0.0,0.0,0.0,0.0,0.0,0.0,0.0,0.0,0.0,0.0,0.0
2019-01-09T15:30:00-07:00,-1.1911628953564994,0.0,0.2969260788450741,0.0,0.0,0.05,0.0,0.0,0.0,0.0,0.06099710185113591,0.0,0.01117935626827485,0.1767614535176624,0.07813698630136985,0.2961863013698629,1.8694240946648055,0.005,0.0,11.763708401890973,0.0,0.0,0.0,0.0,0.0,0.0,0.0,0.0,0.0,0.0,0.0,0.0,0.0,0.0,0.0,0.0,0.0,0.0,0.0,0.0,0.0
2019-01-09T15:45:00-07:00,-1.0387145125382737,0.0,0.2969260788450741,0.0,0.0,0.05,0.0,0.0,0.0,0.0,0.06099710185113591,0.0,0.01117935626827485,0.1767614535176624,0.07813698630136985,0.2961863013698629,1.7169757118465796,0.005,0.0,11.807449508149809,0.0,0.0,0.0,0.0,0.0,0.0,0.0,0.0,0.0,0.0,0.0,0.0,0.0,0.0,0.0,0.0,0.0,0.0,0.0,0.0,0.0
2019-01-09T16:00:00-07:00,-0.7863108698901186,0.0,0.3195269489548511,0.0,0.0,0.05,0.0,0.0,0.0,0.0,0.06546030442560927,0.0,0.014054047880116953,0.2155627481922712,0.09172602739726027,0.31638082191780814,1.5444948197031845,0.005,0.0,11.856782926051473,0.0,0.0,0.0,0.0,0.0,0.0,0.0,0.0,0.0,0.0,0.0,0.0,0.0,0.0,0.0,0.0,0.0,0.0,0.0,0.0,0.0
2019-01-09T16:15:00-07:00,-0.6226105701577945,0.0,0.3195269489548511,0.0,0.0,0.05,0.0,0.0,0.0,0.0,0.06546030442560927,0.0,0.014054047880116953,0.2155627481922712,0.09172602739726027,0.31638082191780814,1.3807945199708604,0.005,0.0,11.90072484062849,0.0,0.0,0.0,0.0,0.0,0.0,0.0,0.0,0.0,0.0,0.0,0.0,0.0,0.0,0.0,0.0,0.0,0.0,0.0,0.0,0.0
2019-01-09T16:30:00-07:00,5.6170793138395085,0.0,0.3195269489548511,0.0,0.0,0.05,0.0,0.0,0.0,0.0,0.06546030442560927,0.0,0.014054047880116953,0.2155627481922712,0.09172602739726027,0.31638082191780814,0.37605646907881374,-0.26011293758474363,0.0,11.793702486130053,0.0,0.0,0.0,0.0,0.0,0.0,0.0,0.0,0.0,0.0,0.0,0.0,0.0,0.0,0.0,0.0,0.0,0.0,0.0,0.0,0.0
2019-01-09T16:45:00-07:00,0.12914292526930427,0.0,0.3195269489548511,0.0,0.0,0.05,0.0,0.0,0.0,0.0,0.06546030442560927,0.0,0.014054047880116953,0.2155627481922712,0.09172602739726027,0.31638082191780814,0.3173682488602279,-0.30667277568353374,0.0,11.709284169441638,0.0,0.0,0.0,0.0,0.0,0.0,0.0,0.0,0.0,0.0,0.0,0.0,0.0,0.0,0.0,0.0,0.0,0.0,0.0,0.0,0.0
2019-01-09T17:00:00-07:00,0.16338734632124097,0.0,0.3442762369551017,0.0,0.0,0.05,0.0,0.0,0.0,0.0,0.07141124119157374,0.0,0.017886970029239762,0.2802315726499526,0.10531506849315068,0.3365753424657534,0.2570158807396189,-0.44101696776881033,0.0,11.648550238891278,0.0,0.0,0.0,0.0,0.0,0.0,0.0,0.0,0.0,0.0,0.0,0.0,0.0,0.0,0.0,0.0,0.0,0.0,0.0,0.0,0.0
2019-01-09T17:15:00-07:00,0.17770503152660078,0.0,0.3442762369551017,0.0,0.0,0.05,0.0,0.0,0.0,0.0,0.07141124119157374,0.0,0.017886970029239762,0.2802315726499526,0.10531506849315068,0.3365753424657534,0.19515636345264706,-0.48855879985042244,0.0,11.590228135897446,0.0,0.0,0.0,0.0,0.0,0.0,0.0,0.0,0.0,0.0,0.0,0.0,0.0,0.0,0.0,0.0,0.0,0.0,0.0,0.0,0.0
2019-01-09T17:30:00-07:00,0.22014100573859074,0.0,0.3442762369551017,0.0,0.0,0.05,0.0,0.0,0.0,0.0,0.07141124119157374,0.0,0.017886970029239762,0.2802315726499526,0.10531506849315068,0.3365753424657534,0.0,-0.6412791890910795,0.0,11.478875312360637,0.0,0.0,0.0,0.0,0.0,0.0,0.0,0.0,0.0,0.0,0.0,0.0,0.0,0.0,0.0,0.0,0.0,0.0,0.0,0.0,0.0
2019-01-09T17:45:00-07:00,0.22361648880375662,0.0,0.3442762369551017,0.0,0.0,0.05,0.0,0.0,0.0,0.0,0.07141124119157374,0.0,0.017886970029239762,0.2802315726499526,0.10531506849315068,0.3365753424657534,0.0,-0.6378037060259136,0.0,11.378948448808458,0.0,0.0,0.0,0.0,0.0,0.0,0.0,0.0,0.0,0.0,0.0,0.0,0.0,0.0,0.0,0.0,0.0,0.0,0.0,0.0,0.0
2019-01-09T18:00:00-07:00,0.2560104094187535,0.0,0.35459709857368804,0.0,0.0,0.05,0.0,0.0,0.0,0.0,0.07438670957455598,0.0,0.020442251461988296,0.3707679268907064,0.1358904109589041,0.3433068493150684,0.0,-0.7387837387824697,0.0,11.30131404402065,0.0,0.0,0.0,0.0,0.0,0.0,0.0,0.0,0.0,0.0,0.0,0.0,0.0,0.0,0.0,0.0,0.0,0.0,0.0,0.0,0.0
2019-01-09T18:15:00-07:00,0.26062256498498726,0.0,0.35459709857368804,0.0,0.0,0.05,0.0,0.0,0.0,0.0,0.07438670957455598,0.0,0.020442251461988296,0.3707679268907064,0.1358904109589041,0.3433068493150684,0.0,-0.734171583216236,0.0,11.224517008726005,0.0,0.0,0.0,0.0,0.0,0.0,0.0,0.0,0.0,0.0,0.0,0.0,0.0,0.0,0.0,0.0,0.0,0.0,0.0,0.0,0.0
2019-01-09T18:30:00-07:00,0.26542754399306623,0.0,0.35459709857368804,0.0,0.0,0.05,0.0,0.0,0.0,0.0,0.07438670957455598,0.0,0.020442251461988296,0.3707679268907064,0.1358904109589041,0.3433068493150684,0.0,-0.729366604208157,0.0,11.14968629144953,0.0,0.0,0.0,0.0,0.0,0.0,0.0,0.0,0.0,0.0,0.0,0.0,0.0,0.0,0.0,0.0,0.0,0.0,0.0,0.0,0.0
2019-01-09T18:45:00-07:00,0.2701613947793129,0.0,0.35459709857368804,0.0,0.0,0.05,0.0,0.0,0.0,0.0,0.07438670957455598,0.0,0.020442251461988296,0.3707679268907064,0.1358904109589041,0.3433068493150684,0.0,-0.7246327534219104,0.0,11.077904338470375,0.0,0.0,0.0,0.0,0.0,0.0,0.0,0.0,0.0,0.0,0.0,0.0,0.0,0.0,0.0,0.0,0.0,0.0,0.0,0.0,0.0
2019-01-09T19:00:00-07:00,0.3047064465868179,0.0,0.3481091591042245,0.0,0.0,0.05,0.0,0.0,0.0,0.0,0.07141124119157374,0.0,0.02171989217836257,0.456993026167615,0.18684931506849314,0.3365753424657534,0.0,-0.8188423704849801,0.0,11.024238447398693,0.0,0.0,0.0,0.0,0.0,0.0,0.0,0.0,0.0,0.0,0.0,0.0,0.0,0.0,0.0,0.0,0.0,0.0,0.0,0.0,0.0
2019-01-09T19:15:00-07:00,0.30885375021833794,0.0,0.3481091591042245,0.0,0.0,0.05,0.0,0.0,0.0,0.0,0.07141124119157374,0.0,0.02171989217836257,0.456993026167615,0.18684931506849314,0.3365753424657534,0.0,-0.81469506685346,0.0,10.970049085281874,0.0,0.0,0.0,0.0,0.0,0.0,0.0,0.0,0.0,0.0,0.0,0.0,0.0,0.0,0.0,0.0,0.0,0.0,0.0,0.0,0.0
2019-01-09T19:30:00-07:00,0.3124267619974783,0.0,0.3481091591042245,0.0,0.0,0.05,0.0,0.0,0.0,0.0,0.07141124119157374,0.0,0.02171989217836257,0.456993026167615,0.18684931506849314,0.3365753424657534,0.0,-0.8111220550743197,0.0,10.916777396571868,0.0,0.0,0.0,0.0,0.0,0.0,0.0,0.0,0.0,0.0,0.0,0.0,0.0,0.0,0.0,0.0,0.0,0.0,0.0,0.0,0.0
2019-01-09T19:45:00-07:00,0.315653744314211,0.0,0.3481091591042245,0.0,0.0,0.05,0.0,0.0,0.0,0.0,0.07141124119157374,0.0,0.02171989217836257,0.456993026167615,0.18684931506849314,0.3365753424657534,0.0,-0.807895072757587,0.0,10.860108701014813,0.0,0.0,0.0,0.0,0.0,0.0,0.0,0.0,0.0,0.0,0.0,0.0,0.0,0.0,0.0,0.0,0.0,0.0,0.0,0.0,0.0
2019-01-09T20:00:00-07:00,0.3293727752811585,0.0,0.3367873811503146,0.0,0.0,0.05,0.0,0.0,0.0,0.0,0.06992350700008262,0.0,0.0223587125365497,0.47423804602299663,0.22421917808219177,0.3231123287671232,0.0,-0.8344789971277854,0.0,10.802673808942313,0.0,0.0,0.0,0.0,0.0,0.0,0.0,0.0,0.0,0.0,0.0,0.0,0.0,0.0,0.0,0.0,0.0,0.0,0.0,0.0,0.0
2019-01-09T20:15:00-07:00,0.3344160066797557,0.0,0.3367873811503146,0.0,0.0,0.05,0.0,0.0,0.0,0.0,0.06992350700008262,0.0,0.0223587125365497,0.47423804602299663,0.22421917808219177,0.3231123287671232,0.0,-0.8294357657291882,0.0,10.739094906714204,0.0,0.0,0.0,0.0,0.0,0.0,0.0,0.0,0.0,0.0,0.0,0.0,0.0,0.0,0.0,0.0,0.0,0.0,0.0,0.0,0.0
2019-01-09T20:30:00-07:00,0.3406678761306793,0.0,0.3367873811503146,0.0,0.0,0.05,0.0,0.0,0.0,0.0,0.06992350700008262,0.0,0.0223587125365497,0.47423804602299663,0.22421917808219177,0.3231123287671232,0.0,-0.8231838962782646,0.0,10.673376255500234,0.0,0.0,0.0,0.0,0.0,0.0,0.0,0.0,0.0,0.0,0.0,0.0,0.0,0.0,0.0,0.0,0.0,0.0,0.0,0.0,0.0
2019-01-09T20:45:00-07:00,0.34727212867701607,0.0,0.3367873811503146,0.0,0.0,0.05,0.0,0.0,0.0,0.0,0.06992350700008262,0.0,0.0223587125365497,0.47423804602299663,0.22421917808219177,0.3231123287671232,0.0,-0.8165796437319278,0.0,10.609512187194865,0.0,0.0,0.0,0.0,0.0,0.0,0.0,0.0,0.0,0.0,0.0,0.0,0.0,0.0,0.0,0.0,0.0,0.0,0.0,0.0,0.0
2019-01-09T21:00:00-07:00,0.3061711668071001,0.0,0.3124593209838456,0.0,0.0,0.05,0.0,0.0,0.0,0.0,0.06843577280859149,0.0,0.020761661641081865,0.3405891421437885,0.21232876712328766,0.2961863013698629,0.0,-0.6821304782795123,0.0,10.529055006641734,0.0,0.0,0.0,0.0,0.0,0.0,0.0,0.0,0.0,0.0,0.0,0.0,0.0,0.0,0.0,0.0,0.0,0.0,0.0,0.0,0.0
2019-01-09T21:15:00-07:00,5.811493758307306,0.0,0.3124593209838456,0.0,0.0,0.05,0.0,0.0,0.0,0.0,0.06843577280859149,0.0,0.020761661641081865,0.3405891421437885,0.21232876712328766,0.2961863013698629,0.0,-0.6768726574693058,0.0,10.4542193695104,0.0,0.0,0.0,0.0,0.0,0.0,0.0,0.0,0.0,0.0,0.0,0.0,0.0,0.0,0.0,0.0,0.0,0.0,0.0,0.0,0.0
2019-01-09T21:30:00-07:00,0.3164285560144464,0.0,0.3124593209838456,0.0,0.0,0.05,0.0,0.0,0.0,0.0,0.06843577280859149,0.0,0.020761661641081865,0.3405891421437885,0.21232876712328766,0.2961863013698629,0.0,-0.671873089072166,0.0,10.383293330867401,0.0,0.0,0.0,0.0,0.0,0.0,0.0,0.0,0.0,0.0,0.0,0.0,0.0,0.0,0.0,0.0,0.0,0.0,0.0,0.0,0.0
2019-01-09T21:45:00-07:00,0.32118240691503464,0.0,0.3124593209838456,0.0,0.0,0.05,0.0,0.0,0.0,0.0,0.06843577280859149,0.0,0.020761661641081865,0.3405891421437885,0.21232876712328766,0.2961863013698629,0.0,-0.6671192381715778,0.0,10.314170071224243,0.0,0.0,0.0,0.0,0.0,0.0,0.0,0.0,0.0,0.0,0.0,0.0,0.0,0.0,0.0,0.0,0.0,0.0,0.0,0.0,0.0
2019-01-09T22:00:00-07:00,0.24397479313317294,0.0,0.28566343274780953,0.0,0.0,0.05,0.0,0.0,0.0,0.0,0.06546030442560927,0.0,0.017886970029239762,0.17245019855381696,0.1307945205479452,0.26926027397260266,0.0,-0.461877474396041,0.0,10.21526037992893,0.0,0.0,0.0,0.0,0.0,0.0,0.0,0.0,0.0,0.0,0.0,0.0,0.0,0.0,0.0,0.0,0.0,0.0,0.0,0.0,0.0
2019-01-09T22:15:00-07:00,0.24757976057824932,0.0,0.28566343274780953,0.0,0.0,0.05,0.0,0.0,0.0,0.0,0.06546030442560927,0.0,0.017886970029239762,0.17245019855381696,0.1307945205479452,0.26926027397260266,0.0,-0.4582725069509646,0.0,10.12264378119838,0.0,0.0,0.0,0.0,0.0,0.0,0.0,0.0,0.0,0.0,0.0,0.0,0.0,0.0,0.0,0.0,0.0,0.0,0.0,0.0,0.0
2019-01-09T22:30:00-07:00,0.25139570822354507,0.0,0.28566343274780953,0.0,0.0,0.05,0.0,0.0,0.0,0.0,0.06546030442560927,0.0,0.017886970029239762,0.17245019855381696,0.1307945205479452,0.26926027397260266,0.0,-0.45445655930566886,0.0,10.036074419086997,0.0,0.0,0.0,0.0,0.0,0.0,0.0,0.0,0.0,0.0,0.0,0.0,0.0,0.0,0.0,0.0,0.0,0.0,0.0,0.0,0.0
2019-01-09T22:45:00-07:00,0.25541736637391976,0.0,0.28566343274780953,0.0,0.0,0.05,0.0,0.0,0.0,0.0,0.06546030442560927,0.0,0.017886970029239762,0.17245019855381696,0.1307945205479452,0.26926027397260266,0.0,-0.45043490115529417,0.0,9.950250045438768,0.0,0.0,0.0,0.0,0.0,0.0,0.0,0.0,0.0,0.0,0.0,0.0,0.0,0.0,0.0,0.0,0.0,0.0,0.0,0.0,0.0
2019-01-09T23:00:00-07:00,0.1985561182582029,0.0,0.2630625626380325,0.0,0.0,0.05,0.0,0.0,0.0,0.0,0.06099710185113591,0.0,0.015012278417397657,0.07760258934921763,0.05775342465753425,0.24906575342465745,0.0,-0.31187502944174,0.0,9.843475724833246,0.0,0.0,0.0,0.0,0.0,0.0,0.0,0.0,0.0,0.0,0.0,0.0,0.0,0.0,0.0,0.0,0.0,0.0,0.0,0.0,0.0
2019-01-09T23:15:00-07:00,0.2018962517461506,0.0,0.2630625626380325,0.0,0.0,0.05,0.0,0.0,0.0,0.0,0.06099710185113591,0.0,0.015012278417397657,0.07760258934921763,0.05775342465753425,0.24906575342465745,0.0,-0.3085348959537923,0.0,9.741708717470354,0.0,0.0,0.0,0.0,0.0,0.0,0.0,0.0,0.0,0.0,0.0,0.0,0.0,0.0,0.0,0.0,0.0,0.0,0.0,0.0,0.0
2019-01-09T23:30:00-07:00,0.20541088993404916,0.0,0.2630625626380325,0.0,0.0,0.05,0.0,0.0,0.0,0.0,0.06099710185113591,0.0,0.015012278417397657,0.07760258934921763,0.05775342465753425,0.24906575342465745,0.0,-0.30502025776589375,0.0,9.644098376052009,0.0,0.0,0.0,0.0,0.0,0.0,0.0,0.0,0.0,0.0,0.0,0.0,0.0,0.0,0.0,0.0,0.0,0.0,0.0,0.0,0.0
2019-01-09T23:45:00-07:00,0.20889400709056488,0.0,0.2630625626380325,0.0,0.0,0.05,0.0,0.0,0.0,0.0,0.06099710185113591,0.0,0.015012278417397657,0.07760258934921763,0.05775342465753425,0.24906575342465745,0.0,-0.30153714060937803,0.0,9.551849100147898,0.0,0.0,0.0,0.0,0.0,0.0,0.0,0.0,0.0,0.0,0.0,0.0,0.0,0.0,0.0,0.0,0.0,0.0,0.0,0.0,0.0
2019-01-10T00:00:00-07:00,0.1881572131807253,0.0,0.2542512985517326,0.0,0.0,0.05,0.0,0.0,0.0,0.0,0.05950936765964479,0.0,0.012776407163742684,0.05173505956614509,0.02378082191780822,0.2423342465753424,0.0,-0.25197868970195786,0.0,9.457079733355693,0.0,0.0,0.0,0.0,0.0,0.0,0.0,0.0,0.0,0.0,0.0,0.0,0.0,0.0,0.0,0.0,0.0,0.0,0.0,0.0,0.0
2019-01-10T00:15:00-07:00,0.19083680902565037,0.0,0.2542512985517326,0.0,0.0,0.05,0.0,0.0,0.0,0.0,0.05950936765964479,0.0,0.012776407163742684,0.05173505956614509,0.02378082191780822,0.2423342465753424,0.0,-0.2492990938570328,0.0,9.36736222399106,0.0,0.0,0.0,0.0,0.0,0.0,0.0,0.0,0.0,0.0,0.0,0.0,0.0,0.0,0.0,0.0,0.0,0.0,0.0,0.0,0.0
2019-01-10T00:30:00-07:00,0.19338311380146866,0.0,0.2542512985517326,0.0,0.0,0.05,0.0,0.0,0.0,0.0,0.05950936765964479,0.0,0.012776407163742684,0.05173505956614509,0.02378082191780822,0.2423342465753424,0.0,-0.2467527890812145,0.0,9.28242338199471,0.0,0.0,0.0,0.0,0.0,0.0,0.0,0.0,0.0,0.0,0.0,0.0,0.0,0.0,0.0,0.0,0.0,0.0,0.0,0.0,0.0
2019-01-10T00:45:00-07:00,0.1958027492162333,0.0,0.2542512985517326,0.0,0.0,0.05,0.0,0.0,0.0,0.0,0.05950936765964479,0.0,0.012776407163742684,0.05173505956614509,0.02378082191780822,0.2423342465753424,0.0,-0.24433315366644986,0.0,9.199725886021447,0.0,0.0,0.0,0.0,0.0,0.0,0.0,0.0,0.0,0.0,0.0,0.0,0.0,0.0,0.0,0.0,0.0,0.0,0.0,0.0,0.0
2019-01-10T01:00:00-07:00,0.18972470047485887,0.0,0.25210288066125897,0.0,0.0,0.05,0.0,0.0,0.0,0.0,0.058021633468153665,0.0,0.011818176626461983,0.04311254963845424,0.01189041095890411,0.2423342465753424,0.0,-0.2274523167924575,0.0,9.116442254340022,0.0,0.0,0.0,0.0,0.0,0.0,0.0,0.0,0.0,0.0,0.0,0.0,0.0,0.0,0.0,0.0,0.0,0.0,0.0,0.0,0.0
2019-01-10T01:15:00-07:00,0.1919648685911035,0.0,0.25210288066125897,0.0,0.0,0.05,0.0,0.0,0.0,0.0,0.058021633468153665,0.0,0.011818176626461983,0.04311254963845424,0.01189041095890411,0.2423342465753424,0.0,-0.22521214867621286,0.0,9.03456431899567,0.0,0.0,0.0,0.0,0.0,0.0,0.0,0.0,0.0,0.0,0.0,0.0,0.0,0.0,0.0,0.0,0.0,0.0,0.0,0.0,0.0
2019-01-10T01:30:00-07:00,0.1942195272284873,0.0,0.25210288066125897,0.0,0.0,0.05,0.0,0.0,0.0,0.0,0.058021633468153665,0.0,0.011818176626461983,0.04311254963845424,0.01189041095890411,0.2423342465753424,0.0,-0.2229574900388291,0.0,8.95745103131259,0.0,0.0,0.0,0.0,0.0,0.0,0.0,0.0,0.0,0.0,0.0,0.0,0.0,0.0,0.0,0.0,0.0,0.0,0.0,0.0,0.0
2019-01-10T01:45:00-07:00,0.19641923001872366,0.0,0.25210288066125897,0.0,0.0,0.05,0.0,0.0,0.0,0.0,0.058021633468153665,0.0,0.011818176626461983,0.04311254963845424,0.01189041095890411,0.2423342465753424,0.0,-0.2207577872485927,0.0,8.88249975544584,0.0,0.0,0.0,0.0,0.0,0.0,0.0,0.0,0.0,0.0,0.0,0.0,0.0,0.0,0.0,0.0,0.0,0.0,0.0,0.0,0.0
2019-01-10T02:00:00-07:00,0.19593279553056503,0.0,0.2509126933080661,0.0,0.0,0.05,0.0,0.0,0.0,0.0,0.05653389927666255,0.0,0.011818176626461983,0.04311254963845424,0.006794520547945205,0.2423342465753424,0.0,-0.2146605971343013,0.0,8.809633337624048,0.0,0.0,0.0,0.0,0.0,0.0,0.0,0.0,0.0,0.0,0.0,0.0,0.0,0.0,0.0,0.0,0.0,0.0,0.0,0.0,0.0
2019-01-10T02:15:00-07:00,0.19788424298895102,0.0,0.2509126933080661,0.0,0.0,0.05,0.0,0.0,0.0,0.0,0.05653389927666255,0.0,0.011818176626461983,0.04311254963845424,0.006794520547945205,0.2423342465753424,0.0,-0.2127091496759153,0.0,8.73879513141556,0.0,0.0,0.0,0.0,0.0,0.0,0.0,0.0,0.0,0.0,0.0,0.0,0.0,0.0,0.0,0.0,0.0,0.0,0.0,0.0,0.0
2019-01-10T02:30:00-07:00,0.19973852822335925,0.0,0.2509126933080661,0.0,0.0,0.05,0.0,0.0,0.0,0.0,0.05653389927666255,0.0,0.011818176626461983,0.04311254963845424,0.006794520547945205,0.2423342465753424,0.0,-0.21085486444150708,0.0,8.673821913594416,0.0,0.0,0.0,0.0,0.0,0.0,0.0,0.0,0.0,0.0,0.0,0.0,0.0,0.0,0.0,0.0,0.0,0.0,0.0,0.0,0.0
2019-01-10T02:45:00-07:00,0.20150048437650162,0.0,0.2509126933080661,0.0,0.0,0.05,0.0,0.0,0.0,0.0,0.05653389927666255,0.0,0.011818176626461983,0.04311254963845424,0.006794520547945205,0.2423342465753424,0.0,-0.20909290828836471,0.0,8.609185114206051,0.0,0.0,0.0,0.0,0.0,0.0,0.0,0.0,0.0,0.0,0.0,0.0,0.0,0.0,0.0,0.0,0.0,0.0,0.0,0.0,0.0
2019-01-10T03:00:00-07:00,0.20164134072977166,0.0,0.24908368559668606,0.0,0.0,0.05,0.0,0.0,0.0,0.0,0.05504616508517143,0.0,0.01117935626827485,0.04311254963845424,0.005095890410958904,0.2423342465753424,0.0,-0.20512686724843013,0.0,8.54474794651583,0.0,0.0,0.0,0.0,0.0,0.0,0.0,0.0,0.0,0.0,0.0,0.0,0.0,0.0,0.0,0.0,0.0,0.0,0.0,0.0,0.0
2019-01-10T03:15:00-07:00,0.2033510594408721,0.0,0.24908368559668606,0.0,0.0,0.05,0.0,0.0,0.0,0.0,0.05504616508517143,0.0,0.01117935626827485,0.04311254963845424,0.005095890410958904,0.2423342465753424,0.0,-0.2034171485373297,0.0,8.48015530540811,0.0,0.0,0.0,0.0,0.0,0.0,0.0,0.0,0.0,0.0,0.0,0.0,0.0,0.0,0.0,0.0,0.0,0.0,0.0,0.0,0.0
2019-01-10T03:30:00-07:00,0.20509296885196762,0.0,0.24908368559668606,0.0,0.0,0.05,0.0,0.0,0.0,0.0,0.05504616508517143,0.0,0.01117935626827485,0.04311254963845424,0.005095890410958904,0.2423342465753424,0.0,-0.20167523912623417,0.0,8.411497380623814,0.0,0.0,0.0,0.0,0.0,0.0,0.0,0.0,0.0,0.0,0.0,0.0,0.0,0.0,0.0,0.0,0.0,0.0,0.0,0.0,0.0
2019-01-10T03:45:00-07:00,0.20684969709325837,0.0,0.24908368559668606,0.0,0.0,0.05,0.0,0.0,0.0,0.0,0.05504616508517143,0.0,0.01117935626827485,0.04311254963845424,0.005095890410958904,0.2423342465753424,0.0,-0.19991851088494342,0.0,8.344588617705698,0.0,0.0,0.0,0.0,0.0,0.0,0.0,0.0,0.0,0.0,0.0,0.0,0.0,0.0,0.0,0.0,0.0,0.0,0.0,0.0,0.0
2019-01-10T04:00:00-07:00,0.2105449047817442,0.0,0.24789349824349316,0.0,0.0,0.05,0.0,0.0,0.0,0.0,0.0535584308936803,0.0,0.01117935626827485,0.04742380460229966,0.006794520547945205,0.2423342465753424,0.0,-0.2007454541057982,0.0,8.280131812707753,0.0,0.0,0.0,0.0,0.0,0.0,0.0,0.0,0.0,0.0,0.0,0.0,0.0,0.0,0.0,0.0,0.0,0.0,0.0,0.0,0.0
2019-01-10T04:15:00-07:00,0.21229698410587636,0.0,0.24789349824349316,0.0,0.0,0.05,0.0,0.0,0.0,0.0,0.0535584308936803,0.0,0.01117935626827485,0.04742380460229966,0.006794520547945205,0.2423342465753424,0.0,-0.19899337478166604,0.0,8.216573773683905,0.0,0.0,0.0,0.0,0.0,0.0,0.0,0.0,0.0,0.0,0.0,0.0,0.0,0.0,0.0,0.0,0.0,0.0,0.0,0.0,0.0
2019-01-10T04:30:00-07:00,0.2140341375402388,0.0,0.24789349824349316,0.0,0.0,0.05,0.0,0.0,0.0,0.0,0.0535584308936803,0.0,0.01117935626827485,0.04742380460229966,0.006794520547945205,0.2423342465753424,0.0,-0.19725622134730358,0.0,8.156183042796783,0.0,0.0,0.0,0.0,0.0,0.0,0.0,0.0,0.0,0.0,0.0,0.0,0.0,0.0,0.0,0.0,0.0,0.0,0.0,0.0,0.0
2019-01-10T04:45:00-07:00,0.2157627430091144,0.0,0.24789349824349316,0.0,0.0,0.05,0.0,0.0,0.0,0.0,0.0535584308936803,0.0,0.01117935626827485,0.04742380460229966,0.006794520547945205,0.2423342465753424,0.0,-0.19552761587842798,0.0,8.09559682428239,0.0,0.0,0.0,0.0,0.0,0.0,0.0,0.0,0.0,0.0,0.0,0.0,0.0,0.0,0.0,0.0,0.0,0.0,0.0,0.0,0.0
2019-01-10T05:00:00-07:00,0.2332019483351818,0.0,0.24917113895986742,0.0,0.0,0.05,0.0,0.0,0.0,0.0,0.0535584308936803,0.0,0.012456996984649119,0.07760258934921763,0.010191780821917807,0.2423342465753424,0.0,-0.21294209628962543,0.0,8.038984971911649,0.0,0.0,0.0,0.0,0.0,0.0,0.0,0.0,0.0,0.0,0.0,0.0,0.0,0.0,0.0,0.0,0.0,0.0,0.0,0.0,0.0
2019-01-10T05:15:00-07:00,0.2351461649884713,0.0,0.24917113895986742,0.0,0.0,0.05,0.0,0.0,0.0,0.0,0.0535584308936803,0.0,0.012456996984649119,0.07760258934921763,0.010191780821917807,0.2423342465753424,0.0,-0.21099787963633593,0.0,7.981662450280841,0.0,0.0,0.0,0.0,0.0,0.0,0.0,0.0,0.0,0.0,0.0,0.0,0.0,0.0,0.0,0.0,0.0,0.0,0.0,0.0,0.0
2019-01-10T05:30:00-07:00,0.23710123962091778,0.0,0.24917113895986742,0.0,0.0,0.05,0.0,0.0,0.0,0.0,0.0535584308936803,0.0,0.012456996984649119,0.07760258934921763,0.010191780821917807,0.2423342465753424,0.0,-0.20904280500388944,0.0,7.927405634060687,0.0,0.0,0.0,0.0,0.0,0.0,0.0,0.0,0.0,0.0,0.0,0.0,0.0,0.0,0.0,0.0,0.0,0.0,0.0,0.0,0.0
2019-01-10T05:45:00-07:00,0.23900384294608462,0.0,0.24917113895986742,0.0,0.0,0.05,0.0,0.0,0.0,0.0,0.0535584308936803,0.0,0.012456996984649119,0.07760258934921763,0.010191780821917807,0.2423342465753424,0.0,-0.2071402016787226,0.0,7.875038073883938,0.0,0.0,0.0,0.0,0.0,0.0,0.0,0.0,0.0,0.0,0.0,0.0,0.0,0.0,0.0,0.0,0.0,0.0,0.0,0.0,0.0
2019-01-10T06:00:00-07:00,0.2766570006013976,0.0,0.2639189755206252,0.0,0.0,0.05,0.0,0.0,0.0,0.0,0.05653389927666255,0.0,0.014054047880116953,0.1293376489153627,0.016986301369863014,0.25579726027397254,0.0,-0.24605215711458023,0.0,7.835131678220999,0.0,0.0,0.0,0.0,0.0,0.0,0.0,0.0,0.0,0.0,0.0,0.0,0.0,0.0,0.0,0.0,0.0,0.0,0.0,0.0,0.0
2019-01-10T06:15:00-07:00,0.2783380434271282,0.0,0.2639189755206252,0.0,0.0,0.05,0.0,0.0,0.0,0.0,0.05653389927666255,0.0,0.014054047880116953,0.1293376489153627,0.016986301369863014,0.25579726027397254,0.0,-0.24437111428884958,0.0,7.796663642924048,0.0,0.0,0.0,0.0,0.0,0.0,0.0,0.0,0.0,0.0,0.0,0.0,0.0,0.0,0.0,0.0,0.0,0.0,0.0,0.0,0.0
2019-01-10T06:30:00-07:00,0.27964705705738324,0.0,0.2639189755206252,0.0,0.0,0.05,0.0,0.0,0.0,0.0,0.05653389927666255,0.0,0.014054047880116953,0.1293376489153627,0.016986301369863014,0.25579726027397254,0.0,-0.24306210065859454,0.0,7.762388410854602,0.0,0.0,0.0,0.0,0.0,0.0,0.0,0.0,0.0,0.0,0.0,0.0,0.0,0.0,0.0,0.0,0.0,0.0,0.0,0.0,0.0
2019-01-10T06:45:00-07:00,0.2806763215829615,0.0,0.2639189755206252,0.0,0.0,0.05,0.0,0.0,0.0,0.0,0.05653389927666255,0.0,0.014054047880116953,0.1293376489153627,0.016986301369863014,0.25579726027397254,0.0,-0.24203283613301627,0.0,7.7276742563365755,0.0,0.0,0.0,0.0,0.0,0.0,0.0,0.0,0.0,0.0,0.0,0.0,0.0,0.0,0.0,0.0,0.0,0.0,0.0,0.0,0.0
2019-01-10T07:00:00-07:00,0.3128473445208015,0.0,0.28149673612808646,0.0,0.0,0.05,0.0,0.0,0.0,0.0,0.05950936765964479,0.0,0.013095817342836253,0.1638276886261261,0.02547945205479452,0.2759917808219177,0.0,-0.27505676198451795,0.0,7.700898435561919,0.0,0.0,0.0,0.0,0.0,0.0,0.0,0.0,0.0,0.0,0.0,0.0,0.0,0.0,0.0,0.0,0.0,0.0,0.0,0.0,0.0
2019-01-10T07:15:00-07:00,0.3137326690257022,0.0,0.28149673612808646,0.0,0.0,0.05,0.0,0.0,0.0,0.0,0.05950936765964479,0.0,0.013095817342836253,0.1638276886261261,0.02547945205479452,0.2759917808219177,0.0,-0.27417143747961725,0.0,7.672925368062821,0.0,0.0,0.0,0.0,0.0,0.0,0.0,0.0,0.0,0.0,0.0,0.0,0.0,0.0,0.0,0.0,0.0,0.0,0.0,0.0,0.0
2019-01-10T07:30:00-07:00,0.14640503382555858,0.0,0.28149673612808646,0.0,0.0,0.05,0.0,0.0,0.0,0.0,0.05950936765964479,0.0,0.013095817342836253,0.1638276886261261,0.02547945205479452,0.2759917808219177,0.3482593175379944,-0.0932397551417665,0.0,7.709827223895068,0.0,0.0,0.0,0.0,0.0,0.0,0.0,0.0,0.0,0.0,0.0,0.0,0.0,0.0,0.0,0.0,0.0,0.0,0.0,0.0,0.0
2019-01-10T07:45:00-07:00,0.09666099412769924,0.0,0.28149673612808646,0.0,0.0,0.05,0.0,0.0,0.0,0.0,0.05950936765964479,0.0,0.013095817342836253,0.1638276886261261,0.02547945205479452,0.2759917808219177,0.45160762433985235,-0.03963548803776781,0.0,7.748917522781342,0.0,0.0,0.0,0.0,0.0,0.0,0.0,0.0,0.0,0.0,0.0,0.0,0.0,0.0,0.0,0.0,0.0,0.0,0.0,0.0,0.0
2019-01-10T08:00:00-07:00,5.575777681013256,0.0,0.28487802716979577,0.0,0.0,0.05,0.0,0.0,0.0,0.0,0.06099710185113591,0.0,0.009901715551900581,0.1767614535176624,0.03397260273972603,0.28272328767123284,0.5214365867209015,-0.017206664287500888,0.0,7.789625470549492,0.0,0.0,0.0,0.0,0.0,0.0,0.0,0.0,0.0,0.0,0.0,0.0,0.0,0.0,0.0,0.0,0.0,0.0,0.0,0.0,0.0
2019-01-10T08:15:00-07:00,0.04008877112713838,0.0,0.28487802716979577,0.0,0.0,0.05,0.0,0.0,0.0,0.0,0.06099710185113591,0.0,0.009901715551900581,0.1767614535176624,0.03397260273972603,0.28272328767123284,0.5792673902045195,0.005,0.0,7.830640780355139,0.0,0.0,0.0,0.0,0.0,0.0,0.0,0.0,0.0,0.0,0.0,0.0,0.0,0.0,0.0,0.0,0.0,0.0,0.0,0.0,0.0
2019-01-10T08:30:00-07:00,-1.2832526441417709,0.0,0.28487802716979577,0.0,0.0,0.05,0.0,0.0,0.0,0.0,0.06099710185113591,0.0,0.009901715551900581,0.1767614535176624,0.03397260273972603,0.28272328767123284,1.9026088054734287,0.005,0.0,8.028139736360284,0.0,0.0,0.0,0.0,0.0,0.0,0.0,0.0,0.0,0.0,0.0,0.0,0.0,0.0,0.0,0.0,0.0,0.0,0.0,0.0,0.0
2019-01-10T08:45:00-07:00,-1.4441676356072197,0.0,0.28487802716979577,0.0,0.0,0.05,0.0,0.0,0.0,0.0,0.06099710185113591,0.0,0.009901715551900581,0.1767614535176624,0.03397260273972603,0.28272328767123284,2.0635237969388776,0.005,0.0,8.199689354392001,0.0,0.0,0.0,0.0,0.0,0.0,0.0,0.0,0.0,0.0,0.0,0.0,0.0,0.0,0.0,0.0,0.0,0.0,0.0,0.0,0.0
2019-01-10T09:00:00-07:00,-1.5888204892190545,0.0,0.2829615660952344,0.0,0.0,0.05,0.0,0.0,0.0,0.0,0.06099710185113591,0.0,0.007985254477339178,0.1767614535176624,0.04246575342465753,0.28272328767123284,2.2147533401610824,0.005,0.0,8.354251802013632,0.0,0.0,0.0,0.0,0.0,0.0,0.0,0.0,0.0,0.0,0.0,0.0,0.0,0.0,0.0,0.0,0.0,0.0,0.0,0.0,0.0
2019-01-10T09:15:00-07:00,-0.7296632388060231,0.0,0.2829615660952344,0.0,0.0,0.05,0.0,1.0,0.0,0.0,0.06099710185113591,0.0,0.007985254477339178,0.1767614535176624,0.04246575342465753,0.28272328767123284,2.355596089748051,0.005,0.0,8.498818856798774,0.0,0.0,0.0,0.0,0.0,0.0,0.0,0.0,0.0,0.0,0.0,0.0,0.0,0.0,0.0,0.0,0.0,0.0,0.0,0.0,0.0
2019-01-10T09:30:00-07:00,3.0498306460439943,0.0,0.2829615660952344,0.0,0.0,0.05,0.0,0.0,0.0,0.0,0.06099710185113591,0.0,0.007985254477339178,0.1767614535176624,0.04246575342465753,0.28272328767123284,3.076166975588033,0.005,0.0,8.689487714794296,0.0,0.0,0.0,0.0,0.0,0.0,0.0,0.0,0.0,0.0,0.0,0.0,0.0,0.0,0.0,0.0,0.0,0.0,0.0,0.0,0.0
2019-01-10T09:45:00-07:00,-1.5946962674688334,0.0,0.2829615660952344,0.0,0.0,0.05,0.0,1.0,0.0,0.0,0.06099710185113591,0.0,0.007985254477339178,0.1767614535176624,0.04246575342465753,0.28272328767123284,3.2206291184108613,0.005,0.0,8.86446080422457,0.0,0.0,0.0,0.0,0.0,0.0,0.0,0.0,0.0,0.0,0.0,0.0,0.0,0.0,0.0,0.0,0.0,0.0,0.0,0.0,0.0
2019-01-10T10:00:00-07:00,-1.730093331697477,0.0,0.2814519685629479,0.0,0.0,0.05,0.0,1.0,0.0,0.0,0.05950936765964479,0.0,0.007665844298245611,0.16813894358997156,0.04756164383561644,0.28272328767123284,3.350692418752188,0.005,0.0,9.023455700369333,0.0,0.0,0.0,0.0,0.0,0.0,0.0,0.0,0.0,0.0,0.0,0.0,0.0,0.0,0.0,0.0,0.0,0.0,0.0,0.0,0.0
2019-01-10T10:15:00-07:00,2.654442281222713,0.0,0.2814519685629479,0.0,0.0,0.05,0.0,0.0,0.0,0.0,0.05950936765964479,0.0,0.007665844298245611,0.16813894358997156,0.04756164383561644,0.28272328767123284,3.466221576521998,0.005,0.0,9.17315471316371,0.0,0.0,0.0,0.0,0.0,0.0,0.0,0.0,0.0,0.0,0.0,0.0,0.0,0.0,0.0,0.0,0.0,0.0,0.0,0.0,0.0
2019-01-10T10:30:00-07:00,-1.2625900925810738,0.0,0.2814519685629479,0.0,0.0,0.05,0.0,1.0,1.0,0.0,0.05950936765964479,0.0,0.007665844298245611,0.16813894358997156,0.04756164383561644,0.28272328767123284,3.8831891796357847,0.005,0.0,9.338447271086478,0.0,0.0,0.0,0.0,0.0,0.0,0.0,0.0,0.0,0.0,0.0,0.0,0.0,0.0,0.0,0.0,0.0,0.0,0.0,0.0,0.0
2019-01-10T10:45:00-07:00,2.144878741404251,0.0,0.2814519685629479,0.0,0.0,0.05,0.0,0.0,0.0,0.0,0.05950936765964479,0.0,0.007665844298245611,0.16813894358997156,0.04756164383561644,0.28272328767123284,3.97578511634046,0.005,0.0,9.492353345635026,0.0,0.0,0.0,0.0,0.0,0.0,0.0,0.0,0.0,0.0,0.0,0.0,0.0,0.0,0.0,0.0,0.0,0.0,0.0,0.0,0.0
2019-01-10T11:00:00-07:00,-3.435352256273454,0.0,0.2814519685629479,0.0,0.0,0.05,0.0,0.0,0.0,0.0,0.05950936765964479,0.0,0.007665844298245611,0.15951643366228066,0.05265753424657534,0.28272328767123284,4.052424723811433,0.005,0.0,9.636196476690786,0.0,0.0,0.0,0.0,0.0,0.0,0.0,0.0,0.0,0.0,0.0,0.0,0.0,0.0,0.0,0.0,0.0,0.0,0.0,0.0,0.0
2019-01-10T11:15:00-07:00,-3.4955843064502217,0.0,0.2814519685629479,0.0,0.0,0.05,0.0,0.0,0.0,0.0,0.05950936765964479,0.0,0.007665844298245611,0.15951643366228066,0.05265753424657534,0.28272328767123284,4.112656773988201,0.005,0.0,9.774941830494834,0.0,0.0,0.0,0.0,0.0,0.0,0.0,0.0,0.0,0.0,0.0,0.0,0.0,0.0,0.0,0.0,0.0,0.0,0.0,0.0,0.0
2019-01-10T11:30:00-07:00,-2.6255656498221853,0.0,0.2814519685629479,0.0,0.0,0.05,0.0,0.0,1.0,0.0,0.05950936765964479,0.0,0.007665844298245611,0.15951643366228066,0.05265753424657534,0.28272328767123284,4.242638117360165,0.005,0.0,9.919614020622342,0.0,0.0,0.0,0.0,0.0,0.0,0.0,0.0,0.0,0.0,0.0,0.0,0.0,0.0,0.0,0.0,0.0,0.0,0.0,0.0,0.0
2019-01-10T11:45:00-07:00,-3.6510424911304877,0.0,0.2814519685629479,0.0,0.0,0.05,0.0,0.0,0.0,0.0,0.05950936765964479,0.0,0.007665844298245611,0.15951643366228066,0.05265753424657534,0.28272328767123284,4.268114958668467,0.005,0.0,10.06119255012247,0.0,0.0,0.0,0.0,0.0,0.0,0.0,0.0,0.0,0.0,0.0,0.0,0.0,0.0,0.0,0.0,0.0,0.0,0.0,0.0,0.0
2019-01-10T12:00:00-07:00,-3.6568628848955504,0.0,0.28415175344842725,0.0,0.0,0.05,0.0,0.0,0.0,0.0,0.06248483604262702,0.0,0.007985254477339178,0.15520517869843525,0.05605479452054794,0.28272328767123284,4.276316236305733,0.005,0.0,10.199627880272152,0.0,0.0,0.0,0.0,0.0,0.0,0.0,0.0,0.0,0.0,0.0,0.0,0.0,0.0,0.0,0.0,0.0,0.0,0.0,0.0,0.0
2019-01-10T12:15:00-07:00,0.0027110664923313266,0.0,0.28415175344842725,0.0,0.0,0.05,0.0,0.0,0.0,0.0,0.06248483604262702,0.0,0.007985254477339178,0.15520517869843525,0.05605479452054794,0.28272328767123284,4.26876026947957,3.657017984561719,0.0,10.338485612565954,0.0,0.0,0.0,0.0,0.0,0.0,0.0,0.0,0.0,0.0,0.0,0.0,0.0,0.0,0.0,0.0,0.0,0.0,0.0,0.0,0.0
2019-01-10T12:30:00-07:00,0.009775093227818665,0.0,0.28415175344842725,0.0,0.0,0.05,0.0,0.0,0.0,0.0,0.06248483604262702,0.0,0.007985254477339178,0.15520517869843525,0.05605479452054794,0.28272328767123284,4.044603927219811,3.439925669037447,0.0,10.478107607775094,0.0,0.0,0.0,0.0,0.0,0.0,0.0,0.0,0.0,0.0,0.0,0.0,0.0,0.0,0.0,0.0,0.0,0.0,0.0,0.0,0.0
2019-01-10T12:45:00-07:00,0.01145728715671357,0.0,0.28415175344842725,0.0,0.0,0.05,0.0,0.0,0.0,0.0,0.06248483604262702,0.0,0.007985254477339178,0.15520517869843525,0.05605479452054794,0.28272328767123284,4.011393542200644,3.408397477947176,0.0,10.618812627517359,0.0,0.0,0.0,0.0,0.0,0.0,0.0,0.0,0.0,0.0,0.0,0.0,0.0,0.0,0.0,0.0,0.0,0.0,0.0,0.0,0.0
2019-01-10T13:00:00-07:00,0.01381157627476659,0.0,0.28510998398570797,0.0,0.0,0.05,0.0,0.0,0.0,0.0,0.06248483604262702,0.0,0.008943485014619881,0.15089392373458985,0.06454794520547945,0.28272328767123284,3.962649315165926,3.356867413772144,0.0,10.760045929117439,0.0,0.0,0.0,0.0,0.0,0.0,0.0,0.0,0.0,0.0,0.0,0.0,0.0,0.0,0.0,0.0,0.0,0.0,0.0,0.0,0.0
2019-01-10T13:15:00-07:00,0.01670404100878642,0.0,0.28510998398570797,0.0,0.0,0.05,0.0,0.0,0.0,0.0,0.06248483604262702,0.0,0.008943485014619881,0.15089392373458985,0.06454794520547945,0.28272328767123284,3.8984289923508504,3.295539555691088,0.0,10.904644005976046,0.0,0.0,0.0,0.0,0.0,0.0,0.0,0.0,0.0,0.0,0.0,0.0,0.0,0.0,0.0,0.0,0.0,0.0,0.0,0.0,0.0
2019-01-10T13:30:00-07:00,0.020483565145851035,0.0,0.28510998398570797,0.0,0.0,0.05,0.0,0.0,0.0,0.0,0.06248483604262702,0.0,0.008943485014619881,0.15089392373458985,0.06454794520547945,0.28272328767123284,3.791247441227398,3.1921375287047002,0.0,11.042458025777634,0.0,0.0,0.0,0.0,0.0,0.0,0.0,0.0,0.0,0.0,0.0,0.0,0.0,0.0,0.0,0.0,0.0,0.0,0.0,0.0,0.0
2019-01-10T13:45:00-07:00,0.02376800711302174,0.0,0.28510998398570797,0.0,0.0,0.05,0.0,0.0,0.0,0.0,0.06248483604262702,0.0,0.008943485014619881,0.15089392373458985,0.06454794520547945,0.28272328767123284,3.695366245093942,3.099540774538415,0.0,11.184902904636738,0.0,0.0,0.0,0.0,0.0,0.0,0.0,0.0,0.0,0.0,0.0,0.0,0.0,0.0,0.0,0.0,0.0,0.0,0.0,0.0,0.0
2019-01-10T14:00:00-07:00,0.027306507140185676,0.0,0.2857488043438951,0.0,0.0,0.05,0.0,0.0,0.0,0.0,0.06248483604262702,0.0,0.009582305372807014,0.15951643366228066,0.07134246575342466,0.28272328767123284,3.5854424707362393,2.9770996493740527,0.0,11.329864247720554,0.0,0.0,0.0,0.0,0.0,0.0,0.0,0.0,0.0,0.0,0.0,0.0,0.0,0.0,0.0,0.0,0.0,0.0,0.0,0.0,0.0
2019-01-10T14:15:00-07:00,-2.675387698107836,0.0,0.2857488043438951,0.0,0.0,0.05,0.0,0.0,0.0,0.0,0.06248483604262702,0.0,0.009582305372807014,0.15951643366228066,0.07134246575342466,0.28272328767123284,3.460897519069288,0.1498604924590795,0.0,11.476084094706628,0.0,0.0,0.0,0.0,0.0,0.0,0.0,0.0,0.0,0.0,0.0,0.0,0.0,0.0,0.0,0.0,0.0,0.0,0.0,0.0,0.0
2019-01-10T14:30:00-07:00,-2.1698167214129978,0.0,0.2857488043438951,0.0,0.0,0.05,0.0,0.0,0.0,0.0,0.06248483604262702,0.0,0.009582305372807014,0.15951643366228066,0.07134246575342466,0.28272328767123284,2.81046604991537,0.005,0.0,11.598498211144491,0.0,0.0,0.0,0.0,0.0,0.0,0.0,0.0,0.0,0.0,0.0,0.0,0.0,0.0,0.0,0.0,0.0,0.0,0.0,0.0,0.0
2019-01-10T14:45:00-07:00,-2.0515325966997575,0.0,0.2857488043438951,0.0,0.0,0.05,0.0,0.0,0.0,0.0,0.06248483604262702,0.0,0.009582305372807014,0.15951643366228066,0.07134246575342466,0.28272328767123284,2.6921819252021297,0.005,0.0,11.723622106218532,0.0,0.0,0.0,0.0,0.0,0.0,0.0,0.0,0.0,0.0,0.0,0.0,0.0,0.0,0.0,0.0,0.0,0.0,0.0,0.0,0.0
2019-01-10T15:00:00-07:00,-1.8827489281056438,0.0,0.2969260788450741,0.0,0.0,0.05,0.0,0.0,0.0,0.0,0.06099710185113591,0.0,0.01117935626827485,0.1767614535176624,0.07813698630136985,0.2961863013698629,2.5610101274139496,0.005,0.0,11.851227770043346,0.0,0.0,0.0,0.0,0.0,0.0,0.0,0.0,0.0,0.0,0.0,0.0,0.0,0.0,0.0,0.0,0.0,0.0,0.0,0.0,0.0
2019-01-10T15:15:00-07:00,-1.7399840476982122,0.0,0.2969260788450741,0.0,0.0,0.05,0.0,0.0,0.0,0.0,0.06099710185113591,0.0,0.01117935626827485,0.1767614535176624,0.07813698630136985,0.2961863013698629,2.418245247006518,0.005,0.0,11.975411238869324,0.0,0.0,0.0,0.0,0.0,0.0,0.0,0.0,0.0,0.0,0.0,0.0,0.0,0.0,0.0,0.0,0.0,0.0,0.0,0.0,0.0
2019-01-10T15:30:00-07:00,-1.3820273894915203,0.0,0.2969260788450741,0.0,0.0,0.05,0.0,0.0,0.0,0.0,0.06099710185113591,0.0,0.01117935626827485,0.1767614535176624,0.07813698630136985,0.2961863013698629,2.060288588799826,0.005,0.0,12.042642544539188,0.0,0.0,0.0,0.0,0.0,0.0,0.0,0.0,0.0,0.0,0.0,0.0,0.0,0.0,0.0,0.0,0.0,0.0,0.0,0.0,0.0
2019-01-10T15:45:00-07:00,-1.2162908738784086,0.0,0.2969260788450741,0.0,0.0,0.05,0.0,0.0,0.0,0.0,0.06099710185113591,0.0,0.01117935626827485,0.1767614535176624,0.07813698630136985,0.2961863013698629,1.8945520731867145,0.005,0.0,12.111074232173285,0.0,0.0,0.0,0.0,0.0,0.0,0.0,0.0,0.0,0.0,0.0,0.0,0.0,0.0,0.0,0.0,0.0,0.0,0.0,0.0,0.0
2019-01-10T16:00:00-07:00,-0.9643240361354907,0.0,0.3195269489548511,0.0,0.0,0.05,0.0,0.0,0.0,0.0,0.06546030442560927,0.0,0.014054047880116953,0.2155627481922712,0.09172602739726027,0.31638082191780814,1.7225079859485566,0.005,0.0,12.18385570149006,0.0,0.0,0.0,0.0,0.0,0.0,0.0,0.0,0.0,0.0,0.0,0.0,0.0,0.0,0.0,0.0,0.0,0.0,0.0,0.0,0.0
2019-01-10T16:15:00-07:00,-0.7883969042126925,0.0,0.3195269489548511,0.0,0.0,0.05,0.0,0.0,0.0,0.0,0.06546030442560927,0.0,0.014054047880116953,0.2155627481922712,0.09172602739726027,0.31638082191780814,1.5465808540257584,0.005,0.0,12.249419019494912,0.0,0.0,0.0,0.0,0.0,0.0,0.0,0.0,0.0,0.0,0.0,0.0,0.0,0.0,0.0,0.0,0.0,0.0,0.0,0.0,0.0
2019-01-10T16:30:00-07:00,0.23373065877810872,0.0,0.3195269489548511,0.0,0.0,0.05,0.0,1.0,0.0,0.0,0.06546030442560927,0.0,0.014054047880116953,0.2155627481922712,0.09172602739726027,0.31638082191780814,0.5978508122313408,-0.9216024788036163,0.0,12.16693727770725,0.0,0.0,0.0,0.0,0.0,0.0,0.0,0.0,0.0,0.0,0.0,0.0,0.0,0.0,0.0,0.0,0.0,0.0,0.0,0.0,0.0
2019-01-10T16:45:00-07:00,5.588918081851343,0.0,0.3195269489548511,0.0,0.0,0.05,0.0,0.0,0.0,0.0,0.06546030442560927,0.0,0.014054047880116953,0.2155627481922712,0.09172602739726027,0.31638082191780814,0.4942253842605911,-0.17010525439113186,0.0,12.100742495292288,0.0,0.0,0.0,0.0,0.0,0.0,0.0,0.0,0.0,0.0,0.0,0.0,0.0,0.0,0.0,0.0,0.0,0.0,0.0,0.0,0.0
2019-01-10T17:00:00-07:00,0.12576301911827292,0.0,0.3442762369551017,0.0,0.0,0.05,0.0,0.0,0.0,0.0,0.07141124119157374,0.0,0.017886970029239762,0.2802315726499526,0.10531506849315068,0.3365753424657534,0.3869580627929955,-0.34869911291840183,0.0,12.054982736847963,0.0,0.0,0.0,0.0,0.0,0.0,0.0,0.0,0.0,0.0,0.0,0.0,0.0,0.0,0.0,0.0,0.0,0.0,0.0,0.0,0.0
2019-01-10T17:15:00-07:00,0.32248252710604564,0.0,0.3442762369551017,0.0,0.0,0.05,0.0,0.0,1.0,0.0,0.07141124119157374,0.0,0.017886970029239762,0.2802315726499526,0.10531506849315068,0.3365753424657534,0.2764028897513788,-1.2625347779722458,0.0,12.008191137962362,0.0,0.0,0.0,0.0,0.0,0.0,0.0,0.0,0.0,0.0,0.0,0.0,0.0,0.0,0.0,0.0,0.0,0.0,0.0,0.0,0.0
2019-01-10T17:30:00-07:00,0.37969069571363145,0.0,0.3442762369551017,0.0,0.0,0.05,0.0,0.0,1.0,0.0,0.07141124119157374,0.0,0.017886970029239762,0.2802315726499526,0.10531506849315068,0.3365753424657534,0.0,-1.4817294991160388,0.0,11.866889505194745,0.0,0.0,0.0,0.0,0.0,0.0,0.0,0.0,0.0,0.0,0.0,0.0,0.0,0.0,0.0,0.0,0.0,0.0,0.0,0.0,0.0
2019-01-10T17:45:00-07:00,0.38777019570381865,0.0,0.3442762369551017,0.0,0.0,0.05,0.0,0.0,1.0,0.0,0.07141124119157374,0.0,0.017886970029239762,0.2802315726499526,0.10531506849315068,0.3365753424657534,0.0,-1.4736499991258516,0.0,11.743486948105495,0.0,0.0,0.0,0.0,0.0,0.0,0.0,0.0,0.0,0.0,0.0,0.0,0.0,0.0,0.0,0.0,0.0,0.0,0.0,0.0,0.0
2019-01-10T18:00:00-07:00,0.23149830185667442,0.0,0.35459709857368804,0.0,0.0,0.05,0.0,0.0,0.0,0.0,0.07438670957455598,0.0,0.020442251461988296,0.3707679268907064,0.1358904109589041,0.3433068493150684,0.0,-0.7632958463445488,0.0,11.646487093758688,0.0,0.0,0.0,0.0,0.0,0.0,0.0,0.0,0.0,0.0,0.0,0.0,0.0,0.0,0.0,0.0,0.0,0.0,0.0,0.0,0.0
2019-01-10T18:15:00-07:00,0.23841390386375272,0.0,0.35459709857368804,0.0,0.0,0.05,0.0,0.0,0.0,0.0,0.07438670957455598,0.0,0.020442251461988296,0.3707679268907064,0.1358904109589041,0.3433068493150684,0.0,-0.7563802443374705,0.0,11.552144055518294,0.0,0.0,0.0,0.0,0.0,0.0,0.0,0.0,0.0,0.0,0.0,0.0,0.0,0.0,0.0,0.0,0.0,0.0,0.0,0.0,0.0
2019-01-10T18:30:00-07:00,0.24560121608287244,0.0,0.35459709857368804,0.0,0.0,0.05,0.0,0.0,0.0,0.0,0.07438670957455598,0.0,0.020442251461988296,0.3707679268907064,0.1358904109589041,0.3433068493150684,0.0,-0.7491929321183508,0.0,11.45932117205409,0.0,0.0,0.0,0.0,0.0,0.0,0.0,0.0,0.0,0.0,0.0,0.0,0.0,0.0,0.0,0.0,0.0,0.0,0.0,0.0,0.0
2019-01-10T18:45:00-07:00,0.2529985068639692,0.0,0.35459709857368804,0.0,0.0,0.05,0.0,0.0,0.0,0.0,0.07438670957455598,0.0,0.020442251461988296,0.3707679268907064,0.1358904109589041,0.3433068493150684,0.0,-0.7417956413372541,0.0,11.367404827407832,0.0,0.0,0.0,0.0,0.0,0.0,0.0,0.0,0.0,0.0,0.0,0.0,0.0,0.0,0.0,0.0,0.0,0.0,0.0,0.0,0.0
2019-01-10T19:00:00-07:00,0.2889300226374897,0.0,0.3481091591042245,0.0,0.0,0.05,0.0,0.0,0.0,0.0,0.07141124119157374,0.0,0.02171989217836257,0.456993026167615,0.18684931506849314,0.3365753424657534,0.0,-0.8346187944343083,0.0,11.290788453352661,0.0,0.0,0.0,0.0,0.0,0.0,0.0,0.0,0.0,0.0,0.0,0.0,0.0,0.0,0.0,0.0,0.0,0.0,0.0,0.0,0.0
2019-01-10T19:15:00-07:00,0.2975849071169857,0.0,0.3481091591042245,0.0,0.0,0.05,0.0,0.0,0.0,0.0,0.07141124119157374,0.0,0.02171989217836257,0.456993026167615,0.18684931506849314,0.3365753424657534,0.0,-0.8259639099548123,0.0,11.211570509026181,0.0,0.0,0.0,0.0,0.0,0.0,0.0,0.0,0.0,0.0,0.0,0.0,0.0,0.0,0.0,0.0,0.0,0.0,0.0,0.0,0.0
2019-01-10T19:30:00-07:00,5.806359431955727,0.0,0.3481091591042245,0.0,0.0,0.05,0.0,0.0,0.0,0.0,0.07141124119157374,0.0,0.02171989217836257,0.456993026167615,0.18684931506849314,0.3365753424657534,0.0,-0.8172541558060714,0.0,11.133566569544406,0.0,0.0,0.0,0.0,0.0,0.0,0.0,0.0,0.0,0.0,0.0,0.0,0.0,0.0,0.0,0.0,0.0,0.0,0.0,0.0,0.0
2019-01-10T19:45:00-07:00,0.3147667264134517,0.0,0.3481091591042245,0.0,0.0,0.05,0.0,0.0,0.0,0.0,0.07141124119157374,0.0,0.02171989217836257,0.456993026167615,0.18684931506849314,0.3365753424657534,0.0,-0.8087820906583463,0.0,11.058557660305881,0.0,0.0,0.0,0.0,0.0,0.0,0.0,0.0,0.0,0.0,0.0,0.0,0.0,0.0,0.0,0.0,0.0,0.0,0.0,0.0,0.0
2019-01-10T20:00:00-07:00,0.33265420042589045,0.0,0.3367873811503146,0.0,0.0,0.05,0.0,0.0,0.0,0.0,0.06992350700008262,0.0,0.0223587125365497,0.47423804602299663,0.22421917808219177,0.3231123287671232,0.0,-0.8311975719830534,0.0,10.992609512188308,0.0,0.0,0.0,0.0,0.0,0.0,0.0,0.0,0.0,0.0,0.0,0.0,0.0,0.0,0.0,0.0,0.0,0.0,0.0,0.0,0.0
2019-01-10T20:15:00-07:00,0.33953715988637445,0.0,0.3367873811503146,0.0,0.0,0.05,0.0,0.0,0.0,0.0,0.06992350700008262,0.0,0.0223587125365497,0.47423804602299663,0.22421917808219177,0.3231123287671232,0.0,-0.8243146125225694,0.0,10.928982825393682,0.0,0.0,0.0,0.0,0.0,0.0,0.0,0.0,0.0,0.0,0.0,0.0,0.0,0.0,0.0,0.0,0.0,0.0,0.0,0.0,0.0
2019-01-10T20:30:00-07:00,0.3453860171687483,0.0,0.3367873811503146,0.0,0.0,0.05,0.0,0.0,0.0,0.0,0.06992350700008262,0.0,0.0223587125365497,0.47423804602299663,0.22421917808219177,0.3231123287671232,0.0,-0.8184657552401956,0.0,10.86761656528956,0.0,0.0,0.0,0.0,0.0,0.0,0.0,0.0,0.0,0.0,0.0,0.0,0.0,0.0,0.0,0.0,0.0,0.0,0.0,0.0,0.0
2019-01-10T20:45:00-07:00,0.3506307261406022,0.0,0.3367873811503146,0.0,0.0,0.05,0.0,0.0,0.0,0.0,0.06992350700008262,0.0,0.0223587125365497,0.47423804602299663,0.22421917808219177,0.3231123287671232,0.0,-0.8132210462683417,0.0,10.803851746443842,0.0,0.0,0.0,0.0,0.0,0.0,0.0,0.0,0.0,0.0,0.0,0.0,0.0,0.0,0.0,0.0,0.0,0.0,0.0,0.0,0.0
2019-01-10T21:00:00-07:00,0.3083146733112705,0.0,0.3124593209838456,0.0,0.0,0.05,0.0,0.0,0.0,0.0,0.06843577280859149,0.0,0.020761661641081865,0.3405891421437885,0.21232876712328766,0.2961863013698629,0.0,-0.679986971775342,0.0,10.717535564175241,0.0,0.0,0.0,0.0,0.0,0.0,0.0,0.0,0.0,0.0,0.0,0.0,0.0,0.0,0.0,0.0,0.0,0.0,0.0,0.0,0.0
2019-01-10T21:15:00-07:00,0.31390678741301337,0.0,0.3124593209838456,0.0,0.0,0.05,0.0,0.0,0.0,0.0,0.06843577280859149,0.0,0.020761661641081865,0.3405891421437885,0.21232876712328766,0.2961863013698629,0.0,-0.6743948576735991,0.0,10.630933886387224,0.0,0.0,0.0,0.0,0.0,0.0,0.0,0.0,0.0,0.0,0.0,0.0,0.0,0.0,0.0,0.0,0.0,0.0,0.0,0.0,0.0
2019-01-10T21:30:00-07:00,0.3203624552288984,0.0,0.3124593209838456,0.0,0.0,0.05,0.0,0.0,0.0,0.0,0.06843577280859149,0.0,0.020761661641081865,0.3405891421437885,0.21232876712328766,0.2961863013698629,0.0,-0.667939189857714,0.0,10.541012868559239,0.0,0.0,0.0,0.0,0.0,0.0,0.0,0.0,0.0,0.0,0.0,0.0,0.0,0.0,0.0,0.0,0.0,0.0,0.0,0.0,0.0
2019-01-10T21:45:00-07:00,0.32739932486083756,0.0,0.3124593209838456,0.0,0.0,0.05,0.0,0.0,0.0,0.0,0.06843577280859149,0.0,0.020761661641081865,0.3405891421437885,0.21232876712328766,0.2961863013698629,0.0,-0.6609023202257749,0.0,10.452792636302167,0.0,0.0,0.0,0.0,0.0,0.0,0.0,0.0,0.0,0.0,0.0,0.0,0.0,0.0,0.0,0.0,0.0,0.0,0.0,0.0,0.0
2019-01-10T22:00:00-07:00,0.25011995916305435,0.0,0.28566343274780953,0.0,0.0,0.05,0.0,0.0,0.0,0.0,0.06546030442560927,0.0,0.017886970029239762,0.17245019855381696,0.1307945205479452,0.26926027397260266,0.0,-0.4557323083661596,0.0,10.336410203693813,0.0,0.0,0.0,0.0,0.0,0.0,0.0,0.0,0.0,0.0,0.0,0.0,0.0,0.0,0.0,0.0,0.0,0.0,0.0,0.0,0.0
2019-01-10T22:15:00-07:00,0.2554548733390001,0.0,0.28566343274780953,0.0,0.0,0.05,0.0,0.0,0.0,0.0,0.06546030442560927,0.0,0.017886970029239762,0.17245019855381696,0.1307945205479452,0.26926027397260266,0.0,-0.45039739419021385,0.0,10.228369642209646,0.0,0.0,0.0,0.0,0.0,0.0,0.0,0.0,0.0,0.0,0.0,0.0,0.0,0.0,0.0,0.0,0.0,0.0,0.0,0.0,0.0
2019-01-10T22:30:00-07:00,5.760848590422425,0.0,0.28566343274780953,0.0,0.0,0.05,0.0,0.0,0.0,0.0,0.06546030442560927,0.0,0.017886970029239762,0.17245019855381696,0.1307945205479452,0.26926027397260266,0.0,-0.44506844779678906,0.0,10.131276534963668,0.0,0.0,0.0,0.0,0.0,0.0,0.0,0.0,0.0,0.0,0.0,0.0,0.0,0.0,0.0,0.0,0.0,0.0,0.0,0.0,0.0
2019-01-10T22:45:00-07:00,0.2660832075710631,0.0,0.28566343274780953,0.0,0.0,0.05,0.0,0.0,0.0,0.0,0.06546030442560927,0.0,0.017886970029239762,0.17245019855381696,0.1307945205479452,0.26926027397260266,0.0,-0.43976905995815085,0.0,10.03756347275808,0.0,0.0,0.0,0.0,0.0,0.0,0.0,0.0,0.0,0.0,0.0,0.0,0.0,0.0,0.0,0.0,0.0,0.0,0.0,0.0,0.0
2019-01-10T23:00:00-07:00,0.20670688792517106,0.0,0.2630625626380325,0.0,0.0,0.05,0.0,0.0,0.0,0.0,0.06099710185113591,0.0,0.015012278417397657,0.07760258934921763,0.05775342465753425,0.24906575342465745,0.0,-0.30372425977477185,0.0,9.925773780970587,0.0,0.0,0.0,0.0,0.0,0.0,0.0,0.0,0.0,0.0,0.0,0.0,0.0,0.0,0.0,0.0,0.0,0.0,0.0,0.0,0.0
2019-01-10T23:15:00-07:00,0.2103783888799739,0.0,0.2630625626380325,0.0,0.0,0.05,0.0,0.0,0.0,0.0,0.06099710185113591,0.0,0.015012278417397657,0.07760258934921763,0.05775342465753425,0.24906575342465745,0.0,-0.300052758819969,0.0,9.821013466306615,0.0,0.0,0.0,0.0,0.0,0.0,0.0,0.0,0.0,0.0,0.0,0.0,0.0,0.0,0.0,0.0,0.0,0.0,0.0,0.0,0.0
2019-01-10T23:30:00-07:00,0.21396757090069718,0.0,0.2630625626380325,0.0,0.0,0.05,0.0,0.0,0.0,0.0,0.06099710185113591,0.0,0.015012278417397657,0.07760258934921763,0.05775342465753425,0.24906575342465745,0.0,-0.29646357679924573,0.0,9.706646912797625,0.0,0.0,0.0,0.0,0.0,0.0,0.0,0.0,0.0,0.0,0.0,0.0,0.0,0.0,0.0,0.0,0.0,0.0,0.0,0.0,0.0
2019-01-10T23:45:00-07:00,0.21748448796052178,0.0,0.2630625626380325,0.0,0.0,0.05,0.0,0.0,0.0,0.0,0.06099710185113591,0.0,0.015012278417397657,0.07760258934921763,0.05775342465753425,0.24906575342465745,0.0,-0.29294665973942113,0.0,9.598918300536422,0.0,0.0,0.0,0.0,0.0,0.0,0.0,0.0,0.0,0.0,0.0,0.0,0.0,0.0,0.0,0.0,0.0,0.0,0.0,0.0,0.0
2019-01-11T00:00:00-07:00,0.19556411260479378,0.0,0.2542512985517326,0.0,0.0,0.05,0.0,0.0,0.0,0.0,0.05950936765964479,0.0,0.012776407163742684,0.05173505956614509,0.02378082191780822,0.2423342465753424,0.0,-0.2445717902778894,0.0,9.489165731175857,0.0,0.0,0.0,0.0,0.0,0.0,0.0,0.0,0.0,0.0,0.0,0.0,0.0,0.0,0.0,0.0,0.0,0.0,0.0,0.0,0.0
2019-01-11T00:15:00-07:00,0.19846297501977073,0.0,0.2542512985517326,0.0,0.0,0.05,0.0,0.0,0.0,0.0,0.05950936765964479,0.0,0.012776407163742684,0.05173505956614509,0.02378082191780822,0.2423342465753424,0.0,-0.24167292786291245,0.0,9.384502681001383,0.0,0.0,0.0,0.0,0.0,0.0,0.0,0.0,0.0,0.0,0.0,0.0,0.0,0.0,0.0,0.0,0.0,0.0,0.0,0.0,0.0
2019-01-11T00:30:00-07:00,0.20131551167749817,0.0,0.2542512985517326,0.0,0.0,0.05,0.0,0.0,0.0,0.0,0.05950936765964479,0.0,0.012776407163742684,0.05173505956614509,0.02378082191780822,0.2423342465753424,0.0,-0.238820391205185,0.0,9.293707046420366,0.0,0.0,0.0,0.0,0.0,0.0,0.0,0.0,0.0,0.0,0.0,0.0,0.0,0.0,0.0,0.0,0.0,0.0,0.0,0.0,0.0
2019-01-11T00:45:00-07:00,0.20411895060949367,0.0,0.2542512985517326,0.0,0.0,0.05,0.0,0.0,0.0,0.0,0.05950936765964479,0.0,0.012776407163742684,0.05173505956614509,0.02378082191780822,0.2423342465753424,0.0,-0.2360169522731895,0.0,9.203510606136014,0.0,0.0,0.0,0.0,0.0,0.0,0.0,0.0,0.0,0.0,0.0,0.0,0.0,0.0,0.0,0.0,0.0,0.0,0.0,0.0,0.0
2019-01-11T01:00:00-07:00,0.1979332330055801,0.0,0.25210288066125897,0.0,0.0,0.05,0.0,0.0,0.0,0.0,0.058021633468153665,0.0,0.011818176626461983,0.04311254963845424,0.01189041095890411,0.2423342465753424,0.0,-0.21924378426173627,0.0,9.112845923022869,0.0,0.0,0.0,0.0,0.0,0.0,0.0,0.0,0.0,0.0,0.0,0.0,0.0,0.0,0.0,0.0,0.0,0.0,0.0,0.0,0.0
2019-01-11T01:15:00-07:00,0.20050914583848736,0.0,0.25210288066125897,0.0,0.0,0.05,0.0,0.0,0.0,0.0,0.058021633468153665,0.0,0.011818176626461983,0.04311254963845424,0.01189041095890411,0.2423342465753424,0.0,-0.216667871428829,0.0,9.024071348141046,0.0,0.0,0.0,0.0,0.0,0.0,0.0,0.0,0.0,0.0,0.0,0.0,0.0,0.0,0.0,0.0,0.0,0.0,0.0,0.0,0.0
2019-01-11T01:30:00-07:00,0.2030355938717708,0.0,0.25210288066125897,0.0,0.0,0.05,0.0,0.0,0.0,0.0,0.058021633468153665,0.0,0.011818176626461983,0.04311254963845424,0.01189041095890411,0.2423342465753424,0.0,-0.21414142339554557,0.0,8.938669882919363,0.0,0.0,0.0,0.0,0.0,0.0,0.0,0.0,0.0,0.0,0.0,0.0,0.0,0.0,0.0,0.0,0.0,0.0,0.0,0.0,0.0
2019-01-11T01:45:00-07:00,0.2054682618660314,0.0,0.25210288066125897,0.0,0.0,0.05,0.0,0.0,0.0,0.0,0.058021633468153665,0.0,0.011818176626461983,0.04311254963845424,0.01189041095890411,0.2423342465753424,0.0,-0.21170875540128498,0.0,8.855800566250824,0.0,0.0,0.0,0.0,0.0,0.0,0.0,0.0,0.0,0.0,0.0,0.0,0.0,0.0,0.0,0.0,0.0,0.0,0.0,0.0,0.0
2019-01-11T02:00:00-07:00,0.20503720421371913,0.0,0.2509126933080661,0.0,0.0,0.05,0.0,0.0,0.0,0.0,0.05653389927666255,0.0,0.011818176626461983,0.04311254963845424,0.006794520547945205,0.2423342465753424,0.0,-0.2055561884511472,0.0,8.775414778583244,0.0,0.0,0.0,0.0,0.0,0.0,0.0,0.0,0.0,0.0,0.0,0.0,0.0,0.0,0.0,0.0,0.0,0.0,0.0,0.0,0.0
2019-01-11T02:15:00-07:00,0.2071951678781492,0.0,0.2509126933080661,0.0,0.0,0.05,0.0,0.0,0.0,0.0,0.05653389927666255,0.0,0.011818176626461983,0.04311254963845424,0.006794520547945205,0.2423342465753424,0.0,-0.20339822478671712,0.0,8.697297996482767,0.0,0.0,0.0,0.0,0.0,0.0,0.0,0.0,0.0,0.0,0.0,0.0,0.0,0.0,0.0,0.0,0.0,0.0,0.0,0.0,0.0
2019-01-11T02:30:00-07:00,0.20924568180984812,0.0,0.2509126933080661,0.0,0.0,0.05,0.0,0.0,0.0,0.0,0.05653389927666255,0.0,0.011818176626461983,0.04311254963845424,0.006794520547945205,0.2423342465753424,0.0,-0.2013477108550182,0.0,8.628550862083157,0.0,0.0,0.0,0.0,0.0,0.0,0.0,0.0,0.0,0.0,0.0,0.0,0.0,0.0,0.0,0.0,0.0,0.0,0.0,0.0,0.0
2019-01-11T02:45:00-07:00,0.21119411646564654,0.0,0.2509126933080661,0.0,0.0,0.05,0.0,0.0,0.0,0.0,0.05653389927666255,0.0,0.011818176626461983,0.04311254963845424,0.006794520547945205,0.2423342465753424,0.0,-0.1993992761992198,0.0,8.560575173492559,0.0,0.0,0.0,0.0,0.0,0.0,0.0,0.0,0.0,0.0,0.0,0.0,0.0,0.0,0.0,0.0,0.0,0.0,0.0,0.0,0.0
2019-01-11T03:00:00-07:00,0.21133617685055975,0.0,0.24908368559668606,0.0,0.0,0.05,0.0,0.0,0.0,0.0,0.05504616508517143,0.0,0.01117935626827485,0.04311254963845424,0.005095890410958904,0.2423342465753424,0.0,-0.19543203112764204,0.0,8.494972645112854,0.0,0.0,0.0,0.0,0.0,0.0,0.0,0.0,0.0,0.0,0.0,0.0,0.0,0.0,0.0,0.0,0.0,0.0,0.0,0.0,0.0
2019-01-11T03:15:00-07:00,0.21297111178920888,0.0,0.24908368559668606,0.0,0.0,0.05,0.0,0.0,0.0,0.0,0.05504616508517143,0.0,0.01117935626827485,0.04311254963845424,0.005095890410958904,0.2423342465753424,0.0,-0.1937970961889929,0.0,8.431703480297687,0.0,0.0,0.0,0.0,0.0,0.0,0.0,0.0,0.0,0.0,0.0,0.0,0.0,0.0,0.0,0.0,0.0,0.0,0.0,0.0,0.0
2019-01-11T03:30:00-07:00,0.21442767586384043,0.0,0.24908368559668606,0.0,0.0,0.05,0.0,0.0,0.0,0.0,0.05504616508517143,0.0,0.01117935626827485,0.04311254963845424,0.005095890410958904,0.2423342465753424,0.0,-0.19234053211436136,0.0,8.365297733007417,0.0,0.0,0.0,0.0,0.0,0.0,0.0,0.0,0.0,0.0,0.0,0.0,0.0,0.0,0.0,0.0,0.0,0.0,0.0,0.0,0.0
2019-01-11T03:45:00-07:00,0.21571938592143705,0.0,0.24908368559668606,0.0,0.0,0.05,0.0,0.0,0.0,0.0,0.05504616508517143,0.0,0.01117935626827485,0.04311254963845424,0.005095890410958904,0.2423342465753424,0.0,-0.19104882205676474,0.0,8.302267840755903,0.0,0.0,0.0,0.0,0.0,0.0,0.0,0.0,0.0,0.0,0.0,0.0,0.0,0.0,0.0,0.0,0.0,0.0,0.0,0.0,0.0
2019-01-11T04:00:00-07:00,0.21892253180807125,0.0,0.24789349824349316,0.0,0.0,0.05,0.0,0.0,0.0,0.0,0.0535584308936803,0.0,0.01117935626827485,0.04742380460229966,0.006794520547945205,0.2423342465753424,0.0,-0.19236782707947114,0.0,8.24317634309864,0.0,0.0,0.0,0.0,0.0,0.0,0.0,0.0,0.0,0.0,0.0,0.0,0.0,0.0,0.0,0.0,0.0,0.0,0.0,0.0,0.0
2019-01-11T04:15:00-07:00,0.21994915177041144,0.0,0.24789349824349316,0.0,0.0,0.05,0.0,0.0,0.0,0.0,0.0535584308936803,0.0,0.01117935626827485,0.04742380460229966,0.006794520547945205,0.2423342465753424,0.0,-0.19134120711713096,0.0,8.186473940855583,0.0,0.0,0.0,0.0,0.0,0.0,0.0,0.0,0.0,0.0,0.0,0.0,0.0,0.0,0.0,0.0,0.0,0.0,0.0,0.0,0.0
2019-01-11T04:30:00-07:00,0.22083444669850702,0.0,0.24789349824349316,0.0,0.0,0.05,0.0,0.0,0.0,0.0,0.0535584308936803,0.0,0.01117935626827485,0.04742380460229966,0.006794520547945205,0.2423342465753424,0.0,-0.19045591218903538,0.0,8.131236899970343,0.0,0.0,0.0,0.0,0.0,0.0,0.0,0.0,0.0,0.0,0.0,0.0,0.0,0.0,0.0,0.0,0.0,0.0,0.0,0.0,0.0
2019-01-11T04:45:00-07:00,0.2215629083156998,0.0,0.24789349824349316,0.0,0.0,0.05,0.0,0.0,0.0,0.0,0.0535584308936803,0.0,0.01117935626827485,0.04742380460229966,0.006794520547945205,0.2423342465753424,0.0,-0.1897274505718426,0.0,8.07974444829624,0.0,0.0,0.0,0.0,0.0,0.0,0.0,0.0,0.0,0.0,0.0,0.0,0.0,0.0,0.0,0.0,0.0,0.0,0.0,0.0,0.0
2019-01-11T05:00:00-07:00,0.23821425379273872,0.0,0.24917113895986742,0.0,0.0,0.05,0.0,0.0,0.0,0.0,0.0535584308936803,0.0,0.012456996984649119,0.07760258934921763,0.010191780821917807,0.2423342465753424,0.0,-0.2079297908320685,0.0,8.036498442971016,0.0,0.0,0.0,0.0,0.0,0.0,0.0,0.0,0.0,0.0,0.0,0.0,0.0,0.0,0.0,0.0,0.0,0.0,0.0,0.0,0.0
2019-01-11T05:15:00-07:00,0.23850820554971106,0.0,0.24917113895986742,0.0,0.0,0.05,0.0,0.0,0.0,0.0,0.0535584308936803,0.0,0.012456996984649119,0.07760258934921763,0.010191780821917807,0.2423342465753424,0.0,-0.20763583907509617,0.0,7.995438510297825,0.0,0.0,0.0,0.0,0.0,0.0,0.0,0.0,0.0,0.0,0.0,0.0,0.0,0.0,0.0,0.0,0.0,0.0,0.0,0.0,0.0
2019-01-11T05:30:00-07:00,0.23858204932738006,0.0,0.24917113895986742,0.0,0.0,0.05,0.0,0.0,0.0,0.0,0.0535584308936803,0.0,0.012456996984649119,0.07760258934921763,0.010191780821917807,0.2423342465753424,0.0,-0.20756199529742717,0.0,7.957600490743184,0.0,0.0,0.0,0.0,0.0,0.0,0.0,0.0,0.0,0.0,0.0,0.0,0.0,0.0,0.0,0.0,0.0,0.0,0.0,0.0,0.0
2019-01-11T05:45:00-07:00,0.2385651728217873,0.0,0.24917113895986742,0.0,0.0,0.05,0.0,0.0,0.0,0.0,0.0535584308936803,0.0,0.012456996984649119,0.07760258934921763,0.010191780821917807,0.2423342465753424,0.0,-0.20757887180301993,0.0,7.919225550432136,0.0,0.0,0.0,0.0,0.0,0.0,0.0,0.0,0.0,0.0,0.0,0.0,0.0,0.0,0.0,0.0,0.0,0.0,0.0,0.0,0.0
2019-01-11T06:00:00-07:00,0.2740673002133465,0.0,0.2639189755206252,0.0,0.0,0.05,0.0,0.0,0.0,0.0,0.05653389927666255,0.0,0.014054047880116953,0.1293376489153627,0.016986301369863014,0.25579726027397254,0.0,-0.2486418575026313,0.0,7.8899059451511055,0.0,0.0,0.0,0.0,0.0,0.0,0.0,0.0,0.0,0.0,0.0,0.0,0.0,0.0,0.0,0.0,0.0,0.0,0.0,0.0,0.0
2019-01-11T06:15:00-07:00,0.27403674026364944,0.0,0.2639189755206252,0.0,0.0,0.05,0.0,0.0,0.0,0.0,0.05653389927666255,0.0,0.014054047880116953,0.1293376489153627,0.016986301369863014,0.25579726027397254,0.0,-0.24867241745232838,0.0,7.858782492184542,0.0,0.0,0.0,0.0,0.0,0.0,0.0,0.0,0.0,0.0,0.0,0.0,0.0,0.0,0.0,0.0,0.0,0.0,0.0,0.0,0.0
2019-01-11T06:30:00-07:00,0.27400764642615066,0.0,0.2639189755206252,0.0,0.0,0.05,0.0,0.0,0.0,0.0,0.05653389927666255,0.0,0.014054047880116953,0.1293376489153627,0.016986301369863014,0.25579726027397254,0.0,-0.24870151128982715,0.0,7.829053780756953,0.0,0.0,0.0,0.0,0.0,0.0,0.0,0.0,0.0,0.0,0.0,0.0,0.0,0.0,0.0,0.0,0.0,0.0,0.0,0.0,0.0
2019-01-11T06:45:00-07:00,0.2739799456886941,0.0,0.2639189755206252,0.0,0.0,0.05,0.0,0.0,0.0,0.0,0.05653389927666255,0.0,0.014054047880116953,0.1293376489153627,0.016986301369863014,0.25579726027397254,0.0,-0.2487292120272837,0.0,7.798959035061675,0.0,0.0,0.0,0.0,0.0,0.0,0.0,0.0,0.0,0.0,0.0,0.0,0.0,0.0,0.0,0.0,0.0,0.0,0.0,0.0,0.0
2019-01-11T07:00:00-07:00,0.30415501365271436,0.0,0.28149673612808646,0.0,0.0,0.05,0.0,0.0,0.0,0.0,0.05950936765964479,0.0,0.013095817342836253,0.1638276886261261,0.02547945205479452,0.2759917808219177,0.0,-0.2837490928526051,0.0,7.777801871411722,0.0,0.0,0.0,0.0,0.0,0.0,0.0,0.0,0.0,0.0,0.0,0.0,0.0,0.0,0.0,0.0,0.0,0.0,0.0,0.0,0.0
2019-01-11T07:15:00-07:00,0.3039690159454139,0.0,0.28149673612808646,0.0,0.0,0.05,0.0,0.0,0.0,0.0,0.05950936765964479,0.0,0.013095817342836253,0.1638276886261261,0.02547945205479452,0.2759917808219177,0.0,-0.2839350905599055,0.0,7.756157646759517,0.0,0.0,0.0,0.0,0.0,0.0,0.0,0.0,0.0,0.0,0.0,0.0,0.0,0.0,0.0,0.0,0.0,0.0,0.0,0.0,0.0
2019-01-11T07:30:00-07:00,0.22319789098052034,0.0,0.28149673612808646,0.0,0.0,0.05,0.0,0.0,0.0,0.0,0.05950936765964479,0.0,0.013095817342836253,0.1638276886261261,0.02547945205479452,0.2759917808219177,0.17383867919764603,-0.1908675363271531,0.0,7.761921313602616,0.0,0.0,0.0,0.0,0.0,0.0,0.0,0.0,0.0,0.0,0.0,0.0,0.0,0.0,0.0,0.0,0.0,0.0,0.0,0.0,0.0
2019-01-11T07:45:00-07:00,0.1884688376314071,0.0,0.28149673612808646,0.0,0.0,0.05,0.0,0.0,0.0,0.0,0.05950936765964479,0.0,0.013095817342836253,0.1638276886261261,0.02547945205479452,0.2759917808219177,0.248350397304786,-0.1510848715691263,0.0,7.7756834424736585,0.0,0.0,0.0,0.0,0.0,0.0,0.0,0.0,0.0,0.0,0.0,0.0,0.0,0.0,0.0,0.0,0.0,0.0,0.0,0.0,0.0
2019-01-11T08:00:00-07:00,0.18623104359122522,0.0,0.28487802716979577,0.0,0.0,0.05,0.0,0.0,0.0,0.0,0.06099710185113591,0.0,0.009901715551900581,0.1767614535176624,0.03397260273972603,0.28272328767123284,0.2787883415358013,-0.14933677620463134,0.0,7.7907117599144105,0.0,0.0,0.0,0.0,0.0,0.0,0.0,0.0,0.0,0.0,0.0,0.0,0.0,0.0,0.0,0.0,0.0,0.0,0.0,0.0,0.0
2019-01-11T08:15:00-07:00,0.17947271766975942,0.0,0.28487802716979577,0.0,0.0,0.05,0.0,0.0,0.0,0.0,0.06099710185113591,0.0,0.009901715551900581,0.1767614535176624,0.03397260273972603,0.28272328767123284,0.2923439988563212,-0.14253944480557723,0.0,7.8025636365303965,0.0,0.0,0.0,0.0,0.0,0.0,0.0,0.0,0.0,0.0,0.0,0.0,0.0,0.0,0.0,0.0,0.0,0.0,0.0,0.0,0.0
2019-01-11T08:30:00-07:00,4.940698084268664,0.0,0.28487802716979577,0.0,0.0,0.05,0.0,0.0,0.0,0.0,0.06099710185113591,0.0,0.009901715551900581,0.1767614535176624,0.03397260273972603,0.28272328767123284,1.1787228477529934,0.005,0.0,7.9110987064523455,0.0,0.0,0.0,0.0,0.0,0.0,0.0,0.0,0.0,0.0,0.0,0.0,0.0,0.0,0.0,0.0,0.0,0.0,0.0,0.0,0.0
2019-01-11T08:45:00-07:00,-0.6285229376951693,0.0,0.28487802716979577,0.0,0.0,0.05,0.0,0.0,0.0,0.0,0.06099710185113591,0.0,0.009901715551900581,0.1767614535176624,0.03397260273972603,0.28272328767123284,1.2478790990268271,0.005,0.0,8.00419741220257,0.0,0.0,0.0,0.0,0.0,0.0,0.0,0.0,0.0,0.0,0.0,0.0,0.0,0.0,0.0,0.0,0.0,0.0,0.0,0.0,0.0
2019-01-11T09:00:00-07:00,-0.6875175297891851,0.0,0.2829615660952344,0.0,0.0,0.05,0.0,0.0,0.0,0.0,0.06099710185113591,0.0,0.007985254477339178,0.1767614535176624,0.04246575342465753,0.28272328767123284,1.313450380731213,0.005,0.0,8.087682919036501,0.0,0.0,0.0,0.0,0.0,0.0,0.0,0.0,0.0,0.0,0.0,0.0,0.0,0.0,0.0,0.0,0.0,0.0,0.0,0.0,0.0
2019-01-11T09:15:00-07:00,-0.7484320342832902,0.0,0.2829615660952344,0.0,0.0,0.05,0.0,0.0,0.0,0.0,0.06099710185113591,0.0,0.007985254477339178,0.1767614535176624,0.04246575342465753,0.28272328767123284,1.374364885225318,0.005,0.0,8.166187385389867,0.0,0.0,0.0,0.0,0.0,0.0,0.0,0.0,0.0,0.0,0.0,0.0,0.0,0.0,0.0,0.0,0.0,0.0,0.0,0.0,0.0
2019-01-11T09:30:00-07:00,-2.133292476756698,0.0,0.2829615660952344,0.0,0.0,0.05,0.0,0.0,0.0,0.0,0.06099710185113591,0.0,0.007985254477339178,0.1767614535176624,0.04246575342465753,0.28272328767123284,2.759225327698726,0.005,0.0,8.374362500446365,0.0,0.0,0.0,0.0,0.0,0.0,0.0,0.0,0.0,0.0,0.0,0.0,0.0,0.0,0.0,0.0,0.0,0.0,0.0,0.0,0.0
2019-01-11T09:45:00-07:00,-2.2383981113852425,0.0,0.2829615660952344,0.0,0.0,0.05,0.0,0.0,0.0,0.0,0.06099710185113591,0.0,0.007985254477339178,0.1767614535176624,0.04246575342465753,0.28272328767123284,2.8643309623272706,0.005,0.0,8.560685070961247,0.0,0.0,0.0,0.0,0.0,0.0,0.0,0.0,0.0,0.0,0.0,0.0,0.0,0.0,0.0,0.0,0.0,0.0,0.0,0.0,0.0
2019-01-11T10:00:00-07:00,-2.3298618569871072,0.0,0.2814519685629479,0.0,0.0,0.05,0.0,0.0,0.0,0.0,0.05950936765964479,0.0,0.007665844298245611,0.16813894358997156,0.04756164383561644,0.28272328767123284,2.9504609440418186,0.005,0.0,8.733437552170354,0.0,0.0,0.0,0.0,0.0,0.0,0.0,0.0,0.0,0.0,0.0,0.0,0.0,0.0,0.0,0.0,0.0,0.0,0.0,0.0,0.0
2019-01-11T10:15:00-07:00,-2.404633892619949,0.0,0.2814519685629479,0.0,0.0,0.05,0.0,0.0,0.0,0.0,0.05950936765964479,0.0,0.007665844298245611,0.16813894358997156,0.04756164383561644,0.28272328767123284,3.0252329796746604,0.005,0.0,8.899148494793959,0.0,0.0,0.0,0.0,0.0,0.0,0.0,0.0,0.0,0.0,0.0,0.0,0.0,0.0,0.0,0.0,0.0,0.0,0.0,0.0,0.0
2019-01-11T10:30:00-07:00,-2.178044872502387,0.0,0.2814519685629479,0.0,0.0,0.05,0.0,0.0,0.0,0.0,0.05950936765964479,0.0,0.007665844298245611,0.16813894358997156,0.04756164383561644,0.28272328767123284,2.7986439595570984,0.005,0.0,9.036117408191148,0.0,0.0,0.0,0.0,0.0,0.0,0.0,0.0,0.0,0.0,0.0,0.0,0.0,0.0,0.0,0.0,0.0,0.0,0.0,0.0,0.0
2019-01-11T10:45:00-07:00,-2.236097466718467,0.0,0.2814519685629479,0.0,0.0,0.05,0.0,0.0,0.0,0.0,0.05950936765964479,0.0,0.007665844298245611,0.16813894358997156,0.04756164383561644,0.28272328767123284,2.8566965537731783,0.005,0.0,9.167222576763447,0.0,0.0,0.0,0.0,0.0,0.0,0.0,0.0,0.0,0.0,0.0,0.0,0.0,0.0,0.0,0.0,0.0,0.0,0.0,0.0,0.0
2019-01-11T11:00:00-07:00,-2.2892834704175242,0.0,0.2814519685629479,0.0,0.0,0.05,0.0,0.0,0.0,0.0,0.05950936765964479,0.0,0.007665844298245611,0.15951643366228066,0.05265753424657534,0.28272328767123284,2.9063559379555035,0.005,0.0,9.290473333810155,0.0,0.0,0.0,0.0,0.0,0.0,0.0,0.0,0.0,0.0,0.0,0.0,0.0,0.0,0.0,0.0,0.0,0.0,0.0,0.0,0.0
2019-01-11T11:15:00-07:00,-2.3291485215052656,0.0,0.2814519685629479,0.0,0.0,0.05,0.0,0.0,0.0,0.0,0.05950936765964479,0.0,0.007665844298245611,0.15951643366228066,0.05265753424657534,0.28272328767123284,2.946220989043245,0.005,0.0,9.408969692553468,0.0,0.0,0.0,0.0,0.0,0.0,0.0,0.0,0.0,0.0,0.0,0.0,0.0,0.0,0.0,0.0,0.0,0.0,0.0,0.0,0.0
2019-01-11T11:30:00-07:00,-3.105744460456454,0.0,0.2814519685629479,0.0,0.0,0.05,0.0,0.0,0.0,0.0,0.05950936765964479,0.0,0.007665844298245611,0.15951643366228066,0.05265753424657534,0.28272328767123284,3.722816927994433,0.005,0.0,9.577961696610648,0.0,0.0,0.0,0.0,0.0,0.0,0.0,0.0,0.0,0.0,0.0,0.0,0.0,0.0,0.0,0.0,0.0,0.0,0.0,0.0,0.0
2019-01-11T11:45:00-07:00,0.015529982733691217,0.0,0.2814519685629479,0.0,0.0,0.05,0.0,0.0,0.0,0.0,0.05950936765964479,0.0,0.007665844298245611,0.15951643366228066,0.05265753424657534,0.28272328767123284,3.7398499531764196,3.143307468372132,0.0,9.736306393429288,0.0,0.0,0.0,0.0,0.0,0.0,0.0,0.0,0.0,0.0,0.0,0.0,0.0,0.0,0.0,0.0,0.0,0.0,0.0,0.0,0.0
2019-01-11T12:00:00-07:00,0.01646576291474533,0.0,0.28415175344842725,0.0,0.0,0.05,0.0,0.0,0.0,0.0,0.06248483604262702,0.0,0.007985254477339178,0.15520517869843525,0.05605479452054794,0.28272328767123284,3.737573321753972,3.1395857332585355,0.0,9.888829329178051,0.0,0.0,0.0,0.0,0.0,0.0,0.0,0.0,0.0,0.0,0.0,0.0,0.0,0.0,0.0,0.0,0.0,0.0,0.0,0.0,0.0
2019-01-11T12:15:00-07:00,0.017587014775367393,0.0,0.28415175344842725,0.0,0.0,0.05,0.0,0.0,0.0,0.0,0.06248483604262702,0.0,0.007985254477339178,0.15520517869843525,0.05605479452054794,0.28272328767123284,3.72079695998382,3.1239306233490054,0.0,10.041589454124194,0.0,0.0,0.0,0.0,0.0,0.0,0.0,0.0,0.0,0.0,0.0,0.0,0.0,0.0,0.0,0.0,0.0,0.0,0.0,0.0,0.0
2019-01-11T12:30:00-07:00,0.016475149159878022,0.0,0.28415175344842725,0.0,0.0,0.05,0.0,0.0,0.0,0.0,0.06248483604262702,0.0,0.007985254477339178,0.15520517869843525,0.05605479452054794,0.28272328767123284,3.794242135849321,3.196263933599017,0.0,10.190061428289333,0.0,0.0,0.0,0.0,0.0,0.0,0.0,0.0,0.0,0.0,0.0,0.0,0.0,0.0,0.0,0.0,0.0,0.0,0.0,0.0,0.0
2019-01-11T12:45:00-07:00,5.518145838031596,0.0,0.28415175344842725,0.0,0.0,0.05,0.0,0.0,0.0,0.0,0.06248483604262702,0.0,0.007985254477339178,0.15520517869843525,0.05605479452054794,0.28272328767123284,3.7601971946853743,3.1638249106167886,0.0,10.341564506325323,0.0,0.0,0.0,0.0,0.0,0.0,0.0,0.0,0.0,0.0,0.0,0.0,0.0,0.0,0.0,0.0,0.0,0.0,0.0,0.0,0.0
2019-01-11T13:00:00-07:00,0.02017972940208912,0.0,0.28510998398570797,0.0,0.0,0.05,0.0,0.0,0.0,0.0,0.06248483604262702,0.0,0.008943485014619881,0.15089392373458985,0.06454794520547945,0.28272328767123284,3.715659480950241,3.1162457326837814,0.0,10.495184804396883,0.0,0.0,0.0,0.0,0.0,0.0,0.0,0.0,0.0,0.0,0.0,0.0,0.0,0.0,0.0,0.0,0.0,0.0,0.0,0.0,0.0
2019-01-11T13:15:00-07:00,0.022490284974933328,0.0,0.28510998398570797,0.0,0.0,0.05,0.0,0.0,0.0,0.0,0.06248483604262702,0.0,0.008943485014619881,0.15089392373458985,0.06454794520547945,0.28272328767123284,3.6598381820310926,3.062734989337477,0.0,10.651291567108695,0.0,0.0,0.0,0.0,0.0,0.0,0.0,0.0,0.0,0.0,0.0,0.0,0.0,0.0,0.0,0.0,0.0,0.0,0.0,0.0,0.0
2019-01-11T13:30:00-07:00,0.024570726915848162,0.0,0.28510998398570797,0.0,0.0,0.05,0.0,0.0,0.0,0.0,0.06248483604262702,0.0,0.008943485014619881,0.15089392373458985,0.06454794520547945,0.28272328767123284,3.6165425626705545,3.021519811917854,0.0,10.811315609786991,0.0,0.0,0.0,0.0,0.0,0.0,0.0,0.0,0.0,0.0,0.0,0.0,0.0,0.0,0.0,0.0,0.0,0.0,0.0,0.0,0.0
2019-01-11T13:45:00-07:00,0.02737070376530948,0.0,0.28510998398570797,0.0,0.0,0.05,0.0,0.0,0.0,0.0,0.06248483604262702,0.0,0.008943485014619881,0.15089392373458985,0.06454794520547945,0.28272328767123284,3.526535669233983,2.9343128953307436,0.0,10.973200205317967,0.0,0.0,0.0,0.0,0.0,0.0,0.0,0.0,0.0,0.0,0.0,0.0,0.0,0.0,0.0,0.0,0.0,0.0,0.0,0.0,0.0
2019-01-11T14:00:00-07:00,0.044635245898685394,0.0,0.2857488043438951,0.0,0.0,0.05,0.0,0.0,0.0,0.0,0.06248483604262702,1.0,0.009582305372807014,0.15951643366228066,0.07134246575342466,0.28272328767123284,3.422935599152886,1.8319215165491987,0.0,11.136380466343645,0.0,0.0,0.0,0.0,0.0,0.0,0.0,0.0,0.0,0.0,0.0,0.0,0.0,0.0,0.0,0.0,0.0,0.0,0.0,0.0,0.0
2019-01-11T14:15:00-07:00,-1.0652561146930664,0.0,0.2857488043438951,0.0,0.0,0.05,0.0,0.0,0.0,0.0,0.06248483604262702,1.0,0.009582305372807014,0.15951643366228066,0.07134246575342466,0.28272328767123284,3.305752809353761,0.604847366158322,0.0,11.29953020795864,0.0,0.0,0.0,0.0,0.0,0.0,0.0,0.0,0.0,0.0,0.0,0.0,0.0,0.0,0.0,0.0,0.0,0.0,0.0,0.0,0.0
2019-01-11T14:30:00-07:00,0.06222440192698708,0.0,0.2857488043438951,0.0,0.0,0.05,0.0,0.0,0.0,0.0,0.06248483604262702,1.0,0.009582305372807014,0.15951643366228066,0.07134246575342466,0.28272328767123284,1.5086183740098484,-0.06480655256553708,0.0,11.299288036787893,0.0,0.0,0.0,0.0,0.0,0.0,0.0,0.0,0.0,0.0,0.0,0.0,0.0,0.0,0.0,0.0,0.0,0.0,0.0,0.0,0.0
2019-01-11T14:45:00-07:00,0.06835788710297908,0.0,0.2857488043438951,0.0,0.0,0.05,0.0,0.0,0.0,0.0,0.06248483604262702,1.0,0.009582305372807014,0.15951643366228066,0.07134246575342466,0.28272328767123284,1.4296785382213386,-0.13761290317805494,0.0,11.31571813672566,0.0,0.0,0.0,0.0,0.0,0.0,0.0,0.0,0.0,0.0,0.0,0.0,0.0,0.0,0.0,0.0,0.0,0.0,0.0,0.0,0.0
2019-01-11T15:00:00-07:00,-0.5119970973813944,0.0,0.2969260788450741,0.0,0.0,0.05,0.0,0.0,0.0,0.0,0.06099710185113591,0.0,0.01117935626827485,0.1767614535176624,0.07813698630136985,0.2961863013698629,1.4100952170494991,0.22483692035979877,0.0,11.350103369820307,0.0,0.0,0.0,0.0,0.0,0.0,0.0,0.0,0.0,0.0,0.0,0.0,0.0,0.0,0.0,0.0,0.0,0.0,0.0,0.0,0.0
2019-01-11T15:15:00-07:00,-0.718891923793909,0.0,0.2969260788450741,0.0,0.0,0.05,0.0,0.0,0.0,0.0,0.06099710185113591,0.0,0.01117935626827485,0.1767614535176624,0.07813698630136985,0.2961863013698629,1.397153123102215,0.005,0.0,11.39077248098491,0.0,0.0,0.0,0.0,0.0,0.0,0.0,0.0,0.0,0.0,0.0,0.0,0.0,0.0,0.0,0.0,0.0,0.0,0.0,0.0,0.0
2019-01-11T15:30:00-07:00,-0.08081813639322555,0.0,0.2969260788450741,0.0,0.0,0.05,0.0,0.0,0.0,0.0,0.06099710185113591,0.0,0.01117935626827485,0.1767614535176624,0.07813698630136985,0.2961863013698629,0.7590793357015315,0.005,0.0,11.372751490884282,0.0,0.0,0.0,0.0,0.0,0.0,0.0,0.0,0.0,0.0,0.0,0.0,0.0,0.0,0.0,0.0,0.0,0.0,0.0,0.0,0.0
2019-01-11T15:45:00-07:00,-0.08284197825488004,0.0,0.2969260788450741,0.0,0.0,0.05,0.0,0.0,0.0,0.0,0.06099710185113591,0.0,0.01117935626827485,0.1767614535176624,0.07813698630136985,0.2961863013698629,0.761103177563186,0.005,0.0,11.367611401241653,0.0,0.0,0.0,0.0,0.0,0.0,0.0,0.0,0.0,0.0,0.0,0.0,0.0,0.0,0.0,0.0,0.0,0.0,0.0,0.0,0.0
2019-01-11T16:00:00-07:00,-0.030240057027654088,0.0,0.3195269489548511,0.0,0.0,0.05,0.0,0.0,0.0,0.0,0.06546030442560927,0.0,0.014054047880116953,0.2155627481922712,0.09172602739726027,0.31638082191780814,0.78842400684072,0.005,0.0,11.384942213416927,0.0,0.0,0.0,0.0,0.0,0.0,0.0,0.0,0.0,0.0,0.0,0.0,0.0,0.0,0.0,0.0,0.0,0.0,0.0,0.0,0.0
2019-01-11T16:15:00-07:00,-0.13455298087457146,0.0,0.3195269489548511,0.0,0.0,0.05,0.0,0.0,0.0,0.0,0.06546030442560927,0.0,0.014054047880116953,0.2155627481922712,0.09172602739726027,0.31638082191780814,0.8927369306876374,0.005,0.0,11.42503999423324,0.0,0.0,0.0,0.0,0.0,0.0,0.0,0.0,0.0,0.0,0.0,0.0,0.0,0.0,0.0,0.0,0.0,0.0,0.0,0.0,0.0
2019-01-11T16:30:00-07:00,0.08325311963656745,0.0,0.3195269489548511,0.0,0.0,0.05,0.0,0.0,0.0,0.0,0.06546030442560927,0.0,0.014054047880116953,0.2155627481922712,0.09172602739726027,0.31638082191780814,0.23492755707315466,-0.4350032731033438,0.0,11.37345419297752,0.0,0.0,0.0,0.0,0.0,0.0,0.0,0.0,0.0,0.0,0.0,0.0,0.0,0.0,0.0,0.0,0.0,0.0,0.0,0.0,0.0
2019-01-11T16:45:00-07:00,0.08419736371920317,0.0,0.3195269489548511,0.0,0.0,0.05,0.0,0.0,0.0,0.0,0.06546030442560927,0.0,0.014054047880116953,0.2155627481922712,0.09172602739726027,0.31638082191780814,0.2171350370384397,-0.451851549055423,0.0,11.330759939571031,0.0,0.0,0.0,0.0,0.0,0.0,0.0,0.0,0.0,0.0,0.0,0.0,0.0,0.0,0.0,0.0,0.0,0.0,0.0,0.0,0.0
2019-01-11T17:00:00-07:00,0.09203614778219649,0.0,0.3442762369551017,0.0,0.0,0.05,0.0,0.0,0.0,0.0,0.07141124119157374,0.0,0.017886970029239762,0.2802315726499526,0.10531506849315068,0.3365753424657534,0.1987782610510457,-0.5706057859964281,0.0,11.306618283839956,0.0,0.0,0.0,0.0,0.0,0.0,0.0,0.0,0.0,0.0,0.0,0.0,0.0,0.0,0.0,0.0,0.0,0.0,0.0,0.0,0.0
2019-01-11T17:15:00-07:00,0.09325784035664952,0.0,0.3442762369551017,0.0,0.0,0.05,0.0,0.0,0.0,0.0,0.07141124119157374,0.0,0.017886970029239762,0.2802315726499526,0.10531506849315068,0.3365753424657534,0.18000597496722556,-0.5881563795057951,0.0,11.282609424079816,0.0,0.0,0.0,0.0,0.0,0.0,0.0,0.0,0.0,0.0,0.0,0.0,0.0,0.0,0.0,0.0,0.0,0.0,0.0,0.0,0.0
2019-01-11T17:30:00-07:00,0.10473079867449642,0.0,0.3442762369551017,0.0,0.0,0.05,0.0,0.0,0.0,0.0,0.07141124119157374,0.0,0.017886970029239762,0.2802315726499526,0.10531506849315068,0.3365753424657534,0.0,-0.7566893961551738,0.0,11.234173554026883,0.0,0.0,0.0,0.0,0.0,0.0,0.0,0.0,0.0,0.0,0.0,0.0,0.0,0.0,0.0,0.0,0.0,0.0,0.0,0.0,0.0
2019-01-11T17:45:00-07:00,5.60488017740954,0.0,0.3442762369551017,0.0,0.0,0.05,0.0,0.0,0.0,0.0,0.07141124119157374,0.0,0.017886970029239762,0.2802315726499526,0.10531506849315068,0.3365753424657534,0.0,-0.75660478811013,0.0,11.189973007207618,0.0,0.0,0.0,0.0,0.0,0.0,0.0,0.0,0.0,0.0,0.0,0.0,0.0,0.0,0.0,0.0,0.0,0.0,0.0,0.0,0.0
2019-01-11T18:00:00-07:00,0.11364579471006353,0.0,0.35459709857368804,0.0,0.0,0.05,0.0,0.0,0.0,0.0,0.07438670957455598,0.0,0.020442251461988296,0.3707679268907064,0.1358904109589041,0.3433068493150684,0.0,-0.8811483534911597,0.0,11.164677346416799,0.0,0.0,0.0,0.0,0.0,0.0,0.0,0.0,0.0,0.0,0.0,0.0,0.0,0.0,0.0,0.0,0.0,0.0,0.0,0.0,0.0
2019-01-11T18:15:00-07:00,0.11386888616119539,0.0,0.35459709857368804,0.0,0.0,0.05,0.0,0.0,0.0,0.0,0.07438670957455598,0.0,0.020442251461988296,0.3707679268907064,0.1358904109589041,0.3433068493150684,0.0,-0.8809252620400279,0.0,11.136911088518104,0.0,0.0,0.0,0.0,0.0,0.0,0.0,0.0,0.0,0.0,0.0,0.0,0.0,0.0,0.0,0.0,0.0,0.0,0.0,0.0,0.0
2019-01-11T18:30:00-07:00,0.11430259628212402,0.0,0.35459709857368804,0.0,0.0,0.05,0.0,0.0,0.0,0.0,0.07438670957455598,0.0,0.020442251461988296,0.3707679268907064,0.1358904109589041,0.3433068493150684,0.0,-0.8804915519190992,0.0,11.108777469272146,0.0,0.0,0.0,0.0,0.0,0.0,0.0,0.0,0.0,0.0,0.0,0.0,0.0,0.0,0.0,0.0,0.0,0.0,0.0,0.0,0.0
2019-01-11T18:45:00-07:00,0.18449035851395523,0.0,0.35459709857368804,0.0,0.0,0.05,0.0,0.0,0.0,0.0,0.07438670957455598,1.0,0.020442251461988296,0.3707679268907064,0.1358904109589041,0.3433068493150684,0.0,-1.810303789687268,0.0,11.078130201568575,0.0,0.0,0.0,0.0,0.0,0.0,0.0,0.0,0.0,0.0,0.0,0.0,0.0,0.0,0.0,0.0,0.0,0.0,0.0,0.0,0.0
2019-01-11T19:00:00-07:00,0.12193838700698878,0.0,0.3481091591042245,0.0,0.0,0.05,0.0,0.0,0.0,0.0,0.07141124119157374,0.0,0.02171989217836257,0.456993026167615,0.18684931506849314,0.3365753424657534,0.0,-1.0016104300648092,0.0,11.059561245939294,0.0,0.0,0.0,0.0,0.0,0.0,0.0,0.0,0.0,0.0,0.0,0.0,0.0,0.0,0.0,0.0,0.0,0.0,0.0,0.0,0.0
2019-01-11T19:15:00-07:00,0.12388382891998806,0.0,0.3481091591042245,0.0,0.0,0.05,0.0,0.0,0.0,0.0,0.07141124119157374,0.0,0.02171989217836257,0.456993026167615,0.18684931506849314,0.3365753424657534,0.0,-0.9996649881518099,0.0,11.03520651478729,0.0,0.0,0.0,0.0,0.0,0.0,0.0,0.0,0.0,0.0,0.0,0.0,0.0,0.0,0.0,0.0,0.0,0.0,0.0,0.0,0.0
2019-01-11T19:30:00-07:00,0.12650891337864445,0.0,0.3481091591042245,0.0,0.0,0.05,0.0,0.0,0.0,0.0,0.07141124119157374,0.0,0.02171989217836257,0.456993026167615,0.18684931506849314,0.3365753424657534,0.0,-0.9970399036931535,0.0,11.00644311154511,0.0,0.0,0.0,0.0,0.0,0.0,0.0,0.0,0.0,0.0,0.0,0.0,0.0,0.0,0.0,0.0,0.0,0.0,0.0,0.0,0.0
2019-01-11T19:45:00-07:00,5.629762634537313,0.0,0.3481091591042245,0.0,0.0,0.05,0.0,0.0,0.0,0.0,0.07141124119157374,0.0,0.02171989217836257,0.456993026167615,0.18684931506849314,0.3365753424657534,0.0,-0.9938509532244854,0.0,10.974862679699166,0.0,0.0,0.0,0.0,0.0,0.0,0.0,0.0,0.0,0.0,0.0,0.0,0.0,0.0,0.0,0.0,0.0,0.0,0.0,0.0,0.0
2019-01-11T20:00:00-07:00,0.13648700530128477,0.0,0.3367873811503146,0.0,0.0,0.05,0.0,0.0,0.0,0.0,0.06992350700008262,0.0,0.0223587125365497,0.47423804602299663,0.22421917808219177,0.3231123287671232,0.0,-1.0273647671076591,0.0,10.946701089990347,0.0,0.0,0.0,0.0,0.0,0.0,0.0,0.0,0.0,0.0,0.0,0.0,0.0,0.0,0.0,0.0,0.0,0.0,0.0,0.0,0.0
2019-01-11T20:15:00-07:00,0.1407489294277957,0.0,0.3367873811503146,0.0,0.0,0.05,0.0,0.0,0.0,0.0,0.06992350700008262,0.0,0.0223587125365497,0.47423804602299663,0.22421917808219177,0.3231123287671232,0.0,-1.0231028429811482,0.0,10.915700897773418,0.0,0.0,0.0,0.0,0.0,0.0,0.0,0.0,0.0,0.0,0.0,0.0,0.0,0.0,0.0,0.0,0.0,0.0,0.0,0.0,0.0
2019-01-11T20:30:00-07:00,0.1453542641990404,0.0,0.3367873811503146,0.0,0.0,0.05,0.0,0.0,0.0,0.0,0.06992350700008262,0.0,0.0223587125365497,0.47423804602299663,0.22421917808219177,0.3231123287671232,0.0,-1.0184975082099035,0.0,10.884014817244845,0.0,0.0,0.0,0.0,0.0,0.0,0.0,0.0,0.0,0.0,0.0,0.0,0.0,0.0,0.0,0.0,0.0,0.0,0.0,0.0,0.0
2019-01-11T20:45:00-07:00,0.14995288712509613,0.0,0.3367873811503146,0.0,0.0,0.05,0.0,0.0,0.0,0.0,0.06992350700008262,0.0,0.0223587125365497,0.47423804602299663,0.22421917808219177,0.3231123287671232,0.0,-1.0138988852838478,0.0,10.854335269177566,0.0,0.0,0.0,0.0,0.0,0.0,0.0,0.0,0.0,0.0,0.0,0.0,0.0,0.0,0.0,0.0,0.0,0.0,0.0,0.0,0.0
2019-01-11T21:00:00-07:00,0.1377269253557396,0.0,0.3124593209838456,0.0,0.0,0.05,0.0,0.0,0.0,0.0,0.06843577280859149,0.0,0.020761661641081865,0.3405891421437885,0.21232876712328766,0.2961863013698629,0.0,-0.8505747197308728,0.0,10.810462151665233,0.0,0.0,0.0,0.0,0.0,0.0,0.0,0.0,0.0,0.0,0.0,0.0,0.0,0.0,0.0,0.0,0.0,0.0,0.0,0.0,0.0
2019-01-11T21:15:00-07:00,0.14027140326117682,0.0,0.3124593209838456,0.0,0.0,0.05,0.0,0.0,0.0,0.0,0.06843577280859149,0.0,0.020761661641081865,0.3405891421437885,0.21232876712328766,0.2961863013698629,0.0,-0.8480302418254356,0.0,10.774493645427881,0.0,0.0,0.0,0.0,0.0,0.0,0.0,0.0,0.0,0.0,0.0,0.0,0.0,0.0,0.0,0.0,0.0,0.0,0.0,0.0,0.0
2019-01-11T21:30:00-07:00,0.1417815908643909,0.0,0.3124593209838456,0.0,0.0,0.05,0.0,0.0,0.0,0.0,0.06843577280859149,0.0,0.020761661641081865,0.3405891421437885,0.21232876712328766,0.2961863013698629,0.0,-0.8465200542222215,0.0,10.743188915522126,0.0,0.0,0.0,0.0,0.0,0.0,0.0,0.0,0.0,0.0,0.0,0.0,0.0,0.0,0.0,0.0,0.0,0.0,0.0,0.0,0.0
2019-01-11T21:45:00-07:00,0.1428023280586339,0.0,0.3124593209838456,0.0,0.0,0.05,0.0,0.0,0.0,0.0,0.06843577280859149,0.0,0.020761661641081865,0.3405891421437885,0.21232876712328766,0.2961863013698629,0.0,-0.8454993170279785,0.0,10.711301200540403,0.0,0.0,0.0,0.0,0.0,0.0,0.0,0.0,0.0,0.0,0.0,0.0,0.0,0.0,0.0,0.0,0.0,0.0,0.0,0.0,0.0
2019-01-11T22:00:00-07:00,0.11668418546801651,0.0,0.28566343274780953,0.0,0.0,0.05,0.0,0.0,0.0,0.0,0.06546030442560927,0.0,0.017886970029239762,0.17245019855381696,0.1307945205479452,0.26926027397260266,0.0,-0.5891680820611974,0.0,10.646995195101207,0.0,0.0,0.0,0.0,0.0,0.0,0.0,0.0,0.0,0.0,0.0,0.0,0.0,0.0,0.0,0.0,0.0,0.0,0.0,0.0,0.0
2019-01-11T22:15:00-07:00,0.11840322165924633,0.0,0.28566343274780953,0.0,0.0,0.05,0.0,0.0,0.0,0.0,0.06546030442560927,0.0,0.017886970029239762,0.17245019855381696,0.1307945205479452,0.26926027397260266,0.0,-0.5874490458699676,0.0,10.586993939227265,0.0,0.0,0.0,0.0,0.0,0.0,0.0,0.0,0.0,0.0,0.0,0.0,0.0,0.0,0.0,0.0,0.0,0.0,0.0,0.0,0.0
2019-01-11T22:30:00-07:00,0.12065383196729296,0.0,0.28566343274780953,0.0,0.0,0.05,0.0,0.0,0.0,0.0,0.06546030442560927,0.0,0.017886970029239762,0.17245019855381696,0.1307945205479452,0.26926027397260266,0.0,-0.585198435561921,0.0,10.531340925340878,0.0,0.0,0.0,0.0,0.0,0.0,0.0,0.0,0.0,0.0,0.0,0.0,0.0,0.0,0.0,0.0,0.0,0.0,0.0,0.0,0.0
2019-01-11T22:45:00-07:00,0.1232496497579646,0.0,0.28566343274780953,0.0,0.0,0.05,0.0,0.0,0.0,0.0,0.06546030442560927,0.0,0.017886970029239762,0.17245019855381696,0.1307945205479452,0.26926027397260266,0.0,-0.5826026177712493,0.0,10.478102774235108,0.0,0.0,0.0,0.0,0.0,0.0,0.0,0.0,0.0,0.0,0.0,0.0,0.0,0.0,0.0,0.0,0.0,0.0,0.0,0.0,0.0
2019-01-11T23:00:00-07:00,0.10451170207748595,0.0,0.2630625626380325,0.0,0.0,0.05,0.0,0.0,0.0,0.0,0.06099710185113591,0.0,0.015012278417397657,0.07760258934921763,0.05775342465753425,0.24906575342465745,0.0,-0.40591944562245696,0.0,10.40665368444434,0.0,0.0,0.0,0.0,0.0,0.0,0.0,0.0,0.0,0.0,0.0,0.0,0.0,0.0,0.0,0.0,0.0,0.0,0.0,0.0,0.0
2019-01-11T23:15:00-07:00,0.10647880932627174,0.0,0.2630625626380325,0.0,0.0,0.05,0.0,0.0,0.0,0.0,0.06099710185113591,0.0,0.015012278417397657,0.07760258934921763,0.05775342465753425,0.24906575342465745,0.0,-0.40395233837367117,0.0,10.341971831788547,0.0,0.0,0.0,0.0,0.0,0.0,0.0,0.0,0.0,0.0,0.0,0.0,0.0,0.0,0.0,0.0,0.0,0.0,0.0,0.0,0.0
2019-01-11T23:30:00-07:00,0.1084045799979848,0.0,0.2630625626380325,0.0,0.0,0.05,0.0,0.0,0.0,0.0,0.06099710185113591,0.0,0.015012278417397657,0.07760258934921763,0.05775342465753425,0.24906575342465745,0.0,-0.4020265677019581,0.0,10.281267446966424,0.0,0.0,0.0,0.0,0.0,0.0,0.0,0.0,0.0,0.0,0.0,0.0,0.0,0.0,0.0,0.0,0.0,0.0,0.0,0.0,0.0
2019-01-11T23:45:00-07:00,0.11034125685388296,0.0,0.2630625626380325,0.0,0.0,0.05,0.0,0.0,0.0,0.0,0.06099710185113591,0.0,0.015012278417397657,0.07760258934921763,0.05775342465753425,0.24906575342465745,0.0,-0.40008989084605995,0.0,10.222877582561848,0.0,0.0,0.0,0.0,0.0,0.0,0.0,0.0,0.0,0.0,0.0,0.0,0.0,0.0,0.0,0.0,0.0,0.0,0.0,0.0,0.0
2019-01-12T00:00:00-07:00,0.10349313243714114,0.0,0.2542512985517326,0.0,0.0,0.05,0.0,0.0,0.0,0.0,0.05950936765964479,0.0,0.012776407163742684,0.05173505956614509,0.02378082191780822,0.2423342465753424,0.0,-0.33664277044554203,0.0,10.159239344886476,0.0,0.0,0.0,0.0,0.0,0.0,0.0,0.0,0.0,0.0,0.0,0.0,0.0,0.0,0.0,0.0,0.0,0.0,0.0,0.0,0.0
2019-01-12T00:15:00-07:00,0.10525708552515378,0.0,0.2542512985517326,0.0,0.0,0.05,0.0,0.0,0.0,0.0,0.05950936765964479,0.0,0.012776407163742684,0.05173505956614509,0.02378082191780822,0.2423342465753424,0.0,-0.3348788173575294,0.0,10.097845382828615,0.0,0.0,0.0,0.0,0.0,0.0,0.0,0.0,0.0,0.0,0.0,0.0,0.0,0.0,0.0,0.0,0.0,0.0,0.0,0.0,0.0
2019-01-12T00:30:00-07:00,0.10711832700418727,0.0,0.2542512985517326,0.0,0.0,0.05,0.0,0.0,0.0,0.0,0.05950936765964479,0.0,0.012776407163742684,0.05173505956614509,0.02378082191780822,0.2423342465753424,0.0,-0.3330175758784959,0.0,10.037769097346782,0.0,0.0,0.0,0.0,0.0,0.0,0.0,0.0,0.0,0.0,0.0,0.0,0.0,0.0,0.0,0.0,0.0,0.0,0.0,0.0,0.0
2019-01-12T00:45:00-07:00,0.10915207639374913,0.0,0.2542512985517326,0.0,0.0,0.05,0.0,0.0,0.0,0.0,0.05950936765964479,0.0,0.012776407163742684,0.05173505956614509,0.02378082191780822,0.2423342465753424,0.0,-0.33098382648893404,0.0,9.976078210061333,0.0,0.0,0.0,0.0,0.0,0.0,0.0,0.0,0.0,0.0,0.0,0.0,0.0,0.0,0.0,0.0,0.0,0.0,0.0,0.0,0.0
2019-01-12T01:00:00-07:00,0.10813819029713861,0.0,0.25210288066125897,0.0,0.0,0.05,0.0,0.0,0.0,0.0,0.058021633468153665,0.0,0.011818176626461983,0.04311254963845424,0.01189041095890411,0.2423342465753424,0.0,-0.30903882697017776,0.0,9.909920752030658,0.0,0.0,0.0,0.0,0.0,0.0,0.0,0.0,0.0,0.0,0.0,0.0,0.0,0.0,0.0,0.0,0.0,0.0,0.0,0.0,0.0
2019-01-12T01:15:00-07:00,0.11070916620101784,0.0,0.25210288066125897,0.0,0.0,0.05,0.0,0.0,0.0,0.0,0.058021633468153665,0.0,0.011818176626461983,0.04311254963845424,0.01189041095890411,0.2423342465753424,0.0,-0.30646785106629854,0.0,9.841468541863753,0.0,0.0,0.0,0.0,0.0,0.0,0.0,0.0,0.0,0.0,0.0,0.0,0.0,0.0,0.0,0.0,0.0,0.0,0.0,0.0,0.0
2019-01-12T01:30:00-07:00,0.11362838317733742,0.0,0.25210288066125897,0.0,0.0,0.05,0.0,0.0,0.0,0.0,0.058021633468153665,0.0,0.011818176626461983,0.04311254963845424,0.01189041095890411,0.2423342465753424,0.0,-0.30354863408997895,0.0,9.774665879973817,0.0,0.0,0.0,0.0,0.0,0.0,0.0,0.0,0.0,0.0,0.0,0.0,0.0,0.0,0.0,0.0,0.0,0.0,0.0,0.0,0.0
2019-01-12T01:45:00-07:00,0.11678119370595491,0.0,0.25210288066125897,0.0,0.0,0.05,0.0,0.0,0.0,0.0,0.058021633468153665,0.0,0.011818176626461983,0.04311254963845424,0.01189041095890411,0.2423342465753424,0.0,-0.30039582356136146,0.0,9.7078772346353,0.0,0.0,0.0,0.0,0.0,0.0,0.0,0.0,0.0,0.0,0.0,0.0,0.0,0.0,0.0,0.0,0.0,0.0,0.0,0.0,0.0
2019-01-12T02:00:00-07:00,0.11883042236411268,0.0,0.2509126933080661,0.0,0.0,0.05,0.0,0.0,0.0,0.0,0.05653389927666255,0.0,0.011818176626461983,0.04311254963845424,0.006794520547945205,0.2423342465753424,0.0,-0.29176297030075365,0.0,9.642137426290407,0.0,0.0,0.0,0.0,0.0,0.0,0.0,0.0,0.0,0.0,0.0,0.0,0.0,0.0,0.0,0.0,0.0,0.0,0.0,0.0,0.0
2019-01-12T02:15:00-07:00,0.12196953168705982,0.0,0.2509126933080661,0.0,0.0,0.05,0.0,0.0,0.0,0.0,0.05653389927666255,0.0,0.011818176626461983,0.04311254963845424,0.006794520547945205,0.2423342465753424,0.0,-0.2886238609778065,0.0,9.577431874969939,0.0,0.0,0.0,0.0,0.0,0.0,0.0,0.0,0.0,0.0,0.0,0.0,0.0,0.0,0.0,0.0,0.0,0.0,0.0,0.0,0.0
2019-01-12T02:30:00-07:00,0.12507250869029396,0.0,0.2509126933080661,0.0,0.0,0.05,0.0,0.0,0.0,0.0,0.05653389927666255,0.0,0.011818176626461983,0.04311254963845424,0.006794520547945205,0.2423342465753424,0.0,-0.28552088397457237,0.0,9.514236485594065,0.0,0.0,0.0,0.0,0.0,0.0,0.0,0.0,0.0,0.0,0.0,0.0,0.0,0.0,0.0,0.0,0.0,0.0,0.0,0.0,0.0
2019-01-12T02:45:00-07:00,0.12820859846004895,0.0,0.2509126933080661,0.0,0.0,0.05,0.0,0.0,0.0,0.0,0.05653389927666255,0.0,0.011818176626461983,0.04311254963845424,0.006794520547945205,0.2423342465753424,0.0,-0.2823847942048174,0.0,9.449268123570102,0.0,0.0,0.0,0.0,0.0,0.0,0.0,0.0,0.0,0.0,0.0,0.0,0.0,0.0,0.0,0.0,0.0,0.0,0.0,0.0,0.0
2019-01-12T03:00:00-07:00,0.13066447447588364,0.0,0.24908368559668606,0.0,0.0,0.05,0.0,0.0,0.0,0.0,0.05504616508517143,0.0,0.01117935626827485,0.04311254963845424,0.005095890410958904,0.2423342465753424,0.0,-0.27610373350231815,0.0,9.382308262644683,0.0,0.0,0.0,0.0,0.0,0.0,0.0,0.0,0.0,0.0,0.0,0.0,0.0,0.0,0.0,0.0,0.0,0.0,0.0,0.0,0.0
2019-01-12T03:15:00-07:00,0.13408339752152365,0.0,0.24908368559668606,0.0,0.0,0.05,0.0,0.0,0.0,0.0,0.05504616508517143,0.0,0.01117935626827485,0.04311254963845424,0.005095890410958904,0.2423342465753424,0.0,-0.27268481045667814,0.0,9.313099866179032,0.0,0.0,0.0,0.0,0.0,0.0,0.0,0.0,0.0,0.0,0.0,0.0,0.0,0.0,0.0,0.0,0.0,0.0,0.0,0.0,0.0
2019-01-12T03:30:00-07:00,0.13768644579433287,0.0,0.24908368559668606,0.0,0.0,0.05,0.0,0.0,0.0,0.0,0.05504616508517143,0.0,0.01117935626827485,0.04311254963845424,0.005095890410958904,0.2423342465753424,0.0,-0.2690817621838689,0.0,9.239635975897917,0.0,0.0,0.0,0.0,0.0,0.0,0.0,0.0,0.0,0.0,0.0,0.0,0.0,0.0,0.0,0.0,0.0,0.0,0.0,0.0,0.0
2019-01-12T03:45:00-07:00,0.1414310990157177,0.0,0.24908368559668606,0.0,0.0,0.05,0.0,0.0,0.0,0.0,0.05504616508517143,0.0,0.01117935626827485,0.04311254963845424,0.005095890410958904,0.2423342465753424,0.0,-0.2653371089624841,0.0,9.16561066257276,0.0,0.0,0.0,0.0,0.0,0.0,0.0,0.0,0.0,0.0,0.0,0.0,0.0,0.0,0.0,0.0,0.0,0.0,0.0,0.0,0.0
2019-01-12T04:00:00-07:00,0.14642590447147685,0.0,0.24789349824349316,0.0,0.0,0.05,0.0,0.0,0.0,0.0,0.0535584308936803,0.0,0.01117935626827485,0.04742380460229966,0.006794520547945205,0.2423342465753424,0.0,-0.26486445441606554,0.0,9.09197588237252,0.0,0.0,0.0,0.0,0.0,0.0,0.0,0.0,0.0,0.0,0.0,0.0,0.0,0.0,0.0,0.0,0.0,0.0,0.0,0.0,0.0
2019-01-12T04:15:00-07:00,0.1504055709442777,0.0,0.24789349824349316,0.0,0.0,0.05,0.0,0.0,0.0,0.0,0.0535584308936803,0.0,0.01117935626827485,0.04742380460229966,0.006794520547945205,0.2423342465753424,0.0,-0.2608847879432647,0.0,9.017700270553801,0.0,0.0,0.0,0.0,0.0,0.0,0.0,0.0,0.0,0.0,0.0,0.0,0.0,0.0,0.0,0.0,0.0,0.0,0.0,0.0,0.0
2019-01-12T04:30:00-07:00,0.15443616127636378,0.0,0.24789349824349316,0.0,0.0,0.05,0.0,0.0,0.0,0.0,0.0535584308936803,0.0,0.01117935626827485,0.04742380460229966,0.006794520547945205,0.2423342465753424,0.0,-0.2568541976111786,0.0,8.946563576851569,0.0,0.0,0.0,0.0,0.0,0.0,0.0,0.0,0.0,0.0,0.0,0.0,0.0,0.0,0.0,0.0,0.0,0.0,0.0,0.0,0.0
2019-01-12T04:45:00-07:00,0.1584681975387161,0.0,0.24789349824349316,0.0,0.0,0.05,0.0,0.0,0.0,0.0,0.0535584308936803,0.0,0.01117935626827485,0.04742380460229966,0.006794520547945205,0.2423342465753424,0.0,-0.2528221613488263,0.0,8.875519560548051,0.0,0.0,0.0,0.0,0.0,0.0,0.0,0.0,0.0,0.0,0.0,0.0,0.0,0.0,0.0,0.0,0.0,0.0,0.0,0.0,0.0
2019-01-12T05:00:00-07:00,0.1728303704448919,0.0,0.24917113895986742,0.0,0.0,0.05,0.0,0.0,0.0,0.0,0.0535584308936803,0.0,0.012456996984649119,0.07760258934921763,0.010191780821917807,0.2423342465753424,0.0,-0.2733136741799153,0.0,8.809557643890663,0.0,0.0,0.0,0.0,0.0,0.0,0.0,0.0,0.0,0.0,0.0,0.0,0.0,0.0,0.0,0.0,0.0,0.0,0.0,0.0,0.0
2019-01-12T05:15:00-07:00,0.17705429891114666,0.0,0.24917113895986742,0.0,0.0,0.05,0.0,0.0,0.0,0.0,0.0535584308936803,0.0,0.012456996984649119,0.07760258934921763,0.010191780821917807,0.2423342465753424,0.0,-0.26908974571366057,0.0,8.743672169064272,0.0,0.0,0.0,0.0,0.0,0.0,0.0,0.0,0.0,0.0,0.0,0.0,0.0,0.0,0.0,0.0,0.0,0.0,0.0,0.0,0.0
2019-01-12T05:30:00-07:00,0.18113938118579448,0.0,0.24917113895986742,0.0,0.0,0.05,0.0,0.0,0.0,0.0,0.0535584308936803,0.0,0.012456996984649119,0.07760258934921763,0.010191780821917807,0.2423342465753424,0.0,-0.26500466343901274,0.0,8.677441945111553,0.0,0.0,0.0,0.0,0.0,0.0,0.0,0.0,0.0,0.0,0.0,0.0,0.0,0.0,0.0,0.0,0.0,0.0,0.0,0.0,0.0
2019-01-12T05:45:00-07:00,0.5161365055452788,0.0,0.24917113895986742,0.0,0.0,0.05,0.0,0.0,0.0,0.0,0.0535584308936803,1.0,0.012456996984649119,0.07760258934921763,0.010191780821917807,0.2423342465753424,0.0,-0.9300075390795285,0.0,8.611433168061033,0.0,0.0,0.0,0.0,0.0,0.0,0.0,0.0,0.0,0.0,0.0,0.0,0.0,0.0,0.0,0.0,0.0,0.0,0.0,0.0,0.0
2019-01-12T06:00:00-07:00,5.714451842031274,0.0,0.2639189755206252,0.0,0.0,0.05,0.0,0.0,0.0,0.0,0.05653389927666255,0.0,0.014054047880116953,0.1293376489153627,0.016986301369863014,0.25579726027397254,0.0,-0.30832208637470326,0.0,8.554592956524372,0.0,0.0,0.0,0.0,0.0,0.0,0.0,0.0,0.0,0.0,0.0,0.0,0.0,0.0,0.0,0.0,0.0,0.0,0.0,0.0,0.0
2019-01-12T06:15:00-07:00,0.21890348559060857,0.0,0.2639189755206252,0.0,0.0,0.05,0.0,0.0,0.0,0.0,0.05653389927666255,0.0,0.014054047880116953,0.1293376489153627,0.016986301369863014,0.25579726027397254,0.0,-0.30380567212536924,0.0,8.496961042895299,0.0,0.0,0.0,0.0,0.0,0.0,0.0,0.0,0.0,0.0,0.0,0.0,0.0,0.0,0.0,0.0,0.0,0.0,0.0,0.0,0.0
2019-01-12T06:30:00-07:00,0.22329724726327232,0.0,0.2639189755206252,0.0,0.0,0.05,0.0,0.0,0.0,0.0,0.05653389927666255,0.0,0.014054047880116953,0.1293376489153627,0.016986301369863014,0.25579726027397254,0.0,-0.2994119104527055,0.0,8.439622327209406,0.0,0.0,0.0,0.0,0.0,0.0,0.0,0.0,0.0,0.0,0.0,0.0,0.0,0.0,0.0,0.0,0.0,0.0,0.0,0.0,0.0
2019-01-12T06:45:00-07:00,0.22751424984561275,0.0,0.2639189755206252,0.0,0.0,0.05,0.0,0.0,0.0,0.0,0.05653389927666255,0.0,0.014054047880116953,0.1293376489153627,0.016986301369863014,0.25579726027397254,0.0,-0.29519490787036506,0.0,8.38401150270068,0.0,0.0,0.0,0.0,0.0,0.0,0.0,0.0,0.0,0.0,0.0,0.0,0.0,0.0,0.0,0.0,0.0,0.0,0.0,0.0,0.0
2019-01-12T07:00:00-07:00,0.2558034957276814,0.0,0.28149673612808646,0.0,0.0,0.05,0.0,0.0,0.0,0.0,0.05950936765964479,0.0,0.013095817342836253,0.1638276886261261,0.02547945205479452,0.2759917808219177,0.0,-0.33210061077763803,0.0,8.340299973874144,0.0,0.0,0.0,0.0,0.0,0.0,0.0,0.0,0.0,0.0,0.0,0.0,0.0,0.0,0.0,0.0,0.0,0.0,0.0,0.0,0.0
2019-01-12T07:15:00-07:00,0.2596703436796536,0.0,0.28149673612808646,0.0,0.0,0.05,0.0,0.0,0.0,0.0,0.05950936765964479,0.0,0.013095817342836253,0.1638276886261261,0.02547945205479452,0.2759917808219177,0.0,-0.32823376282566585,0.0,8.299590698911297,0.0,0.0,0.0,0.0,0.0,0.0,0.0,0.0,0.0,0.0,0.0,0.0,0.0,0.0,0.0,0.0,0.0,0.0,0.0,0.0,0.0
2019-01-12T07:30:00-07:00,0.2544837796939462,0.0,0.28149673612808646,0.0,0.0,0.05,0.0,0.0,0.0,0.0,0.05950936765964479,0.0,0.013095817342836253,0.1638276886261261,0.02547945205479452,0.2759917808219177,0.021634213422021265,-0.31178611338935197,0.0,8.265147897609914,0.0,0.0,0.0,0.0,0.0,0.0,0.0,0.0,0.0,0.0,0.0,0.0,0.0,0.0,0.0,0.0,0.0,0.0,0.0,0.0,0.0
2019-01-12T07:45:00-07:00,0.257218269422537,0.0,0.28149673612808646,0.0,0.0,0.05,0.0,0.0,0.0,0.0,0.05950936765964479,0.0,0.013095817342836253,0.1638276886261261,0.02547945205479452,0.2759917808219177,0.020673405499933337,-0.3100124315828491,0.0,8.235602227467226,0.0,0.0,0.0,0.0,0.0,0.0,0.0,0.0,0.0,0.0,0.0,0.0,0.0,0.0,0.0,0.0,0.0,0.0,0.0,0.0,0.0
2019-01-12T08:00:00-07:00,0.2692305038148895,0.0,0.28487802716979577,0.0,0.0,0.05,0.0,0.0,0.0,0.0,0.06099710185113591,0.0,0.009901715551900581,0.1767614535176624,0.03397260273972603,0.28272328767123284,0.020586995731375048,-0.32453866178539326,0.0,8.216314697326066,0.0,0.0,0.0,0.0,0.0,0.0,0.0,0.0,0.0,0.0,0.0,0.0,0.0,0.0,0.0,0.0,0.0,0.0,0.0,0.0,0.0
2019-01-12T08:15:00-07:00,0.26988125876342717,0.0,0.28487802716979577,0.0,0.0,0.05,0.0,0.0,0.0,0.0,0.06099710185113591,0.0,0.009901715551900581,0.1767614535176624,0.03397260273972603,0.28272328767123284,0.020502060027289926,-0.3239728425409407,0.0,8.202320770121327,0.0,0.0,0.0,0.0,0.0,0.0,0.0,0.0,0.0,0.0,0.0,0.0,0.0,0.0,0.0,0.0,0.0,0.0,0.0,0.0,0.0
2019-01-12T08:30:00-07:00,0.2007760339701159,0.0,0.28487802716979577,0.0,0.0,0.05,0.0,0.0,0.0,0.0,0.06099710185113591,0.0,0.009901715551900581,0.1767614535176624,0.03397260273972603,0.28272328767123284,0.19453930438665676,-0.2190408229748852,0.0,8.20448908685149,0.0,0.0,0.0,0.0,0.0,0.0,0.0,0.0,0.0,0.0,0.0,0.0,0.0,0.0,0.0,0.0,0.0,0.0,0.0,0.0,0.0
2019-01-12T08:45:00-07:00,0.20027624607402894,0.0,0.28487802716979577,0.0,0.0,0.05,0.0,0.0,0.0,0.0,0.06099710185113591,0.0,0.009901715551900581,0.1767614535176624,0.03397260273972603,0.28272328767123284,0.19385237022197183,-0.22022754503565706,0.0,8.207750307598033,0.0,0.0,0.0,0.0,0.0,0.0,0.0,0.0,0.0,0.0,0.0,0.0,0.0,0.0,0.0,0.0,0.0,0.0,0.0,0.0,0.0
2019-01-12T09:00:00-07:00,0.2018662244797696,0.0,0.2829615660952344,0.0,0.0,0.05,0.0,0.0,0.0,0.0,0.06099710185113591,0.0,0.007985254477339178,0.1767614535176624,0.04246575342465753,0.28272328767123284,0.19328761072749215,-0.22577901573476614,0.0,8.21353059094152,0.0,0.0,0.0,0.0,0.0,0.0,0.0,0.0,0.0,0.0,0.0,0.0,0.0,0.0,0.0,0.0,0.0,0.0,0.0,0.0,0.0
2019-01-12T09:15:00-07:00,0.2005120579177041,0.0,0.2829615660952344,0.0,0.0,0.05,0.0,0.0,0.0,0.0,0.06099710185113591,0.0,0.007985254477339178,0.1767614535176624,0.04246575342465753,0.28272328767123284,0.19274579148664708,-0.22767500153767672,0.0,8.220823335369968,0.0,0.0,0.0,0.0,0.0,0.0,0.0,0.0,0.0,0.0,0.0,0.0,0.0,0.0,0.0,0.0,0.0,0.0,0.0,0.0,0.0
2019-01-12T09:30:00-07:00,0.1237164245779262,0.0,0.2829615660952344,0.0,0.0,0.05,0.0,0.0,0.0,0.0,0.06099710185113591,0.0,0.007985254477339178,0.1767614535176624,0.04246575342465753,0.28272328767123284,0.38982194057720143,-0.10739448578690028,0.0,8.24459635203791,0.0,0.0,0.0,0.0,0.0,0.0,0.0,0.0,0.0,0.0,0.0,0.0,0.0,0.0,0.0,0.0,0.0,0.0,0.0,0.0,0.0
2019-01-12T09:45:00-07:00,0.2005648500641763,0.0,0.2829615660952344,0.0,0.0,0.05,0.0,0.0,0.0,0.0,0.06099710185113591,0.0,0.007985254477339178,0.1767614535176624,0.04246575342465753,0.28272328767123284,0.3855623651563675,-0.03480563572148412,0.0,8.27004879569565,0.0,0.0,0.0,0.0,0.0,0.0,0.0,0.0,0.0,0.0,0.0,0.0,0.0,0.0,0.0,0.0,0.0,0.0,0.0,0.0,0.0
2019-01-12T10:00:00-07:00,0.2385893709080541,0.0,0.2814519685629479,0.0,0.0,0.05,0.0,0.0,0.0,0.0,0.05950936765964479,0.0,0.007665844298245611,0.16813894358997156,0.04756164383561644,0.28272328767123284,0.38200971614665713,0.005,0.0,8.298411045393728,0.0,0.0,0.0,0.0,0.0,0.0,0.0,0.0,0.0,0.0,0.0,0.0,0.0,0.0,0.0,0.0,0.0,0.0,0.0,0.0,0.0
2019-01-12T10:15:00-07:00,0.24119451513866147,0.0,0.2814519685629479,0.0,0.0,0.05,0.0,0.0,0.0,0.0,0.05950936765964479,0.0,0.007665844298245611,0.16813894358997156,0.04756164383561644,0.28272328767123284,0.37940457191604976,0.005,0.0,8.330109804486709,0.0,0.0,0.0,0.0,0.0,0.0,0.0,0.0,0.0,0.0,0.0,0.0,0.0,0.0,0.0,0.0,0.0,0.0,0.0,0.0,0.0
2019-01-12T10:30:00-07:00,0.09285665586476555,0.0,0.2814519685629479,0.0,0.0,0.05,0.0,0.0,0.0,0.0,0.05950936765964479,0.0,0.007665844298245611,0.16813894358997156,0.04756164383561644,0.28272328767123284,0.5277424311899457,0.005,0.0,8.375266572730363,0.0,0.0,0.0,0.0,0.0,0.0,0.0,0.0,0.0,0.0,0.0,0.0,0.0,0.0,0.0,0.0,0.0,0.0,0.0,0.0,0.0
2019-01-12T10:45:00-07:00,0.09600020778946561,0.0,0.2814519685629479,0.0,0.0,0.05,0.0,0.0,0.0,0.0,0.05950936765964479,0.0,0.007665844298245611,0.16813894358997156,0.04756164383561644,0.28272328767123284,0.5245988792652456,0.005,0.0,8.419525218156911,0.0,0.0,0.0,0.0,0.0,0.0,0.0,0.0,0.0,0.0,0.0,0.0,0.0,0.0,0.0,0.0,0.0,0.0,0.0,0.0,0.0
2019-01-12T11:00:00-07:00,0.09488593264120371,0.0,0.2814519685629479,0.0,0.0,0.05,0.0,0.0,0.0,0.0,0.05950936765964479,0.0,0.007665844298245611,0.15951643366228066,0.05265753424657534,0.28272328767123284,0.5221865348967756,0.005,0.0,8.463046379985473,0.0,0.0,0.0,0.0,0.0,0.0,0.0,0.0,0.0,0.0,0.0,0.0,0.0,0.0,0.0,0.0,0.0,0.0,0.0,0.0,0.0
2019-01-12T11:15:00-07:00,0.09655418582292807,0.0,0.2814519685629479,0.0,0.0,0.05,0.0,0.0,0.0,0.0,0.05950936765964479,0.0,0.007665844298245611,0.15951643366228066,0.05265753424657534,0.28272328767123284,0.5205182817150512,0.005,0.0,8.505745830343278,0.0,0.0,0.0,0.0,0.0,0.0,0.0,0.0,0.0,0.0,0.0,0.0,0.0,0.0,0.0,0.0,0.0,0.0,0.0,0.0,0.0
2019-01-12T11:30:00-07:00,0.12080058626226209,0.0,0.2814519685629479,0.0,0.0,0.05,0.0,0.0,0.0,0.0,0.05950936765964479,0.0,0.007665844298245611,0.15951643366228066,0.05265753424657534,0.28272328767123284,0.4962718812757172,0.005,0.0,8.545913153395366,0.0,0.0,0.0,0.0,0.0,0.0,0.0,0.0,0.0,0.0,0.0,0.0,0.0,0.0,0.0,0.0,0.0,0.0,0.0,0.0,0.0
2019-01-12T11:45:00-07:00,0.12110569550934003,0.0,0.2814519685629479,0.0,0.0,0.05,0.0,0.0,0.0,0.0,0.05950936765964479,0.0,0.007665844298245611,0.15951643366228066,0.05265753424657534,0.28272328767123284,0.49596677202863926,0.005,0.0,8.584307878723328,0.0,0.0,0.0,0.0,0.0,0.0,0.0,0.0,0.0,0.0,0.0,0.0,0.0,0.0,0.0,0.0,0.0,0.0,0.0,0.0,0.0
2019-01-12T12:00:00-07:00,0.12362758235244548,0.0,0.28415175344842725,0.0,0.0,0.05,0.0,0.0,0.0,0.0,0.06248483604262702,0.0,0.007985254477339178,0.15520517869843525,0.05605479452054794,0.28272328767123284,0.49582576905773673,0.005,0.0,8.621839505464994,0.0,0.0,0.0,0.0,0.0,0.0,0.0,0.0,0.0,0.0,0.0,0.0,0.0,0.0,0.0,0.0,0.0,0.0,0.0,0.0,0.0
2019-01-12T12:15:00-07:00,0.12361647848003426,0.0,0.28415175344842725,0.0,0.0,0.05,0.0,0.0,0.0,0.0,0.06248483604262702,0.0,0.007985254477339178,0.15520517869843525,0.05605479452054794,0.28272328767123284,0.49583687293014794,0.005,0.0,8.658069630906626,0.0,0.0,0.0,0.0,0.0,0.0,0.0,0.0,0.0,0.0,0.0,0.0,0.0,0.0,0.0,0.0,0.0,0.0,0.0,0.0,0.0
2019-01-12T12:30:00-07:00,0.05498816844432164,0.0,0.28415175344842725,0.0,0.0,0.05,0.0,0.0,0.0,0.0,0.06248483604262702,0.0,0.007985254477339178,0.15520517869843525,0.05605479452054794,0.28272328767123284,0.6176759258420432,0.05821074287618265,0.0,8.70065335931204,0.0,0.0,0.0,0.0,0.0,0.0,0.0,0.0,0.0,0.0,0.0,0.0,0.0,0.0,0.0,0.0,0.0,0.0,0.0,0.0,0.0
2019-01-12T12:45:00-07:00,0.05498810607863436,0.0,0.28415175344842725,0.0,0.0,0.05,0.0,0.0,0.0,0.0,0.06248483604262702,0.0,0.007985254477339178,0.15520517869843525,0.05605479452054794,0.28272328767123284,0.6178293018039287,0.05836405647238084,0.0,8.74221359225788,0.0,0.0,0.0,0.0,0.0,0.0,0.0,0.0,0.0,0.0,0.0,0.0,0.0,0.0,0.0,0.0,0.0,0.0,0.0,0.0,0.0
2019-01-12T13:00:00-07:00,0.054990311711041295,0.0,0.28510998398570797,0.0,0.0,0.05,0.0,0.0,0.0,0.0,0.06248483604262702,0.0,0.008943485014619881,0.15089392373458985,0.06454794520547945,0.28272328767123284,0.6177777067477992,0.05317454079029134,0.0,8.784978549762597,0.0,0.0,0.0,0.0,0.0,0.0,0.0,0.0,0.0,0.0,0.0,0.0,0.0,0.0,0.0,0.0,0.0,0.0,0.0,0.0,0.0
2019-01-12T13:15:00-07:00,0.0549901649918374,0.0,0.28510998398570797,0.0,0.0,0.05,0.0,0.0,0.0,0.0,0.06248483604262702,0.0,0.008943485014619881,0.15089392373458985,0.06454794520547945,0.28272328767123284,0.6181520843697647,0.05354877169305293,0.0,8.828287756137883,0.0,0.0,0.0,0.0,0.0,0.0,0.0,0.0,0.0,0.0,0.0,0.0,0.0,0.0,0.0,0.0,0.0,0.0,0.0,0.0,0.0
2019-01-12T13:30:00-07:00,0.08129198567549323,0.0,0.28510998398570797,0.0,0.0,0.05,0.0,0.0,0.0,0.0,0.06248483604262702,0.0,0.008943485014619881,0.15089392373458985,0.06454794520547945,0.28272328767123284,0.45132644682746664,-0.08697504516558921,0.0,8.859644826093923,0.0,0.0,0.0,0.0,0.0,0.0,0.0,0.0,0.0,0.0,0.0,0.0,0.0,0.0,0.0,0.0,0.0,0.0,0.0,0.0,0.0
2019-01-12T13:45:00-07:00,0.07991460837834985,0.0,0.28510998398570797,0.0,0.0,0.05,0.0,0.0,0.0,0.0,0.06248483604262702,0.0,0.008943485014619881,0.15089392373458985,0.06454794520547945,0.28272328767123284,0.45264291930681605,-0.08703594998338318,0.0,8.890660074780588,0.0,0.0,0.0,0.0,0.0,0.0,0.0,0.0,0.0,0.0,0.0,0.0,0.0,0.0,0.0,0.0,0.0,0.0,0.0,0.0,0.0
2019-01-12T14:00:00-07:00,0.1702440274372326,0.0,0.2857488043438951,0.0,0.0,0.05,0.0,0.0,0.0,0.0,0.06248483604262702,0.0,0.009582305372807014,0.15951643366228066,0.07134246575342466,0.28272328767123284,0.4546374628614814,-0.010767838203658366,0.0,8.922170041478225,0.0,0.0,0.0,0.0,0.0,0.0,0.0,0.0,0.0,0.0,0.0,0.0,0.0,0.0,0.0,0.0,0.0,0.0,0.0,0.0,0.0
2019-01-12T14:15:00-07:00,0.1833653028032381,0.0,0.2857488043438951,0.0,0.0,0.05,0.0,0.0,0.0,0.0,0.06248483604262702,0.0,0.009582305372807014,0.15951643366228066,0.07134246575342466,0.28272328767123284,0.45728402569913423,0.005,0.0,8.951860054497478,0.0,0.0,0.0,0.0,0.0,0.0,0.0,0.0,0.0,0.0,0.0,0.0,0.0,0.0,0.0,0.0,0.0,0.0,0.0,0.0,0.0
2019-01-12T14:30:00-07:00,0.2246535460340673,0.0,0.2857488043438951,0.0,0.0,0.05,0.0,0.0,0.0,0.0,0.06248483604262702,0.0,0.009582305372807014,0.15951643366228066,0.07134246575342466,0.28272328767123284,0.41599578246830504,0.005,0.0,8.977816429132654,0.0,0.0,0.0,0.0,0.0,0.0,0.0,0.0,0.0,0.0,0.0,0.0,0.0,0.0,0.0,0.0,0.0,0.0,0.0,0.0,0.0
2019-01-12T14:45:00-07:00,0.22104625991829746,0.0,0.2857488043438951,0.0,0.0,0.05,0.0,0.0,0.0,0.0,0.06248483604262702,0.0,0.009582305372807014,0.15951643366228066,0.07134246575342466,0.28272328767123284,0.41960306858407487,0.005,0.0,9.004020879346568,0.0,0.0,0.0,0.0,0.0,0.0,0.0,0.0,0.0,0.0,0.0,0.0,0.0,0.0,0.0,0.0,0.0,0.0,0.0,0.0,0.0
2019-01-12T15:00:00-07:00,0.2531810574636718,0.0,0.2969260788450741,0.0,0.0,0.05,0.0,0.0,0.0,0.0,0.06099710185113591,0.0,0.01117935626827485,0.1767614535176624,0.07813698630136985,0.2961863013698629,0.42508014184463416,0.005,0.0,9.034790805561048,0.0,0.0,0.0,0.0,0.0,0.0,0.0,0.0,0.0,0.0,0.0,0.0,0.0,0.0,0.0,0.0,0.0,0.0,0.0,0.0,0.0
2019-01-12T15:15:00-07:00,0.24452503678562504,0.0,0.2969260788450741,0.0,0.0,0.05,0.0,0.0,0.0,0.0,0.06099710185113591,0.0,0.01117935626827485,0.1767614535176624,0.07813698630136985,0.2961863013698629,0.43373616252268093,0.005,0.0,9.065165571872996,0.0,0.0,0.0,0.0,0.0,0.0,0.0,0.0,0.0,0.0,0.0,0.0,0.0,0.0,0.0,0.0,0.0,0.0,0.0,0.0,0.0
2019-01-12T15:30:00-07:00,0.44662939441861693,0.0,0.2969260788450741,0.0,0.0,0.05,0.0,0.0,0.0,0.0,0.06099710185113591,0.0,0.01117935626827485,0.1767614535176624,0.07813698630136985,0.2961863013698629,0.23163180488968907,0.005,0.0,9.079394176618809,0.0,0.0,0.0,0.0,0.0,0.0,0.0,0.0,0.0,0.0,0.0,0.0,0.0,0.0,0.0,0.0,0.0,0.0,0.0,0.0,0.0
2019-01-12T15:45:00-07:00,1.4410537860302957,0.0,0.2969260788450741,0.0,0.0,0.05,0.0,1.0,0.0,0.0,0.06099710185113591,0.0,0.01117935626827485,0.1767614535176624,0.07813698630136985,0.2961863013698629,0.23720741327801034,0.005,0.0,9.09275753897839,0.0,0.0,0.0,0.0,0.0,0.0,0.0,0.0,0.0,0.0,0.0,0.0,0.0,0.0,0.0,0.0,0.0,0.0,0.0,0.0,0.0
2019-01-12T16:00:00-07:00,7.006494059031408,0.0,0.3195269489548511,0.0,0.0,0.05,0.0,0.0,1.0,0.0,0.06546030442560927,0.0,0.014054047880116953,0.2155627481922712,0.09172602739726027,0.31638082191780814,0.25175466147165665,0.005,0.0,9.110993423861725,0.0,0.0,0.0,0.0,0.0,0.0,0.0,0.0,0.0,0.0,0.0,0.0,0.0,0.0,0.0,0.0,0.0,0.0,0.0,0.0,0.0
2019-01-12T16:15:00-07:00,0.4685114358903862,0.0,0.3195269489548511,0.0,0.0,0.05,0.0,0.0,0.0,0.0,0.06546030442560927,0.0,0.014054047880116953,0.2155627481922712,0.09172602739726027,0.31638082191780814,0.28967251392267973,0.005,0.0,9.127098937592356,0.0,0.0,0.0,0.0,0.0,0.0,0.0,0.0,0.0,0.0,0.0,0.0,0.0,0.0,0.0,0.0,0.0,0.0,0.0,0.0,0.0
2019-01-12T16:30:00-07:00,0.6980604387920151,0.0,0.3195269489548511,0.0,0.0,0.05,0.0,0.0,0.0,0.0,0.06546030442560927,0.0,0.014054047880116953,0.2155627481922712,0.09172602739726027,0.31638082191780814,0.060123511021050825,0.005,0.0,9.112102172325882,0.0,0.0,0.0,0.0,0.0,0.0,0.0,0.0,0.0,0.0,0.0,0.0,0.0,0.0,0.0,0.0,0.0,0.0,0.0,0.0,0.0
2019-01-12T16:45:00-07:00,1.6954565921601061,0.0,0.3195269489548511,0.0,0.0,0.05,0.0,0.0,1.0,0.0,0.06546030442560927,0.0,0.014054047880116953,0.2155627481922712,0.09172602739726027,0.31638082191780814,0.06272735765295961,0.005,0.0,9.096032591744152,0.0,0.0,0.0,0.0,0.0,0.0,0.0,0.0,0.0,0.0,0.0,0.0,0.0,0.0,0.0,0.0,0.0,0.0,0.0,0.0,0.0
2019-01-12T17:00:00-07:00,1.8035028823603665,0.0,0.3442762369551017,0.0,0.0,0.05,0.0,0.0,0.0,0.0,0.07141124119157374,1.0,0.017886970029239762,0.2802315726499526,0.10531506849315068,0.3365753424657534,0.06291731246930365,0.005,0.0,9.089782446906183,0.0,0.0,0.0,0.0,0.0,0.0,0.0,0.0,0.0,0.0,0.0,0.0,0.0,0.0,0.0,0.0,0.0,0.0,0.0,0.0,0.0
2019-01-12T17:15:00-07:00,1.8033640289499628,0.0,0.3442762369551017,0.0,0.0,0.05,0.0,0.0,0.0,0.0,0.07141124119157374,1.0,0.017886970029239762,0.2802315726499526,0.10531506849315068,0.3365753424657534,0.06305616587970732,0.005,0.0,9.079212909989751,0.0,0.0,0.0,0.0,0.0,0.0,0.0,0.0,0.0,0.0,0.0,0.0,0.0,0.0,0.0,0.0,0.0,0.0,0.0,0.0,0.0
2019-01-12T17:30:00-07:00,1.8664201948296701,0.0,0.3442762369551017,0.0,0.0,0.05,0.0,0.0,0.0,0.0,0.07141124119157374,1.0,0.017886970029239762,0.2802315726499526,0.10531506849315068,0.3365753424657534,0.0,0.005,0.0,9.064096973065766,0.0,0.0,0.0,0.0,0.0,0.0,0.0,0.0,0.0,0.0,0.0,0.0,0.0,0.0,0.0,0.0,0.0,0.0,0.0,0.0,0.0
2019-01-12T17:45:00-07:00,1.8664201948296701,0.0,0.3442762369551017,0.0,0.0,0.05,0.0,0.0,0.0,0.0,0.07141124119157374,1.0,0.017886970029239762,0.2802315726499526,0.10531506849315068,0.3365753424657534,0.0,0.005,0.0,9.049760909544117,0.0,0.0,0.0,0.0,0.0,0.0,0.0,0.0,0.0,0.0,0.0,0.0,0.0,0.0,0.0,0.0,0.0,0.0,0.0,0.0,0.0
2019-01-12T18:00:00-07:00,5.7782045318171225,0.0,0.35459709857368804,0.0,0.0,0.05,0.0,0.0,0.0,0.0,0.07438670957455598,0.0,0.020442251461988296,0.3707679268907064,0.1358904109589041,0.3433068493150684,0.0,0.005,4.778410383615899,9.050483083688768,0.0,0.0,0.0,0.0,0.0,0.0,0.0,0.0,0.0,0.0,0.0,0.0,0.0,0.0,0.0,0.0,0.0,0.0,0.0,0.0,0.0
2019-01-12T18:15:00-07:00,12.499794148201223,0.0,0.35459709857368804,0.0,0.0,0.05,0.0,0.0,0.0,0.0,0.07438670957455598,0.0,0.020442251461988296,0.3707679268907064,0.1358904109589041,0.3433068493150684,0.0,0.005,11.5,9.04786449604292,0.0,0.0,0.0,0.0,0.0,0.0,0.0,0.0,0.0,0.0,0.0,0.0,0.0,0.0,0.0,0.0,0.0,0.0,0.0,0.0,0.0
2019-01-12T18:30:00-07:00,12.499794148201223,0.0,0.35459709857368804,0.0,0.0,0.05,0.0,0.0,0.0,0.0,0.07438670957455598,0.0,0.020442251461988296,0.3707679268907064,0.1358904109589041,0.3433068493150684,0.0,0.005,11.5,9.04346127980048,0.0,0.0,0.0,0.0,0.0,0.0,0.0,0.0,0.0,0.0,0.0,0.0,0.0,0.0,0.0,0.0,0.0,0.0,0.0,0.0,0.0
2019-01-12T18:45:00-07:00,17.999858918891224,0.0,0.35459709857368804,0.0,0.0,0.05,0.0,0.0,0.0,0.0,0.07438670957455598,0.0,0.020442251461988296,0.3707679268907064,0.1358904109589041,0.3433068493150684,0.0,0.005,11.5,9.037653957612344,0.0,0.0,0.0,0.0,0.0,0.0,0.0,0.0,0.0,0.0,0.0,0.0,0.0,0.0,0.0,0.0,0.0,0.0,0.0,0.0,0.0
2019-01-12T19:00:00-07:00,12.628548817071799,0.0,0.3481091591042245,0.0,0.0,0.05,0.0,0.0,0.0,0.0,0.07141124119157374,0.0,0.02171989217836257,0.456993026167615,0.18684931506849314,0.3365753424657534,0.0,0.005,11.5,9.045286710131942,0.0,0.0,0.0,0.0,0.0,0.0,0.0,0.0,0.0,0.0,0.0,0.0,0.0,0.0,0.0,0.0,0.0,0.0,0.0,0.0,0.0
2019-01-12T19:15:00-07:00,12.628548817071799,0.0,0.3481091591042245,0.0,0.0,0.05,0.0,0.0,0.0,0.0,0.07141124119157374,0.0,0.02171989217836257,0.456993026167615,0.18684931506849314,0.3365753424657534,0.0,0.005,11.5,9.04878768495826,0.0,0.0,0.0,0.0,0.0,0.0,0.0,0.0,0.0,0.0,0.0,0.0,0.0,0.0,0.0,0.0,0.0,0.0,0.0,0.0,0.0
2019-01-12T19:30:00-07:00,12.628548817071799,0.0,0.3481091591042245,0.0,0.0,0.05,0.0,0.0,0.0,0.0,0.07141124119157374,0.0,0.02171989217836257,0.456993026167615,0.18684931506849314,0.3365753424657534,0.0,0.005,11.5,9.050816969377504,0.0,0.0,0.0,0.0,0.0,0.0,0.0,0.0,0.0,0.0,0.0,0.0,0.0,0.0,0.0,0.0,0.0,0.0,0.0,0.0,0.0
2019-01-12T19:45:00-07:00,12.628548817071799,0.0,0.3481091591042245,0.0,0.0,0.05,0.0,0.0,0.0,0.0,0.07141124119157374,0.0,0.02171989217836257,0.456993026167615,0.18684931506849314,0.3365753424657534,0.0,0.005,11.5,9.04789084726493,0.0,0.0,0.0,0.0,0.0,0.0,0.0,0.0,0.0,0.0,0.0,0.0,0.0,0.0,0.0,0.0,0.0,0.0,0.0,0.0,0.0
2019-01-12T20:00:00-07:00,13.668851772408944,0.0,0.3367873811503146,0.0,0.0,0.05,0.0,0.0,0.0,0.0,0.06992350700008262,1.0,0.0223587125365497,0.47423804602299663,0.22421917808219177,0.3231123287671232,0.0,0.005,11.5,9.041047730545658,0.0,0.0,0.0,0.0,0.0,0.0,0.0,0.0,0.0,0.0,0.0,0.0,0.0,0.0,0.0,0.0,0.0,0.0,0.0,0.0,0.0
2019-01-12T20:15:00-07:00,12.668851772408944,0.0,0.3367873811503146,0.0,0.0,0.05,0.0,0.0,0.0,0.0,0.06992350700008262,0.0,0.0223587125365497,0.47423804602299663,0.22421917808219177,0.3231123287671232,0.0,0.005,11.5,9.025041806655308,0.0,0.0,0.0,0.0,0.0,0.0,0.0,0.0,0.0,0.0,0.0,0.0,0.0,0.0,0.0,0.0,0.0,0.0,0.0,0.0,0.0
2019-01-12T20:30:00-07:00,18.168916543098945,0.0,0.3367873811503146,0.0,0.0,0.05,0.0,0.0,0.0,0.0,0.06992350700008262,0.0,0.0223587125365497,0.47423804602299663,0.22421917808219177,0.3231123287671232,0.0,0.005,11.5,9.005791275453888,0.0,0.0,0.0,0.0,0.0,0.0,0.0,0.0,0.0,0.0,0.0,0.0,0.0,0.0,0.0,0.0,0.0,0.0,0.0,0.0,0.0
2019-01-12T20:45:00-07:00,12.668851772408944,0.0,0.3367873811503146,0.0,0.0,0.05,0.0,0.0,0.0,0.0,0.06992350700008262,0.0,0.0223587125365497,0.47423804602299663,0.22421917808219177,0.3231123287671232,0.0,0.005,11.5,8.984008045136752,0.0,0.0,0.0,0.0,0.0,0.0,0.0,0.0,0.0,0.0,0.0,0.0,0.0,0.0,0.0,0.0,0.0,0.0,0.0,0.0,0.0
2019-01-12T21:00:00-07:00,12.493301645086612,0.0,0.3124593209838456,0.0,0.0,0.05,0.0,0.0,0.0,0.0,0.06843577280859149,0.0,0.020761661641081865,0.3405891421437885,0.21232876712328766,0.2961863013698629,0.0,0.005,11.5,8.941066158758812,0.0,0.0,0.0,0.0,0.0,0.0,0.0,0.0,0.0,0.0,0.0,0.0,0.0,0.0,0.0,0.0,0.0,0.0,0.0,0.0,0.0
2019-01-12T21:15:00-07:00,12.493301645086612,0.0,0.3124593209838456,0.0,0.0,0.05,0.0,0.0,0.0,0.0,0.06843577280859149,0.0,0.020761661641081865,0.3405891421437885,0.21232876712328766,0.2961863013698629,0.0,0.005,11.5,8.901681641437118,0.0,0.0,0.0,0.0,0.0,0.0,0.0,0.0,0.0,0.0,0.0,0.0,0.0,0.0,0.0,0.0,0.0,0.0,0.0,0.0,0.0
2019-01-12T21:30:00-07:00,12.493301645086612,0.0,0.3124593209838456,0.0,0.0,0.05,0.0,0.0,0.0,0.0,0.06843577280859149,0.0,0.020761661641081865,0.3405891421437885,0.21232876712328766,0.2961863013698629,0.0,0.005,11.5,8.86447039100162,0.0,0.0,0.0,0.0,0.0,0.0,0.0,0.0,0.0,0.0,0.0,0.0,0.0,0.0,0.0,0.0,0.0,0.0,0.0,0.0,0.0
2019-01-12T21:45:00-07:00,12.493301645086612,0.0,0.3124593209838456,0.0,0.0,0.05,0.0,0.0,0.0,0.0,0.06843577280859149,0.0,0.020761661641081865,0.3405891421437885,0.21232876712328766,0.2961863013698629,0.0,0.005,11.5,8.830105774514774,0.0,0.0,0.0,0.0,0.0,0.0,0.0,0.0,0.0,0.0,0.0,0.0,0.0,0.0,0.0,0.0,0.0,0.0,0.0,0.0,0.0
2019-01-12T22:00:00-07:00,12.210852267529214,0.0,0.28566343274780953,0.0,0.0,0.05,0.0,0.0,0.0,0.0,0.06546030442560927,0.0,0.017886970029239762,0.17245019855381696,0.1307945205479452,0.26926027397260266,0.0,0.005,11.5,8.767786762265363,0.0,0.0,0.0,0.0,0.0,0.0,0.0,0.0,0.0,0.0,0.0,0.0,0.0,0.0,0.0,0.0,0.0,0.0,0.0,0.0,0.0
2019-01-12T22:15:00-07:00,12.210852267529214,0.0,0.28566343274780953,0.0,0.0,0.05,0.0,0.0,0.0,0.0,0.06546030442560927,0.0,0.017886970029239762,0.17245019855381696,0.1307945205479452,0.26926027397260266,0.0,0.005,11.5,8.714734395061877,0.0,0.0,0.0,0.0,0.0,0.0,0.0,0.0,0.0,0.0,0.0,0.0,0.0,0.0,0.0,0.0,0.0,0.0,0.0,0.0,0.0
2019-01-12T22:30:00-07:00,17.710917038219215,0.0,0.28566343274780953,0.0,0.0,0.05,0.0,0.0,0.0,0.0,0.06546030442560927,0.0,0.017886970029239762,0.17245019855381696,0.1307945205479452,0.26926027397260266,0.0,0.005,11.5,8.664042504417216,0.0,0.0,0.0,0.0,0.0,0.0,0.0,0.0,0.0,0.0,0.0,0.0,0.0,0.0,0.0,0.0,0.0,0.0,0.0,0.0,0.0
2019-01-12T22:45:00-07:00,12.210852267529214,0.0,0.28566343274780953,0.0,0.0,0.05,0.0,0.0,0.0,0.0,0.06546030442560927,0.0,0.017886970029239762,0.17245019855381696,0.1307945205479452,0.26926027397260266,0.0,0.005,11.5,8.617827168372449,0.0,0.0,0.0,0.0,0.0,0.0,0.0,0.0,0.0,0.0,0.0,0.0,0.0,0.0,0.0,0.0,0.0,0.0,0.0,0.0,0.0
2019-01-12T23:00:00-07:00,12.015431147699944,0.0,0.2630625626380325,0.0,0.0,0.05,0.0,0.0,0.0,0.0,0.06099710185113591,0.0,0.015012278417397657,0.07760258934921763,0.05775342465753425,0.24906575342465745,0.0,0.005,11.5,8.552679241068258,0.0,0.0,0.0,0.0,0.0,0.0,0.0,0.0,0.0,0.0,0.0,0.0,0.0,0.0,0.0,0.0,0.0,0.0,0.0,0.0,0.0
2019-01-12T23:15:00-07:00,12.015431147699944,0.0,0.2630625626380325,0.0,0.0,0.05,0.0,0.0,0.0,0.0,0.06099710185113591,0.0,0.015012278417397657,0.07760258934921763,0.05775342465753425,0.24906575342465745,0.0,0.005,11.5,8.494572814173207,0.0,0.0,0.0,0.0,0.0,0.0,0.0,0.0,0.0,0.0,0.0,0.0,0.0,0.0,0.0,0.0,0.0,0.0,0.0,0.0,0.0
2019-01-12T23:30:00-07:00,12.015431147699944,0.0,0.2630625626380325,0.0,0.0,0.05,0.0,0.0,0.0,0.0,0.06099710185113591,0.0,0.015012278417397657,0.07760258934921763,0.05775342465753425,0.24906575342465745,0.0,0.005,11.5,8.44231805889816,0.0,0.0,0.0,0.0,0.0,0.0,0.0,0.0,0.0,0.0,0.0,0.0,0.0,0.0,0.0,0.0,0.0,0.0,0.0,0.0,0.0
2019-01-12T23:45:00-07:00,7.261128796930995,0.0,0.2630625626380325,0.0,0.0,0.05,0.0,0.0,0.0,0.0,0.06099710185113591,0.0,0.015012278417397657,0.07760258934921763,0.05775342465753425,0.24906575342465745,0.0,0.005,6.745697649231053,8.394893459561501,0.0,0.0,0.0,0.0,0.0,0.0,0.0,0.0,0.0,0.0,0.0,0.0,0.0,0.0,0.0,0.0,0.0,0.0,0.0,0.0,0.0
2019-01-13T00:00:00-07:00,0.4451359028826832,0.0,0.2542512985517326,0.0,0.0,0.05,0.0,0.0,0.0,0.0,0.05950936765964479,0.0,0.012776407163742684,0.05173505956614509,0.02378082191780822,0.2423342465753424,0.0,0.005,0.0,8.346682437656597,0.0,0.0,0.0,0.0,0.0,0.0,0.0,0.0,0.0,0.0,0.0,0.0,0.0,0.0,0.0,0.0,0.0,0.0,0.0,0.0,0.0
2019-01-13T00:15:00-07:00,0.4451359028826832,0.0,0.2542512985517326,0.0,0.0,0.05,0.0,0.0,0.0,0.0,0.05950936765964479,0.0,0.012776407163742684,0.05173505956614509,0.02378082191780822,0.2423342465753424,0.0,0.005,0.0,8.307112314529988,0.0,0.0,0.0,0.0,0.0,0.0,0.0,0.0,0.0,0.0,0.0,0.0,0.0,0.0,0.0,0.0,0.0,0.0,0.0,0.0,0.0
2019-01-13T00:30:00-07:00,0.4451359028826832,0.0,0.2542512985517326,0.0,0.0,0.05,0.0,0.0,0.0,0.0,0.05950936765964479,0.0,0.012776407163742684,0.05173505956614509,0.02378082191780822,0.2423342465753424,0.0,0.005,0.0,8.273480127574992,0.0,0.0,0.0,0.0,0.0,0.0,0.0,0.0,0.0,0.0,0.0,0.0,0.0,0.0,0.0,0.0,0.0,0.0,0.0,0.0,0.0
2019-01-13T00:45:00-07:00,0.4451359028826832,0.0,0.2542512985517326,0.0,0.0,0.05,0.0,0.0,0.0,0.0,0.05950936765964479,0.0,0.012776407163742684,0.05173505956614509,0.02378082191780822,0.2423342465753424,0.0,0.005,0.0,8.246390108584269,0.0,0.0,0.0,0.0,0.0,0.0,0.0,0.0,0.0,0.0,0.0,0.0,0.0,0.0,0.0,0.0,0.0,0.0,0.0,0.0,0.0
2019-01-13T01:00:00-07:00,0.4221770172673164,0.0,0.25210288066125897,0.0,0.0,0.05,0.0,0.0,0.0,0.0,0.058021633468153665,0.0,0.011818176626461983,0.04311254963845424,0.01189041095890411,0.2423342465753424,0.0,0.005,0.0,8.22356414726256,0.0,0.0,0.0,0.0,0.0,0.0,0.0,0.0,0.0,0.0,0.0,0.0,0.0,0.0,0.0,0.0,0.0,0.0,0.0,0.0,0.0
2019-01-13T01:15:00-07:00,0.4221770172673164,0.0,0.25210288066125897,0.0,0.0,0.05,0.0,0.0,0.0,0.0,0.058021633468153665,0.0,0.011818176626461983,0.04311254963845424,0.01189041095890411,0.2423342465753424,0.0,0.005,0.0,8.206123514436705,0.0,0.0,0.0,0.0,0.0,0.0,0.0,0.0,0.0,0.0,0.0,0.0,0.0,0.0,0.0,0.0,0.0,0.0,0.0,0.0,0.0
2019-01-13T01:30:00-07:00,0.4221770172673164,0.0,0.25210288066125897,0.0,0.0,0.05,0.0,0.0,0.0,0.0,0.058021633468153665,0.0,0.011818176626461983,0.04311254963845424,0.01189041095890411,0.2423342465753424,0.0,0.005,0.0,8.191418502303648,0.0,0.0,0.0,0.0,0.0,0.0,0.0,0.0,0.0,0.0,0.0,0.0,0.0,0.0,0.0,0.0,0.0,0.0,0.0,0.0,0.0
2019-01-13T01:45:00-07:00,0.4221770172673164,0.0,0.25210288066125897,0.0,0.0,0.05,0.0,0.0,0.0,0.0,0.058021633468153665,0.0,0.011818176626461983,0.04311254963845424,0.01189041095890411,0.2423342465753424,0.0,0.005,0.0,8.17587123823139,0.0,0.0,0.0,0.0,0.0,0.0,0.0,0.0,0.0,0.0,0.0,0.0,0.0,0.0,0.0,0.0,0.0,0.0,0.0,0.0,0.0
2019-01-13T02:00:00-07:00,0.41559339266486633,0.0,0.2509126933080661,0.0,0.0,0.05,0.0,0.0,0.0,0.0,0.05653389927666255,0.0,0.011818176626461983,0.04311254963845424,0.006794520547945205,0.2423342465753424,0.0,0.005,0.0,8.158615999464413,0.0,0.0,0.0,0.0,0.0,0.0,0.0,0.0,0.0,0.0,0.0,0.0,0.0,0.0,0.0,0.0,0.0,0.0,0.0,0.0,0.0
2019-01-13T02:15:00-07:00,0.41559339266486633,0.0,0.2509126933080661,0.0,0.0,0.05,0.0,0.0,0.0,0.0,0.05653389927666255,0.0,0.011818176626461983,0.04311254963845424,0.006794520547945205,0.2423342465753424,0.0,0.005,0.0,8.140834794449349,0.0,0.0,0.0,0.0,0.0,0.0,0.0,0.0,0.0,0.0,0.0,0.0,0.0,0.0,0.0,0.0,0.0,0.0,0.0,0.0,0.0
2019-01-13T02:30:00-07:00,0.41559339266486633,0.0,0.2509126933080661,0.0,0.0,0.05,0.0,0.0,0.0,0.0,0.05653389927666255,0.0,0.011818176626461983,0.04311254963845424,0.006794520547945205,0.2423342465753424,0.0,0.005,0.0,8.121720586293005,0.0,0.0,0.0,0.0,0.0,0.0,0.0,0.0,0.0,0.0,0.0,0.0,0.0,0.0,0.0,0.0,0.0,0.0,0.0,0.0,0.0
2019-01-13T02:45:00-07:00,0.41559339266486633,0.0,0.2509126933080661,0.0,0.0,0.05,0.0,0.0,0.0,0.0,0.05653389927666255,0.0,0.011818176626461983,0.04311254963845424,0.006794520547945205,0.2423342465753424,0.0,0.005,0.0,8.103831088120067,0.0,0.0,0.0,0.0,0.0,0.0,0.0,0.0,0.0,0.0,0.0,0.0,0.0,0.0,0.0,0.0,0.0,0.0,0.0,0.0,0.0
2019-01-13T03:00:00-07:00,0.4117682079782018,0.0,0.24908368559668606,0.0,0.0,0.05,0.0,0.0,0.0,0.0,0.05504616508517143,0.0,0.01117935626827485,0.04311254963845424,0.005095890410958904,0.2423342465753424,0.0,0.005,0.0,8.086637934656562,0.0,0.0,0.0,0.0,0.0,0.0,0.0,0.0,0.0,0.0,0.0,0.0,0.0,0.0,0.0,0.0,0.0,0.0,0.0,0.0,0.0
2019-01-13T03:15:00-07:00,0.4117682079782018,0.0,0.24908368559668606,0.0,0.0,0.05,0.0,0.0,0.0,0.0,0.05504616508517143,0.0,0.01117935626827485,0.04311254963845424,0.005095890410958904,0.2423342465753424,0.0,0.005,0.0,8.070371946819366,0.0,0.0,0.0,0.0,0.0,0.0,0.0,0.0,0.0,0.0,0.0,0.0,0.0,0.0,0.0,0.0,0.0,0.0,0.0,0.0,0.0
2019-01-13T03:30:00-07:00,0.4117682079782018,0.0,0.24908368559668606,0.0,0.0,0.05,0.0,0.0,0.0,0.0,0.05504616508517143,0.0,0.01117935626827485,0.04311254963845424,0.005095890410958904,0.2423342465753424,0.0,0.005,0.0,8.05793220226844,0.0,0.0,0.0,0.0,0.0,0.0,0.0,0.0,0.0,0.0,0.0,0.0,0.0,0.0,0.0,0.0,0.0,0.0,0.0,0.0,0.0
2019-01-13T03:45:00-07:00,0.4117682079782018,0.0,0.24908368559668606,0.0,0.0,0.05,0.0,0.0,0.0,0.0,0.05504616508517143,0.0,0.01117935626827485,0.04311254963845424,0.005095890410958904,0.2423342465753424,0.0,0.005,0.0,8.045978962519364,0.0,0.0,0.0,0.0,0.0,0.0,0.0,0.0,0.0,0.0,0.0,0.0,0.0,0.0,0.0,0.0,0.0,0.0,0.0,0.0,0.0
2019-01-13T04:00:00-07:00,0.4162903588875424,0.0,0.24789349824349316,0.0,0.0,0.05,0.0,0.0,0.0,0.0,0.0535584308936803,0.0,0.01117935626827485,0.04742380460229966,0.006794520547945205,0.2423342465753424,0.0,0.005,0.0,8.035813909120806,0.0,0.0,0.0,0.0,0.0,0.0,0.0,0.0,0.0,0.0,0.0,0.0,0.0,0.0,0.0,0.0,0.0,0.0,0.0,0.0,0.0
2019-01-13T04:15:00-07:00,0.4162903588875424,0.0,0.24789349824349316,0.0,0.0,0.05,0.0,0.0,0.0,0.0,0.0535584308936803,0.0,0.01117935626827485,0.04742380460229966,0.006794520547945205,0.2423342465753424,0.0,0.005,0.0,8.026772439698219,0.0,0.0,0.0,0.0,0.0,0.0,0.0,0.0,0.0,0.0,0.0,0.0,0.0,0.0,0.0,0.0,0.0,0.0,0.0,0.0,0.0
2019-01-13T04:30:00-07:00,0.4162903588875424,0.0,0.24789349824349316,0.0,0.0,0.05,0.0,0.0,0.0,0.0,0.0535584308936803,0.0,0.01117935626827485,0.04742380460229966,0.006794520547945205,0.2423342465753424,0.0,0.005,0.0,8.018783719919265,0.0,0.0,0.0,0.0,0.0,0.0,0.0,0.0,0.0,0.0,0.0,0.0,0.0,0.0,0.0,0.0,0.0,0.0,0.0,0.0,0.0
2019-01-13T04:45:00-07:00,0.4162903588875424,0.0,0.24789349824349316,0.0,0.0,0.05,0.0,0.0,0.0,0.0,0.0535584308936803,0.0,0.01117935626827485,0.04742380460229966,0.006794520547945205,0.2423342465753424,0.0,0.005,0.0,8.010367174034219,0.0,0.0,0.0,0.0,0.0,0.0,0.0,0.0,0.0,0.0,0.0,0.0,0.0,0.0,0.0,0.0,0.0,0.0,0.0,0.0,0.0
2019-01-13T05:00:00-07:00,0.45114404462480723,0.0,0.24917113895986742,0.0,0.0,0.05,0.0,0.0,0.0,0.0,0.0535584308936803,0.0,0.012456996984649119,0.07760258934921763,0.010191780821917807,0.2423342465753424,0.0,0.005,0.0,8.004852521754977,0.0,0.0,0.0,0.0,0.0,0.0,0.0,0.0,0.0,0.0,0.0,0.0,0.0,0.0,0.0,0.0,0.0,0.0,0.0,0.0,0.0
2019-01-13T05:15:00-07:00,0.45114404462480723,0.0,0.24917113895986742,0.0,0.0,0.05,0.0,0.0,0.0,0.0,0.0535584308936803,0.0,0.012456996984649119,0.07760258934921763,0.010191780821917807,0.2423342465753424,0.0,0.005,0.0,7.997578900300708,0.0,0.0,0.0,0.0,0.0,0.0,0.0,0.0,0.0,0.0,0.0,0.0,0.0,0.0,0.0,0.0,0.0,0.0,0.0,0.0,0.0
2019-01-13T05:30:00-07:00,0.45114404462480723,0.0,0.24917113895986742,0.0,0.0,0.05,0.0,0.0,0.0,0.0,0.0535584308936803,0.0,0.012456996984649119,0.07760258934921763,0.010191780821917807,0.2423342465753424,0.0,0.005,0.0,7.988116316730551,0.0,0.0,0.0,0.0,0.0,0.0,0.0,0.0,0.0,0.0,0.0,0.0,0.0,0.0,0.0,0.0,0.0,0.0,0.0,0.0,0.0
2019-01-13T05:45:00-07:00,0.45114404462480723,0.0,0.24917113895986742,0.0,0.0,0.05,0.0,0.0,0.0,0.0,0.0535584308936803,0.0,0.012456996984649119,0.07760258934921763,0.010191780821917807,0.2423342465753424,0.0,0.005,0.0,7.977782482968958,0.0,0.0,0.0,0.0,0.0,0.0,0.0,0.0,0.0,0.0,0.0,0.0,0.0,0.0,0.0,0.0,0.0,0.0,0.0,0.0,0.0
2019-01-13T06:00:00-07:00,0.5277091577159778,0.0,0.2639189755206252,0.0,0.0,0.05,0.0,0.0,0.0,0.0,0.05653389927666255,0.0,0.014054047880116953,0.1293376489153627,0.016986301369863014,0.25579726027397254,0.0,0.005,0.0,7.974989492424859,0.0,0.0,0.0,0.0,0.0,0.0,0.0,0.0,0.0,0.0,0.0,0.0,0.0,0.0,0.0,0.0,0.0,0.0,0.0,0.0,0.0
2019-01-13T06:15:00-07:00,0.5277091577159778,0.0,0.2639189755206252,0.0,0.0,0.05,0.0,0.0,0.0,0.0,0.05653389927666255,0.0,0.014054047880116953,0.1293376489153627,0.016986301369863014,0.25579726027397254,0.0,0.005,0.0,7.969550503584939,0.0,0.0,0.0,0.0,0.0,0.0,0.0,0.0,0.0,0.0,0.0,0.0,0.0,0.0,0.0,0.0,0.0,0.0,0.0,0.0,0.0
2019-01-13T06:30:00-07:00,0.5277091577159778,0.0,0.2639189755206252,0.0,0.0,0.05,0.0,0.0,0.0,0.0,0.05653389927666255,0.0,0.014054047880116953,0.1293376489153627,0.016986301369863014,0.25579726027397254,0.0,0.005,0.0,7.961544995901015,0.0,0.0,0.0,0.0,0.0,0.0,0.0,0.0,0.0,0.0,0.0,0.0,0.0,0.0,0.0,0.0,0.0,0.0,0.0,0.0,0.0
2019-01-13T06:45:00-07:00,0.5277091577159778,0.0,0.2639189755206252,0.0,0.0,0.05,0.0,0.0,0.0,0.0,0.05653389927666255,0.0,0.014054047880116953,0.1293376489153627,0.016986301369863014,0.25579726027397254,0.0,0.005,0.0,7.954211201798056,0.0,0.0,0.0,0.0,0.0,0.0,0.0,0.0,0.0,0.0,0.0,0.0,0.0,0.0,0.0,0.0,0.0,0.0,0.0,0.0,0.0
2019-01-13T07:00:00-07:00,1.592904106505319,0.0,0.28149673612808646,0.0,0.0,0.05,0.0,0.0,0.0,1.0,0.05950936765964479,0.0,0.013095817342836253,0.1638276886261261,0.02547945205479452,0.2759917808219177,0.0,0.005,0.0,7.956287880112053,0.0,0.0,0.0,0.0,0.0,0.0,0.0,0.0,0.0,0.0,0.0,0.0,0.0,0.0,0.0,0.0,0.0,0.0,0.0,0.0,0.0
2019-01-13T07:15:00-07:00,6.092968877195319,0.0,0.28149673612808646,0.0,0.0,0.05,0.0,0.0,0.0,0.0,0.05950936765964479,0.0,0.013095817342836253,0.1638276886261261,0.02547945205479452,0.2759917808219177,0.0,0.005,0.0,7.958491136008652,0.0,0.0,0.0,0.0,0.0,0.0,0.0,0.0,0.0,0.0,0.0,0.0,0.0,0.0,0.0,0.0,0.0,0.0,0.0,0.0,0.0
2019-01-13T07:30:00-07:00,0.18864135391455772,0.0,0.28149673612808646,0.0,0.0,0.05,0.0,0.0,0.0,0.0,0.05950936765964479,0.0,0.013095817342836253,0.1638276886261261,0.02547945205479452,0.2759917808219177,0.4042627525907617,0.005,0.0,8.04392302491024,0.0,0.0,0.0,0.0,0.0,0.0,0.0,0.0,0.0,0.0,0.0,0.0,0.0,0.0,0.0,0.0,0.0,0.0,0.0,0.0,0.0
2019-01-13T07:45:00-07:00,0.0753467005622761,0.0,0.28149673612808646,0.0,0.0,0.05,0.0,0.0,0.0,0.0,0.05950936765964479,0.0,0.013095817342836253,0.1638276886261261,0.02547945205479452,0.2759917808219177,0.5175574059430433,0.005,0.0,8.12584486708577,0.0,0.0,0.0,0.0,0.0,0.0,0.0,0.0,0.0,0.0,0.0,0.0,0.0,0.0,0.0,0.0,0.0,0.0,0.0,0.0,0.0
2019-01-13T08:00:00-07:00,2.0183756950207625,0.0,0.28487802716979577,0.0,0.0,0.05,0.0,0.0,0.0,1.0,0.06099710185113591,1.0,0.009901715551900581,0.1767614535176624,0.03397260273972603,0.28272328767123284,0.6009804663108949,0.005,0.0,8.204076426742395,0.0,0.0,0.0,0.0,0.0,0.0,0.0,0.0,0.0,0.0,0.0,0.0,0.0,0.0,0.0,0.0,0.0,0.0,0.0,0.0,0.0
2019-01-13T08:15:00-07:00,0.05494907886923028,0.0,0.28487802716979577,0.0,0.0,0.05,0.0,0.0,0.0,0.0,0.06099710185113591,0.0,0.009901715551900581,0.1767614535176624,0.03397260273972603,0.28272328767123284,0.6747964933917221,0.11538941092929457,0.0,8.277893638841203,0.0,0.0,0.0,0.0,0.0,0.0,0.0,0.0,0.0,0.0,0.0,0.0,0.0,0.0,0.0,0.0,0.0,0.0,0.0,0.0,0.0
2019-01-13T08:30:00-07:00,0.5702768165322283,0.0,0.28487802716979577,0.0,0.0,0.05,0.0,0.0,0.0,1.0,0.06099710185113591,1.0,0.009901715551900581,0.1767614535176624,0.03397260273972603,0.28272328767123284,1.941796817081598,-0.10228252771783124,0.0,8.506142990984939,0.0,0.0,0.0,0.0,0.0,0.0,0.0,0.0,0.0,0.0,0.0,0.0,0.0,0.0,0.0,0.0,0.0,0.0,0.0,0.0,0.0
2019-01-13T08:45:00-07:00,6.006972809127932,0.0,0.28487802716979577,0.0,0.0,0.05,0.0,0.0,0.0,1.0,0.06099710185113591,1.0,0.009901715551900581,0.1767614535176624,0.03397260273972603,0.28272328767123284,2.1124481228937264,0.005,0.0,8.705300783218071,0.0,0.0,0.0,0.0,0.0,0.0,0.0,0.0,0.0,0.0,0.0,0.0,0.0,0.0,0.0,0.0,0.0,0.0,0.0,0.0,0.0
2019-01-13T09:00:00-07:00,0.04306209914545489,0.0,0.2829615660952344,0.0,0.0,0.05,0.0,0.0,0.0,0.0,0.06099710185113591,0.0,0.007985254477339178,0.1767614535176624,0.04246575342465753,0.28272328767123284,2.273087419532329,1.6952166677357565,0.0,8.884830781935078,0.0,0.0,0.0,0.0,0.0,0.0,0.0,0.0,0.0,0.0,0.0,0.0,0.0,0.0,0.0,0.0,0.0,0.0,0.0,0.0,0.0
2019-01-13T09:15:00-07:00,0.04109894910642753,0.0,0.2829615660952344,0.0,0.0,0.05,0.0,0.0,0.0,0.0,0.06099710185113591,0.0,0.007985254477339178,0.1767614535176624,0.04246575342465753,0.28272328767123284,2.4229887740080103,1.8431548721724103,0.0,9.051569493351197,0.0,0.0,0.0,0.0,0.0,0.0,0.0,0.0,0.0,0.0,0.0,0.0,0.0,0.0,0.0,0.0,0.0,0.0,0.0,0.0,0.0
2019-01-13T09:30:00-07:00,0.029745186750610664,0.0,0.2829615660952344,0.0,0.0,0.05,0.0,0.0,0.0,0.0,0.06099710185113591,0.0,0.007985254477339178,0.1767614535176624,0.04246575342465753,0.28272328767123284,3.0912602048514195,2.5000725406600024,0.0,9.257387114989411,0.0,0.0,0.0,0.0,0.0,0.0,0.0,0.0,0.0,0.0,0.0,0.0,0.0,0.0,0.0,0.0,0.0,0.0,0.0,0.0,0.0
2019-01-13T09:45:00-07:00,0.027164389275927014,0.0,0.2829615660952344,0.0,0.0,0.05,0.0,0.0,0.0,0.0,0.06099710185113591,0.0,0.007985254477339178,0.1767614535176624,0.04246575342465753,0.28272328767123284,3.241157493856538,2.6473890321904374,0.0,9.445669677487624,0.0,0.0,0.0,0.0,0.0,0.0,0.0,0.0,0.0,0.0,0.0,0.0,0.0,0.0,0.0,0.0,0.0,0.0,0.0,0.0,0.0
2019-01-13T10:00:00-07:00,0.024703241651465646,0.0,0.2814519685629479,0.0,0.0,0.05,0.0,0.0,0.0,0.0,0.05950936765964479,0.0,0.007665844298245611,0.16813894358997156,0.04756164383561644,0.28272328767123284,3.3759814520483515,2.785085606645106,0.0,9.617174161834145,0.0,0.0,0.0,0.0,0.0,0.0,0.0,0.0,0.0,0.0,0.0,0.0,0.0,0.0,0.0,0.0,0.0,0.0,0.0,0.0,0.0
2019-01-13T10:15:00-07:00,0.04082683328076042,0.0,0.2814519685629479,0.0,0.0,0.05,0.0,0.0,0.0,0.0,0.05950936765964479,1.0,0.007665844298245611,0.16813894358997156,0.04756164383561644,0.28272328767123284,3.497276501700281,1.9225042479263308,0.0,9.778239732911434,0.0,0.0,0.0,0.0,0.0,0.0,0.0,0.0,0.0,0.0,0.0,0.0,0.0,0.0,0.0,0.0,0.0,0.0,0.0,0.0,0.0
2019-01-13T10:30:00-07:00,0.03488784289661684,0.0,0.2814519685629479,0.0,0.0,0.05,0.0,0.0,0.0,0.0,0.05950936765964479,1.0,0.007665844298245611,0.16813894358997156,0.04756164383561644,0.28272328767123284,3.8810692700026417,2.3003580258445475,0.0,9.94872453036069,0.0,0.0,0.0,0.0,0.0,0.0,0.0,0.0,0.0,0.0,0.0,0.0,0.0,0.0,0.0,0.0,0.0,0.0,0.0,0.0,0.0
2019-01-13T10:45:00-07:00,0.012016215818676734,0.0,0.2814519685629479,0.0,0.0,0.05,0.0,0.0,0.0,0.0,0.05950936765964479,0.0,0.007665844298245611,0.16813894358997156,0.04756164383561644,0.28272328767123284,3.983659312631907,3.3800764413958726,0.0,10.105945392399457,0.0,0.0,0.0,0.0,0.0,0.0,0.0,0.0,0.0,0.0,0.0,0.0,0.0,0.0,0.0,0.0,0.0,0.0,0.0,0.0,0.0
2019-01-13T11:00:00-07:00,5.510853209574677,0.0,0.2814519685629479,0.0,0.0,0.05,0.0,0.0,0.0,0.0,0.05950936765964479,0.0,0.007665844298245611,0.15951643366228066,0.05265753424657534,0.28272328767123284,4.0694493818567,3.468165353203397,0.0,10.249821558596542,0.0,0.0,0.0,0.0,0.0,0.0,0.0,0.0,0.0,0.0,0.0,0.0,0.0,0.0,0.0,0.0,0.0,0.0,0.0,0.0,0.0
2019-01-13T11:15:00-07:00,0.0104729995011974,0.0,0.2814519685629479,0.0,0.0,0.05,0.0,0.0,0.0,0.0,0.05950936765964479,0.0,0.007665844298245611,0.15951643366228066,0.05265753424657534,0.28272328767123284,4.138186542533669,3.5365870744968873,0.0,10.38768086786109,0.0,0.0,0.0,0.0,0.0,0.0,0.0,0.0,0.0,0.0,0.0,0.0,0.0,0.0,0.0,0.0,0.0,0.0,0.0,0.0,0.0
2019-01-13T11:30:00-07:00,0.010134367495727048,0.0,0.2814519685629479,0.0,0.0,0.05,0.0,0.0,0.0,0.0,0.05950936765964479,0.0,0.007665844298245611,0.15951643366228066,0.05265753424657534,0.28272328767123284,4.221879380705545,3.619941280663293,0.0,10.527535488657946,0.0,0.0,0.0,0.0,0.0,0.0,0.0,0.0,0.0,0.0,0.0,0.0,0.0,0.0,0.0,0.0,0.0,0.0,0.0,0.0,0.0
2019-01-13T11:45:00-07:00,0.011297595097034652,0.0,0.2814519685629479,0.0,0.0,0.05,0.0,0.0,0.0,0.0,0.05950936765964479,0.0,0.007665844298245611,0.15951643366228066,0.05265753424657534,0.28272328767123284,4.2532060941287835,3.652431221687839,0.0,10.663739498167006,0.0,0.0,0.0,0.0,0.0,0.0,0.0,0.0,0.0,0.0,0.0,0.0,0.0,0.0,0.0,0.0,0.0,0.0,0.0,0.0,0.0
2019-01-13T12:00:00-07:00,-0.16497407366382877,0.0,0.28415175344842725,0.0,0.0,0.05,0.0,0.0,0.0,0.0,0.06248483604262702,0.0,0.007985254477339178,0.15520517869843525,0.05605479452054794,0.28272328767123284,4.265176928640159,3.4857495035661477,0.0,10.796485555768472,0.0,0.0,0.0,0.0,0.0,0.0,0.0,0.0,0.0,0.0,0.0,0.0,0.0,0.0,0.0,0.0,0.0,0.0,0.0,0.0,0.0
2019-01-13T12:15:00-07:00,-3.6406154752320457,0.0,0.28415175344842725,0.0,0.0,0.05,0.0,0.0,0.0,0.0,0.06248483604262702,0.0,0.007985254477339178,0.15520517869843525,0.05605479452054794,0.28272328767123284,4.260068826642228,0.005,0.0,10.929994410536468,0.0,0.0,0.0,0.0,0.0,0.0,0.0,0.0,0.0,0.0,0.0,0.0,0.0,0.0,0.0,0.0,0.0,0.0,0.0,0.0,0.0
2019-01-13T12:30:00-07:00,-3.2846913223360095,0.0,0.28415175344842725,0.0,0.0,0.05,0.0,0.0,0.0,0.0,0.06248483604262702,0.0,0.007985254477339178,0.15520517869843525,0.05605479452054794,0.28272328767123284,3.904144673746192,0.005,0.0,11.054475533372933,0.0,0.0,0.0,0.0,0.0,0.0,0.0,0.0,0.0,0.0,0.0,0.0,0.0,0.0,0.0,0.0,0.0,0.0,0.0,0.0,0.0
2019-01-13T12:45:00-07:00,-3.257376229535203,0.0,0.28415175344842725,0.0,0.0,0.05,0.0,0.0,0.0,0.0,0.06248483604262702,0.0,0.007985254477339178,0.15520517869843525,0.05605479452054794,0.28272328767123284,3.8768295809453854,0.005,0.0,11.18279292812245,0.0,0.0,0.0,0.0,0.0,0.0,0.0,0.0,0.0,0.0,0.0,0.0,0.0,0.0,0.0,0.0,0.0,0.0,0.0,0.0,0.0
2019-01-13T13:00:00-07:00,-3.2128096218131486,0.0,0.28510998398570797,0.0,0.0,0.05,0.0,0.0,0.0,0.0,0.06248483604262702,0.0,0.008943485014619881,0.15089392373458985,0.06454794520547945,0.28272328767123284,3.8374030994816977,0.005,0.0,11.312318170884634,0.0,0.0,0.0,0.0,0.0,0.0,0.0,0.0,0.0,0.0,0.0,0.0,0.0,0.0,0.0,0.0,0.0,0.0,0.0,0.0,0.0
2019-01-13T13:15:00-07:00,-3.159063610624392,0.0,0.28510998398570797,0.0,0.0,0.05,0.0,0.0,0.0,0.0,0.06248483604262702,0.0,0.008943485014619881,0.15089392373458985,0.06454794520547945,0.28272328767123284,3.7836570882929412,0.005,0.0,11.445040286277434,0.0,0.0,0.0,0.0,0.0,0.0,0.0,0.0,0.0,0.0,0.0,0.0,0.0,0.0,0.0,0.0,0.0,0.0,0.0,0.0,0.0
2019-01-13T13:30:00-07:00,-3.1446997926153197,0.0,0.28510998398570797,0.0,0.0,0.05,0.0,0.0,0.0,0.0,0.06248483604262702,0.0,0.008943485014619881,0.15089392373458985,0.06454794520547945,0.28272328767123284,3.769293270283869,0.005,0.0,11.57832670296879,0.0,0.0,0.0,0.0,0.0,0.0,0.0,0.0,0.0,0.0,0.0,0.0,0.0,0.0,0.0,0.0,0.0,0.0,0.0,0.0,0.0
2019-01-13T13:45:00-07:00,-3.0517322585786877,0.0,0.28510998398570797,0.0,0.0,0.05,0.0,0.0,0.0,0.0,0.06248483604262702,0.0,0.008943485014619881,0.15089392373458985,0.06454794520547945,0.28272328767123284,3.676325736247237,0.005,0.0,11.715637343968622,0.0,0.0,0.0,0.0,0.0,0.0,0.0,0.0,0.0,0.0,0.0,0.0,0.0,0.0,0.0,0.0,0.0,0.0,0.0,0.0,0.0
2019-01-13T14:00:00-07:00,-2.9276655210499474,0.0,0.2857488043438951,0.0,0.0,0.05,0.0,0.0,0.0,0.0,0.06248483604262702,0.0,0.009582305372807014,0.15951643366228066,0.07134246575342466,0.28272328767123284,3.5683148495523196,0.005,0.0,11.855735121972042,0.0,0.0,0.0,0.0,0.0,0.0,0.0,0.0,0.0,0.0,0.0,0.0,0.0,0.0,0.0,0.0,0.0,0.0,0.0,0.0,0.0
2019-01-13T14:15:00-07:00,-2.8047855903921595,0.0,0.2857488043438951,0.0,0.0,0.05,0.0,0.0,0.0,0.0,0.06248483604262702,0.0,0.009582305372807014,0.15951643366228066,0.07134246575342466,0.28272328767123284,3.4454349188945317,0.005,0.0,11.998132259475797,0.0,0.0,0.0,0.0,0.0,0.0,0.0,0.0,0.0,0.0,0.0,0.0,0.0,0.0,0.0,0.0,0.0,0.0,0.0,0.0,0.0
2019-01-13T14:30:00-07:00,-2.04576818340949,0.0,0.2857488043438951,0.0,0.0,0.05,0.0,0.0,0.0,0.0,0.06248483604262702,0.0,0.009582305372807014,0.15951643366228066,0.07134246575342466,0.28272328767123284,2.6864175119118623,0.005,0.0,12.099007158485866,0.0,0.0,0.0,0.0,0.0,0.0,0.0,0.0,0.0,0.0,0.0,0.0,0.0,0.0,0.0,0.0,0.0,0.0,0.0,0.0,0.0
2019-01-13T14:45:00-07:00,-1.9321771298112393,0.0,0.2857488043438951,0.0,0.0,0.05,0.0,0.0,0.0,0.0,0.06248483604262702,0.0,0.009582305372807014,0.15951643366228066,0.07134246575342466,0.28272328767123284,2.5728264583136116,0.005,0.0,12.206374415433249,0.0,0.0,0.0,0.0,0.0,0.0,0.0,0.0,0.0,0.0,0.0,0.0,0.0,0.0,0.0,0.0,0.0,0.0,0.0,0.0,0.0
2019-01-13T15:00:00-07:00,-0.7692012832459578,0.0,0.2969260788450741,0.0,0.0,0.05,0.0,1.0,0.0,0.0,0.06099710185113591,0.0,0.01117935626827485,0.1767614535176624,0.07813698630136985,0.2961863013698629,2.447462482554264,0.005,0.0,12.31862934841604,0.0,0.0,0.0,0.0,0.0,0.0,0.0,0.0,0.0,0.0,0.0,0.0,0.0,0.0,0.0,0.0,0.0,0.0,0.0,0.0,0.0
2019-01-13T15:15:00-07:00,4.867922113489696,0.0,0.2969260788450741,0.0,0.0,0.05,0.0,0.0,1.0,0.0,0.06099710185113591,0.0,0.01117935626827485,0.1767614535176624,0.07813698630136985,0.2961863013698629,2.3104038565086094,0.005,0.0,12.429416402558486,0.0,0.0,0.0,0.0,0.0,0.0,0.0,0.0,0.0,0.0,0.0,0.0,0.0,0.0,0.0,0.0,0.0,0.0,0.0,0.0,0.0
2019-01-13T15:30:00-07:00,-0.08187532051137003,0.0,0.2969260788450741,0.0,0.0,0.05,0.0,0.0,1.0,0.0,0.06099710185113591,0.0,0.01117935626827485,0.1767614535176624,0.07813698630136985,0.2961863013698629,1.7601365198196761,0.005,0.0,12.47869409940206,0.0,0.0,0.0,0.0,0.0,0.0,0.0,0.0,0.0,0.0,0.0,0.0,0.0,0.0,0.0,0.0,0.0,0.0,0.0,0.0,0.0
2019-01-13T15:45:00-07:00,0.052819353043185746,0.0,0.2969260788450741,0.0,0.0,0.05,0.0,0.0,1.0,0.0,0.06099710185113591,0.0,0.01117935626827485,0.1767614535176624,0.07813698630136985,0.2961863013698629,1.6254418462651203,0.005,0.0,12.534153110910545,0.0,0.0,0.0,0.0,0.0,0.0,0.0,0.0,0.0,0.0,0.0,0.0,0.0,0.0,0.0,0.0,0.0,0.0,0.0,0.0,0.0
2019-01-13T16:00:00-07:00,-0.7263295220814482,0.0,0.3195269489548511,0.0,0.0,0.05,0.0,0.0,0.0,0.0,0.06546030442560927,0.0,0.014054047880116953,0.2155627481922712,0.09172602739726027,0.31638082191780814,1.484513471894514,0.005,0.0,12.598353916481692,0.0,0.0,0.0,0.0,0.0,0.0,0.0,0.0,0.0,0.0,0.0,0.0,0.0,0.0,0.0,0.0,0.0,0.0,0.0,0.0,0.0
2019-01-13T16:15:00-07:00,-0.5807261847889799,0.0,0.3195269489548511,0.0,0.0,0.05,0.0,0.0,0.0,0.0,0.06546030442560927,0.0,0.014054047880116953,0.2155627481922712,0.09172602739726027,0.31638082191780814,1.3389101346020458,0.005,0.0,12.659043540310067,0.0,0.0,0.0,0.0,0.0,0.0,0.0,0.0,0.0,0.0,0.0,0.0,0.0,0.0,0.0,0.0,0.0,0.0,0.0,0.0,0.0
2019-01-13T16:30:00-07:00,0.057303235355297244,0.0,0.3195269489548511,0.0,0.0,0.05,0.0,0.0,0.0,0.0,0.06546030442560927,0.0,0.014054047880116953,0.2155627481922712,0.09172602739726027,0.31638082191780814,0.6228757575226773,-0.07300495693509135,0.0,12.599475283265734,0.0,0.0,0.0,0.0,0.0,0.0,0.0,0.0,0.0,0.0,0.0,0.0,0.0,0.0,0.0,0.0,0.0,0.0,0.0,0.0,0.0
2019-01-13T16:45:00-07:00,0.06203057723072847,0.0,0.3195269489548511,0.0,0.0,0.05,0.0,0.0,0.0,0.0,0.06546030442560927,0.0,0.014054047880116953,0.2155627481922712,0.09172602739726027,0.31638082191780814,0.47284880025743903,-0.21830457232489842,0.0,12.541688804287782,0.0,0.0,0.0,0.0,0.0,0.0,0.0,0.0,0.0,0.0,0.0,0.0,0.0,0.0,0.0,0.0,0.0,0.0,0.0,0.0,0.0
2019-01-13T17:00:00-07:00,0.06917729646952187,0.0,0.3442762369551017,0.0,0.0,0.05,0.0,0.0,0.0,0.0,0.07141124119157374,0.0,0.017886970029239762,0.2802315726499526,0.10531506849315068,0.3365753424657534,0.3802547859359924,-0.411988112424156,0.0,12.50614097532786,0.0,0.0,0.0,0.0,0.0,0.0,0.0,0.0,0.0,0.0,0.0,0.0,0.0,0.0,0.0,0.0,0.0,0.0,0.0,0.0,0.0
2019-01-13T17:15:00-07:00,0.07352345402245697,0.0,0.3442762369551017,0.0,0.0,0.05,0.0,0.0,0.0,0.0,0.07141124119157374,0.0,0.017886970029239762,0.2802315726499526,0.10531506849315068,0.3365753424657534,0.28531886318004634,-0.5025778776271669,0.0,12.472506856621603,0.0,0.0,0.0,0.0,0.0,0.0,0.0,0.0,0.0,0.0,0.0,0.0,0.0,0.0,0.0,0.0,0.0,0.0,0.0,0.0,0.0
2019-01-13T17:30:00-07:00,0.08613739814459176,0.0,0.3442762369551017,0.0,0.0,0.05,0.0,0.0,0.0,0.0,0.07141124119157374,0.0,0.017886970029239762,0.2802315726499526,0.10531506849315068,0.3365753424657534,0.0,-0.7752827966850785,0.0,12.35782954003201,0.0,0.0,0.0,0.0,0.0,0.0,0.0,0.0,0.0,0.0,0.0,0.0,0.0,0.0,0.0,0.0,0.0,0.0,0.0,0.0,0.0
2019-01-13T17:45:00-07:00,0.08794042132808111,0.0,0.3442762369551017,0.0,0.0,0.05,0.0,0.0,0.0,0.0,0.07141124119157374,0.0,0.017886970029239762,0.2802315726499526,0.10531506849315068,0.3365753424657534,0.0,-0.7734797735015891,0.0,12.260454111818682,0.0,0.0,0.0,0.0,0.0,0.0,0.0,0.0,0.0,0.0,0.0,0.0,0.0,0.0,0.0,0.0,0.0,0.0,0.0,0.0,0.0
2019-01-13T18:00:00-07:00,0.09602169195591992,0.0,0.35459709857368804,0.0,0.0,0.05,0.0,0.0,0.0,0.0,0.07438670957455598,0.0,0.020442251461988296,0.3707679268907064,0.1358904109589041,0.3433068493150684,0.0,-0.8987724562453033,0.0,12.189243133580401,0.0,0.0,0.0,0.0,0.0,0.0,0.0,0.0,0.0,0.0,0.0,0.0,0.0,0.0,0.0,0.0,0.0,0.0,0.0,0.0,0.0
2019-01-13T18:15:00-07:00,0.09822617184854698,0.0,0.35459709857368804,0.0,0.0,0.05,0.0,0.0,0.0,0.0,0.07438670957455598,0.0,0.020442251461988296,0.3707679268907064,0.1358904109589041,0.3433068493150684,0.0,-0.8965679763526763,0.0,12.121399776122544,0.0,0.0,0.0,0.0,0.0,0.0,0.0,0.0,0.0,0.0,0.0,0.0,0.0,0.0,0.0,0.0,0.0,0.0,0.0,0.0,0.0
2019-01-13T18:30:00-07:00,0.10048796111453973,0.0,0.35459709857368804,0.0,0.0,0.05,0.0,0.0,0.0,0.0,0.07438670957455598,0.0,0.020442251461988296,0.3707679268907064,0.1358904109589041,0.3433068493150684,0.0,-0.8943061870866835,0.0,12.055906051504815,0.0,0.0,0.0,0.0,0.0,0.0,0.0,0.0,0.0,0.0,0.0,0.0,0.0,0.0,0.0,0.0,0.0,0.0,0.0,0.0,0.0
2019-01-13T18:45:00-07:00,0.102696641335705,0.0,0.35459709857368804,0.0,0.0,0.05,0.0,0.0,0.0,0.0,0.07438670957455598,0.0,0.020442251461988296,0.3707679268907064,0.1358904109589041,0.3433068493150684,0.0,-0.8920975068655183,0.0,11.99308245031058,0.0,0.0,0.0,0.0,0.0,0.0,0.0,0.0,0.0,0.0,0.0,0.0,0.0,0.0,0.0,0.0,0.0,0.0,0.0,0.0,0.0
2019-01-13T19:00:00-07:00,0.1120016348216355,0.0,0.3481091591042245,0.0,0.0,0.05,0.0,0.0,0.0,0.0,0.07141124119157374,0.0,0.02171989217836257,0.456993026167615,0.18684931506849314,0.3365753424657534,0.0,-1.0115471822501625,0.0,11.946927715994685,0.0,0.0,0.0,0.0,0.0,0.0,0.0,0.0,0.0,0.0,0.0,0.0,0.0,0.0,0.0,0.0,0.0,0.0,0.0,0.0,0.0
2019-01-13T19:15:00-07:00,5.6140411612352645,0.0,0.3481091591042245,0.0,0.0,0.05,0.0,0.0,0.0,0.0,0.07141124119157374,0.0,0.02171989217836257,0.456993026167615,0.18684931506849314,0.3365753424657534,0.0,-1.0095724265265333,0.0,11.898999798831685,0.0,0.0,0.0,0.0,0.0,0.0,0.0,0.0,0.0,0.0,0.0,0.0,0.0,0.0,0.0,0.0,0.0,0.0,0.0,0.0,0.0
2019-01-13T19:30:00-07:00,0.11584336471046264,0.0,0.3481091591042245,0.0,0.0,0.05,0.0,0.0,0.0,0.0,0.07141124119157374,0.0,0.02171989217836257,0.456993026167615,0.18684931506849314,0.3365753424657534,0.0,-1.0077054523613354,0.0,11.854870164996097,0.0,0.0,0.0,0.0,0.0,0.0,0.0,0.0,0.0,0.0,0.0,0.0,0.0,0.0,0.0,0.0,0.0,0.0,0.0,0.0,0.0
2019-01-13T19:45:00-07:00,0.11760809275609185,0.0,0.3481091591042245,0.0,0.0,0.05,0.0,0.0,0.0,0.0,0.07141124119157374,0.0,0.02171989217836257,0.456993026167615,0.18684931506849314,0.3365753424657534,0.0,-1.0059407243157061,0.0,11.809646625390549,0.0,0.0,0.0,0.0,0.0,0.0,0.0,0.0,0.0,0.0,0.0,0.0,0.0,0.0,0.0,0.0,0.0,0.0,0.0,0.0,0.0
2019-01-13T20:00:00-07:00,0.12185763591079657,0.0,0.3367873811503146,0.0,0.0,0.05,0.0,0.0,0.0,0.0,0.06992350700008262,0.0,0.0223587125365497,0.47423804602299663,0.22421917808219177,0.3231123287671232,0.0,-1.0419941364981473,0.0,11.768746732422587,0.0,0.0,0.0,0.0,0.0,0.0,0.0,0.0,0.0,0.0,0.0,0.0,0.0,0.0,0.0,0.0,0.0,0.0,0.0,0.0,0.0
2019-01-13T20:15:00-07:00,0.12354834578574492,0.0,0.3367873811503146,0.0,0.0,0.05,0.0,0.0,0.0,0.0,0.06992350700008262,0.0,0.0223587125365497,0.47423804602299663,0.22421917808219177,0.3231123287671232,0.0,-1.040303426623199,0.0,11.72578494329312,0.0,0.0,0.0,0.0,0.0,0.0,0.0,0.0,0.0,0.0,0.0,0.0,0.0,0.0,0.0,0.0,0.0,0.0,0.0,0.0,0.0
2019-01-13T20:30:00-07:00,0.12546838819822104,0.0,0.3367873811503146,0.0,0.0,0.05,0.0,0.0,0.0,0.0,0.06992350700008262,0.0,0.0223587125365497,0.47423804602299663,0.22421917808219177,0.3231123287671232,0.0,-1.0383833842107228,0.0,11.678899663502436,0.0,0.0,0.0,0.0,0.0,0.0,0.0,0.0,0.0,0.0,0.0,0.0,0.0,0.0,0.0,0.0,0.0,0.0,0.0,0.0,0.0
2019-01-13T20:45:00-07:00,0.12789635281628864,0.0,0.3367873811503146,0.0,0.0,0.05,0.0,0.0,0.0,0.0,0.06992350700008262,0.0,0.0223587125365497,0.47423804602299663,0.22421917808219177,0.3231123287671232,0.0,-1.0359554195926552,0.0,11.628995002031711,0.0,0.0,0.0,0.0,0.0,0.0,0.0,0.0,0.0,0.0,0.0,0.0,0.0,0.0,0.0,0.0,0.0,0.0,0.0,0.0,0.0
2019-01-13T21:00:00-07:00,0.11869264485855913,0.0,0.3124593209838456,0.0,0.0,0.05,0.0,0.0,0.0,0.0,0.06843577280859149,0.0,0.020761661641081865,0.3405891421437885,0.21232876712328766,0.2961863013698629,0.0,-0.8696090002280533,0.0,11.556808424424592,0.0,0.0,0.0,0.0,0.0,0.0,0.0,0.0,0.0,0.0,0.0,0.0,0.0,0.0,0.0,0.0,0.0,0.0,0.0,0.0,0.0
2019-01-13T21:15:00-07:00,0.12292697847365597,0.0,0.3124593209838456,0.0,0.0,0.05,0.0,0.0,0.0,0.0,0.06843577280859149,0.0,0.020761661641081865,0.3405891421437885,0.21232876712328766,0.2961863013698629,0.0,-0.8653746666129565,0.0,11.485089470115527,0.0,0.0,0.0,0.0,0.0,0.0,0.0,0.0,0.0,0.0,0.0,0.0,0.0,0.0,0.0,0.0,0.0,0.0,0.0,0.0,0.0
2019-01-13T21:30:00-07:00,0.128184946457495,0.0,0.3124593209838456,0.0,0.0,0.05,0.0,0.0,0.0,0.0,0.06843577280859149,0.0,0.020761661641081865,0.3405891421437885,0.21232876712328766,0.2961863013698629,0.0,-0.8601166986291174,0.0,11.41505253742915,0.0,0.0,0.0,0.0,0.0,0.0,0.0,0.0,0.0,0.0,0.0,0.0,0.0,0.0,0.0,0.0,0.0,0.0,0.0,0.0,0.0
2019-01-13T21:45:00-07:00,0.13421567992428163,0.0,0.3124593209838456,0.0,0.0,0.05,0.0,0.0,0.0,0.0,0.06843577280859149,0.0,0.020761661641081865,0.3405891421437885,0.21232876712328766,0.2961863013698629,0.0,-0.8540859651623308,0.0,11.344476171406743,0.0,0.0,0.0,0.0,0.0,0.0,0.0,0.0,0.0,0.0,0.0,0.0,0.0,0.0,0.0,0.0,0.0,0.0,0.0,0.0,0.0
2019-01-13T22:00:00-07:00,0.11439333423750131,0.0,0.28566343274780953,0.0,0.0,0.05,0.0,0.0,0.0,0.0,0.06546030442560927,0.0,0.017886970029239762,0.17245019855381696,0.1307945205479452,0.26926027397260266,0.0,-0.5914589332917126,0.0,11.243426861576095,0.0,0.0,0.0,0.0,0.0,0.0,0.0,0.0,0.0,0.0,0.0,0.0,0.0,0.0,0.0,0.0,0.0,0.0,0.0,0.0,0.0
2019-01-13T22:15:00-07:00,0.11966825556790983,0.0,0.28566343274780953,0.0,0.0,0.05,0.0,0.0,0.0,0.0,0.06546030442560927,0.0,0.017886970029239762,0.17245019855381696,0.1307945205479452,0.26926027397260266,0.0,-0.5861840119613041,0.0,11.149648780381703,0.0,0.0,0.0,0.0,0.0,0.0,0.0,0.0,0.0,0.0,0.0,0.0,0.0,0.0,0.0,0.0,0.0,0.0,0.0,0.0,0.0
2019-01-13T22:30:00-07:00,0.12509526328524978,0.0,0.28566343274780953,0.0,0.0,0.05,0.0,0.0,0.0,0.0,0.06546030442560927,0.0,0.017886970029239762,0.17245019855381696,0.1307945205479452,0.26926027397260266,0.0,-0.5807570042439641,0.0,11.063412531419205,0.0,0.0,0.0,0.0,0.0,0.0,0.0,0.0,0.0,0.0,0.0,0.0,0.0,0.0,0.0,0.0,0.0,0.0,0.0,0.0,0.0
2019-01-13T22:45:00-07:00,0.13041528355108323,0.0,0.28566343274780953,0.0,0.0,0.05,0.0,0.0,0.0,0.0,0.06546030442560927,0.0,0.017886970029239762,0.17245019855381696,0.1307945205479452,0.26926027397260266,0.0,-0.5754369839781307,0.0,10.982483659601584,0.0,0.0,0.0,0.0,0.0,0.0,0.0,0.0,0.0,0.0,0.0,0.0,0.0,0.0,0.0,0.0,0.0,0.0,0.0,0.0,0.0
2019-01-13T23:00:00-07:00,0.11116169318840363,0.0,0.2630625626380325,0.0,0.0,0.05,0.0,0.0,0.0,0.0,0.06099710185113591,0.0,0.015012278417397657,0.07760258934921763,0.05775342465753425,0.24906575342465745,0.0,-0.3992694545115393,0.0,10.886253074090702,0.0,0.0,0.0,0.0,0.0,0.0,0.0,0.0,0.0,0.0,0.0,0.0,0.0,0.0,0.0,0.0,0.0,0.0,0.0,0.0,0.0
2019-01-13T23:15:00-07:00,0.11441176183119517,0.0,0.2630625626380325,0.0,0.0,0.05,0.0,0.0,0.0,0.0,0.06099710185113591,0.0,0.015012278417397657,0.07760258934921763,0.05775342465753425,0.24906575342465745,0.0,-0.39601938586874774,0.0,10.800198151554886,0.0,0.0,0.0,0.0,0.0,0.0,0.0,0.0,0.0,0.0,0.0,0.0,0.0,0.0,0.0,0.0,0.0,0.0,0.0,0.0,0.0
2019-01-13T23:30:00-07:00,0.11723454651070186,0.0,0.2630625626380325,0.0,0.0,0.05,0.0,0.0,0.0,0.0,0.06099710185113591,0.0,0.015012278417397657,0.07760258934921763,0.05775342465753425,0.24906575342465745,0.0,-0.39319660118924105,0.0,10.720627387551582,0.0,0.0,0.0,0.0,0.0,0.0,0.0,0.0,0.0,0.0,0.0,0.0,0.0,0.0,0.0,0.0,0.0,0.0,0.0,0.0,0.0
2019-01-13T23:45:00-07:00,0.11957619244289025,0.0,0.2630625626380325,0.0,0.0,0.05,0.0,0.0,0.0,0.0,0.06099710185113591,0.0,0.015012278417397657,0.07760258934921763,0.05775342465753425,0.24906575342465745,0.0,-0.39085495525705266,0.0,10.649370732006743,0.0,0.0,0.0,0.0,0.0,0.0,0.0,0.0,0.0,0.0,0.0,0.0,0.0,0.0,0.0,0.0,0.0,0.0,0.0,0.0,0.0
2019-01-14T00:00:00-07:00,0.11112149619513922,0.0,0.2542512985517326,0.0,0.0,0.05,0.0,0.0,0.0,0.0,0.05950936765964479,0.0,0.012776407163742684,0.05173505956614509,0.02378082191780822,0.2423342465753424,0.0,-0.32901440668754395,0.0,10.579452097652418,0.0,0.0,0.0,0.0,0.0,0.0,0.0,0.0,0.0,0.0,0.0,0.0,0.0,0.0,0.0,0.0,0.0,0.0,0.0,0.0,0.0
2019-01-14T00:15:00-07:00,0.11204907324383678,0.0,0.2542512985517326,0.0,0.0,0.05,0.0,0.0,0.0,0.0,0.05950936765964479,0.0,0.012776407163742684,0.05173505956614509,0.02378082191780822,0.2423342465753424,0.0,-0.3280868296388464,0.0,10.518195117651304,0.0,0.0,0.0,0.0,0.0,0.0,0.0,0.0,0.0,0.0,0.0,0.0,0.0,0.0,0.0,0.0,0.0,0.0,0.0,0.0,0.0
2019-01-14T00:30:00-07:00,0.11242488766807313,0.0,0.2542512985517326,0.0,0.0,0.05,0.0,0.0,0.0,0.0,0.05950936765964479,0.0,0.012776407163742684,0.05173505956614509,0.02378082191780822,0.2423342465753424,0.0,-0.32771101521461005,0.0,10.462265526114724,0.0,0.0,0.0,0.0,0.0,0.0,0.0,0.0,0.0,0.0,0.0,0.0,0.0,0.0,0.0,0.0,0.0,0.0,0.0,0.0,0.0
2019-01-14T00:45:00-07:00,0.11237969678881515,0.0,0.2542512985517326,0.0,0.0,0.05,0.0,0.0,0.0,0.0,0.05950936765964479,0.0,0.012776407163742684,0.05173505956614509,0.02378082191780822,0.2423342465753424,0.0,-0.327756206093868,0.0,10.41081260146558,0.0,0.0,0.0,0.0,0.0,0.0,0.0,0.0,0.0,0.0,0.0,0.0,0.0,0.0,0.0,0.0,0.0,0.0,0.0,0.0,0.0
2019-01-14T01:00:00-07:00,0.10868871799897467,0.0,0.25210288066125897,0.0,0.0,0.05,0.0,0.0,0.0,0.0,0.058021633468153665,0.0,0.011818176626461983,0.04311254963845424,0.01189041095890411,0.2423342465753424,0.0,-0.3084882992683417,0.0,10.360964595268653,0.0,0.0,0.0,0.0,0.0,0.0,0.0,0.0,0.0,0.0,0.0,0.0,0.0,0.0,0.0,0.0,0.0,0.0,0.0,0.0,0.0
2019-01-14T01:15:00-07:00,0.10824522832298861,0.0,0.25210288066125897,0.0,0.0,0.05,0.0,0.0,0.0,0.0,0.058021633468153665,0.0,0.011818176626461983,0.04311254963845424,0.01189041095890411,0.2423342465753424,0.0,-0.30893178894432777,0.0,10.314159486394834,0.0,0.0,0.0,0.0,0.0,0.0,0.0,0.0,0.0,0.0,0.0,0.0,0.0,0.0,0.0,0.0,0.0,0.0,0.0,0.0,0.0
2019-01-14T01:30:00-07:00,0.10769354257207225,0.0,0.25210288066125897,0.0,0.0,0.05,0.0,0.0,0.0,0.0,0.058021633468153665,0.0,0.011818176626461983,0.04311254963845424,0.01189041095890411,0.2423342465753424,0.0,-0.3094834746952441,0.0,10.27363778449674,0.0,0.0,0.0,0.0,0.0,0.0,0.0,0.0,0.0,0.0,0.0,0.0,0.0,0.0,0.0,0.0,0.0,0.0,0.0,0.0,0.0
2019-01-14T01:45:00-07:00,0.10705143861976302,0.0,0.25210288066125897,0.0,0.0,0.05,0.0,0.0,0.0,0.0,0.058021633468153665,0.0,0.011818176626461983,0.04311254963845424,0.01189041095890411,0.2423342465753424,0.0,-0.31012557864755336,0.0,10.234724097404007,0.0,0.0,0.0,0.0,0.0,0.0,0.0,0.0,0.0,0.0,0.0,0.0,0.0,0.0,0.0,0.0,0.0,0.0,0.0,0.0,0.0
2019-01-14T02:00:00-07:00,0.10539754317266309,0.0,0.2509126933080661,0.0,0.0,0.05,0.0,0.0,0.0,0.0,0.05653389927666255,0.0,0.011818176626461983,0.04311254963845424,0.006794520547945205,0.2423342465753424,0.0,-0.30519584949220324,0.0,10.197484653319547,0.0,0.0,0.0,0.0,0.0,0.0,0.0,0.0,0.0,0.0,0.0,0.0,0.0,0.0,0.0,0.0,0.0,0.0,0.0,0.0,0.0
2019-01-14T02:15:00-07:00,0.10462551816051602,0.0,0.2509126933080661,0.0,0.0,0.05,0.0,0.0,0.0,0.0,0.05653389927666255,0.0,0.011818176626461983,0.04311254963845424,0.006794520547945205,0.2423342465753424,0.0,-0.3059678745043503,0.0,10.161803295355119,0.0,0.0,0.0,0.0,0.0,0.0,0.0,0.0,0.0,0.0,0.0,0.0,0.0,0.0,0.0,0.0,0.0,0.0,0.0,0.0,0.0
2019-01-14T02:30:00-07:00,0.10382629294298312,0.0,0.2509126933080661,0.0,0.0,0.05,0.0,0.0,0.0,0.0,0.05653389927666255,0.0,0.011818176626461983,0.04311254963845424,0.006794520547945205,0.2423342465753424,0.0,-0.3067670997218832,0.0,10.126210891087034,0.0,0.0,0.0,0.0,0.0,0.0,0.0,0.0,0.0,0.0,0.0,0.0,0.0,0.0,0.0,0.0,0.0,0.0,0.0,0.0,0.0
2019-01-14T02:45:00-07:00,0.10304247190585342,0.0,0.2509126933080661,0.0,0.0,0.05,0.0,0.0,0.0,0.0,0.05653389927666255,0.0,0.011818176626461983,0.04311254963845424,0.006794520547945205,0.2423342465753424,0.0,-0.3075509207590129,0.0,10.091415108854157,0.0,0.0,0.0,0.0,0.0,0.0,0.0,0.0,0.0,0.0,0.0,0.0,0.0,0.0,0.0,0.0,0.0,0.0,0.0,0.0,0.0
2019-01-14T03:00:00-07:00,0.10183801975540957,0.0,0.24908368559668606,0.0,0.0,0.05,0.0,0.0,0.0,0.0,0.05504616508517143,0.0,0.01117935626827485,0.04311254963845424,0.005095890410958904,0.2423342465753424,0.0,-0.3049301882227922,0.0,10.05705703311809,0.0,0.0,0.0,0.0,0.0,0.0,0.0,0.0,0.0,0.0,0.0,0.0,0.0,0.0,0.0,0.0,0.0,0.0,0.0,0.0,0.0
2019-01-14T03:15:00-07:00,5.601349315816721,0.0,0.24908368559668606,0.0,0.0,0.05,0.0,0.0,0.0,0.0,0.05504616508517143,0.0,0.01117935626827485,0.04311254963845424,0.005095890410958904,0.2423342465753424,0.0,-0.3054836628514806,0.0,10.022819596219351,0.0,0.0,0.0,0.0,0.0,0.0,0.0,0.0,0.0,0.0,0.0,0.0,0.0,0.0,0.0,0.0,0.0,0.0,0.0,0.0,0.0
2019-01-14T03:30:00-07:00,0.10086047868780917,0.0,0.24908368559668606,0.0,0.0,0.05,0.0,0.0,0.0,0.0,0.05504616508517143,0.0,0.01117935626827485,0.04311254963845424,0.005095890410958904,0.2423342465753424,0.0,-0.3059077292903926,0.0,9.991949771766818,0.0,0.0,0.0,0.0,0.0,0.0,0.0,0.0,0.0,0.0,0.0,0.0,0.0,0.0,0.0,0.0,0.0,0.0,0.0,0.0,0.0
2019-01-14T03:45:00-07:00,0.10050378026390955,0.0,0.24908368559668606,0.0,0.0,0.05,0.0,0.0,0.0,0.0,0.05504616508517143,0.0,0.01117935626827485,0.04311254963845424,0.005095890410958904,0.2423342465753424,0.0,-0.30626442771429224,0.0,9.96174735364532,0.0,0.0,0.0,0.0,0.0,0.0,0.0,0.0,0.0,0.0,0.0,0.0,0.0,0.0,0.0,0.0,0.0,0.0,0.0,0.0,0.0
2019-01-14T04:00:00-07:00,0.10074229930349449,0.0,0.24789349824349316,0.0,0.0,0.05,0.0,0.0,0.0,0.0,0.0535584308936803,0.0,0.01117935626827485,0.04742380460229966,0.006794520547945205,0.2423342465753424,0.0,-0.3105480595840479,0.0,9.933425313569392,0.0,0.0,0.0,0.0,0.0,0.0,0.0,0.0,0.0,0.0,0.0,0.0,0.0,0.0,0.0,0.0,0.0,0.0,0.0,0.0,0.0
2019-01-14T04:15:00-07:00,0.10041480549532678,0.0,0.24789349824349316,0.0,0.0,0.05,0.0,0.0,0.0,0.0,0.0535584308936803,0.0,0.01117935626827485,0.04742380460229966,0.006794520547945205,0.2423342465753424,0.0,-0.3108755533922156,0.0,9.905716802459954,0.0,0.0,0.0,0.0,0.0,0.0,0.0,0.0,0.0,0.0,0.0,0.0,0.0,0.0,0.0,0.0,0.0,0.0,0.0,0.0,0.0
2019-01-14T04:30:00-07:00,0.10010353391381932,0.0,0.24789349824349316,0.0,0.0,0.05,0.0,0.0,0.0,0.0,0.0535584308936803,0.0,0.01117935626827485,0.04742380460229966,0.006794520547945205,0.2423342465753424,0.0,-0.3111868249737231,0.0,9.878839707357528,0.0,0.0,0.0,0.0,0.0,0.0,0.0,0.0,0.0,0.0,0.0,0.0,0.0,0.0,0.0,0.0,0.0,0.0,0.0,0.0,0.0
2019-01-14T04:45:00-07:00,0.0998076776773083,0.0,0.24789349824349316,0.0,0.0,0.05,0.0,0.0,0.0,0.0,0.0535584308936803,0.0,0.01117935626827485,0.04742380460229966,0.006794520547945205,0.2423342465753424,0.0,-0.3114826812102341,0.0,9.852652371758243,0.0,0.0,0.0,0.0,0.0,0.0,0.0,0.0,0.0,0.0,0.0,0.0,0.0,0.0,0.0,0.0,0.0,0.0,0.0,0.0,0.0
2019-01-14T05:00:00-07:00,0.10386537573319815,0.0,0.24917113895986742,0.0,0.0,0.05,0.0,0.0,0.0,0.0,0.0535584308936803,0.0,0.012456996984649119,0.07760258934921763,0.010191780821917807,0.2423342465753424,0.0,-0.3422786688916091,0.0,9.831337399396539,0.0,0.0,0.0,0.0,0.0,0.0,0.0,0.0,0.0,0.0,0.0,0.0,0.0,0.0,0.0,0.0,0.0,0.0,0.0,0.0,0.0
2019-01-14T05:15:00-07:00,0.10356147918745212,0.0,0.24917113895986742,0.0,0.0,0.05,0.0,0.0,0.0,0.0,0.0535584308936803,0.0,0.012456996984649119,0.07760258934921763,0.010191780821917807,0.2423342465753424,0.0,-0.3425825654373551,0.0,9.809707080027973,0.0,0.0,0.0,0.0,0.0,0.0,0.0,0.0,0.0,0.0,0.0,0.0,0.0,0.0,0.0,0.0,0.0,0.0,0.0,0.0,0.0
2019-01-14T05:30:00-07:00,0.10327258098416825,0.0,0.24917113895986742,0.0,0.0,0.05,0.0,0.0,0.0,0.0,0.0535584308936803,0.0,0.012456996984649119,0.07760258934921763,0.010191780821917807,0.2423342465753424,0.0,-0.342871463640639,0.0,9.78920146773184,0.0,0.0,0.0,0.0,0.0,0.0,0.0,0.0,0.0,0.0,0.0,0.0,0.0,0.0,0.0,0.0,0.0,0.0,0.0,0.0,0.0
2019-01-14T05:45:00-07:00,0.1029979358508415,0.0,0.24917113895986742,0.0,0.0,0.05,0.0,0.0,0.0,0.0,0.0535584308936803,0.0,0.012456996984649119,0.07760258934921763,0.010191780821917807,0.2423342465753424,0.0,-0.34314610877396573,0.0,9.7686889880806,0.0,0.0,0.0,0.0,0.0,0.0,0.0,0.0,0.0,0.0,0.0,0.0,0.0,0.0,0.0,0.0,0.0,0.0,0.0,0.0,0.0
2019-01-14T06:00:00-07:00,0.11207897639147668,0.0,0.2639189755206252,0.0,0.0,0.05,0.0,0.0,0.0,0.0,0.05653389927666255,0.0,0.014054047880116953,0.1293376489153627,0.016986301369863014,0.25579726027397254,0.0,-0.41063018132450113,0.0,9.757367271964158,0.0,0.0,0.0,0.0,0.0,0.0,0.0,0.0,0.0,0.0,0.0,0.0,0.0,0.0,0.0,0.0,0.0,0.0,0.0,0.0,0.0
2019-01-14T06:15:00-07:00,0.11174983224791313,0.0,0.2639189755206252,0.0,0.0,0.05,0.0,0.0,0.0,0.0,0.05653389927666255,0.0,0.014054047880116953,0.1293376489153627,0.016986301369863014,0.25579726027397254,0.0,-0.4109593254680647,0.0,9.744176674110125,0.0,0.0,0.0,0.0,0.0,0.0,0.0,0.0,0.0,0.0,0.0,0.0,0.0,0.0,0.0,0.0,0.0,0.0,0.0,0.0,0.0
2019-01-14T06:30:00-07:00,0.11143675714420781,0.0,0.2639189755206252,0.0,0.0,0.05,0.0,0.0,0.0,0.0,0.05653389927666255,0.0,0.014054047880116953,0.1293376489153627,0.016986301369863014,0.25579726027397254,0.0,-0.41127240057177,0.0,9.728393164268946,0.0,0.0,0.0,0.0,0.0,0.0,0.0,0.0,0.0,0.0,0.0,0.0,0.0,0.0,0.0,0.0,0.0,0.0,0.0,0.0,0.0
2019-01-14T06:45:00-07:00,0.1111389540566583,0.0,0.2639189755206252,0.0,0.0,0.05,0.0,0.0,0.0,0.0,0.05653389927666255,0.0,0.014054047880116953,0.1293376489153627,0.016986301369863014,0.25579726027397254,0.0,-0.4115702036593195,0.0,9.712551585184078,0.0,0.0,0.0,0.0,0.0,0.0,0.0,0.0,0.0,0.0,0.0,0.0,0.0,0.0,0.0,0.0,0.0,0.0,0.0,0.0,0.0
2019-01-14T07:00:00-07:00,0.11867336651794957,0.0,0.28149673612808646,0.0,0.0,0.05,0.0,0.0,0.0,0.0,0.05950936765964479,0.0,0.013095817342836253,0.1638276886261261,0.02547945205479452,0.2759917808219177,0.0,-0.46923073998736986,0.0,9.704932969118524,0.0,0.0,0.0,0.0,0.0,0.0,0.0,0.0,0.0,0.0,0.0,0.0,0.0,0.0,0.0,0.0,0.0,0.0,0.0,0.0,0.0
2019-01-14T07:15:00-07:00,0.11832876035864365,0.0,0.28149673612808646,0.0,0.0,0.05,0.0,0.0,0.0,0.0,0.05950936765964479,0.0,0.013095817342836253,0.1638276886261261,0.02547945205479452,0.2759917808219177,0.0,-0.4695753461466758,0.0,9.695492441540337,0.0,0.0,0.0,0.0,0.0,0.0,0.0,0.0,0.0,0.0,0.0,0.0,0.0,0.0,0.0,0.0,0.0,0.0,0.0,0.0,0.0
2019-01-14T07:30:00-07:00,0.10485993947711864,0.0,0.28149673612808646,0.0,0.0,0.05,0.0,0.0,0.0,0.0,0.05950936765964479,0.0,0.013095817342836253,0.1638276886261261,0.02547945205479452,0.2759917808219177,0.11086836012630097,-0.37217580690189983,0.0,9.700992712322712,0.0,0.0,0.0,0.0,0.0,0.0,0.0,0.0,0.0,0.0,0.0,0.0,0.0,0.0,0.0,0.0,0.0,0.0,0.0,0.0,0.0
2019-01-14T07:45:00-07:00,0.10052474009196821,0.0,0.28149673612808646,0.0,0.0,0.05,0.0,0.0,0.0,0.0,0.05950936765964479,0.0,0.013095817342836253,0.1638276886261261,0.02547945205479452,0.2759917808219177,0.14604906216234118,-0.3413303042510101,0.0,9.709824124039075,0.0,0.0,0.0,0.0,0.0,0.0,0.0,0.0,0.0,0.0,0.0,0.0,0.0,0.0,0.0,0.0,0.0,0.0,0.0,0.0,0.0
2019-01-14T08:00:00-07:00,0.10201608626765835,0.0,0.28487802716979577,0.0,0.0,0.05,0.0,0.0,0.0,0.0,0.06099710185113591,0.0,0.009901715551900581,0.1767614535176624,0.03397260273972603,0.28272328767123284,0.15739523345472645,-0.3549448416092731,0.0,9.721898007886903,0.0,0.0,0.0,0.0,0.0,0.0,0.0,0.0,0.0,0.0,0.0,0.0,0.0,0.0,0.0,0.0,0.0,0.0,0.0,0.0,0.0
2019-01-14T08:15:00-07:00,0.10076212890529646,0.0,0.28487802716979577,0.0,0.0,0.05,0.0,0.0,0.0,0.0,0.06099710185113591,0.0,0.009901715551900581,0.1767614535176624,0.03397260273972603,0.28272328767123284,0.1634037826662561,-0.35019024976010527,0.0,9.73352452516465,0.0,0.0,0.0,0.0,0.0,0.0,0.0,0.0,0.0,0.0,0.0,0.0,0.0,0.0,0.0,0.0,0.0,0.0,0.0,0.0,0.0
2019-01-14T08:30:00-07:00,0.05368691261236447,0.0,0.28487802716979577,0.0,0.0,0.05,0.0,0.0,0.0,0.0,0.06099710185113591,0.0,0.009901715551900581,0.1767614535176624,0.03397260273972603,0.28272328767123284,1.1325766578039398,0.5719074090846464,0.0,9.860146445044085,0.0,0.0,0.0,0.0,0.0,0.0,0.0,0.0,0.0,0.0,0.0,0.0,0.0,0.0,0.0,0.0,0.0,0.0,0.0,0.0,0.0
2019-01-14T08:45:00-07:00,0.05339690574258893,0.0,0.28487802716979577,0.0,0.0,0.05,0.0,0.0,0.0,0.0,0.06099710185113591,0.0,0.009901715551900581,0.1767614535176624,0.03397260273972603,0.28272328767123284,1.1935473044712492,0.6325880488821803,0.0,9.966769014104372,0.0,0.0,0.0,0.0,0.0,0.0,0.0,0.0,0.0,0.0,0.0,0.0,0.0,0.0,0.0,0.0,0.0,0.0,0.0,0.0,0.0
2019-01-14T09:00:00-07:00,5.5532019148615674,0.0,0.2829615660952344,0.0,0.0,0.05,0.0,0.0,0.0,0.0,0.06099710185113591,0.0,0.007985254477339178,0.1767614535176624,0.04246575342465753,0.28272328767123284,1.250750047704937,0.6829543409344763,0.0,10.060924976799651,0.0,0.0,0.0,0.0,0.0,0.0,0.0,0.0,0.0,0.0,0.0,0.0,0.0,0.0,0.0,0.0,0.0,0.0,0.0,0.0,0.0
2019-01-14T09:15:00-07:00,0.05284311259111951,0.0,0.2829615660952344,0.0,0.0,0.05,0.0,0.0,0.0,0.0,0.06099710185113591,0.0,0.007985254477339178,0.1767614535176624,0.04246575342465753,0.28272328767123284,1.3042459130666715,0.7361561747157631,0.0,10.147401850921689,0.0,0.0,0.0,0.0,0.0,0.0,0.0,0.0,0.0,0.0,0.0,0.0,0.0,0.0,0.0,0.0,0.0,0.0,0.0,0.0,0.0
2019-01-14T09:30:00-07:00,0.04718346395923545,0.0,0.2829615660952344,0.0,0.0,0.05,0.0,0.0,0.0,0.0,0.06099710185113591,0.0,0.007985254477339178,0.1767614535176624,0.04246575342465753,0.28272328767123284,1.9740322619828032,1.4002828750000111,0.0,10.280129175309089,0.0,0.0,0.0,0.0,0.0,0.0,0.0,0.0,0.0,0.0,0.0,0.0,0.0,0.0,0.0,0.0,0.0,0.0,0.0,0.0,0.0
2019-01-14T09:45:00-07:00,0.046651737878795174,0.0,0.2829615660952344,0.0,0.0,0.05,0.0,0.0,0.0,0.0,0.06099710185113591,0.0,0.007985254477339178,0.1767614535176624,0.04246575342465753,0.28272328767123284,2.0279280618910276,1.453646948827795,0.0,10.398876849849911,0.0,0.0,0.0,0.0,0.0,0.0,0.0,0.0,0.0,0.0,0.0,0.0,0.0,0.0,0.0,0.0,0.0,0.0,0.0,0.0,0.0
2019-01-14T10:00:00-07:00,0.045340490618582585,0.0,0.2814519685629479,0.0,0.0,0.05,0.0,0.0,0.0,0.0,0.05950936765964479,0.0,0.007665844298245611,0.16813894358997156,0.04756164383561644,0.28272328767123284,2.1404325459048614,1.570173949468733,0.0,10.516317948415384,0.0,0.0,0.0,0.0,0.0,0.0,0.0,0.0,0.0,0.0,0.0,0.0,0.0,0.0,0.0,0.0,0.0,0.0,0.0,0.0,0.0
2019-01-14T10:15:00-07:00,0.04482782746024894,0.0,0.2814519685629479,0.0,0.0,0.05,0.0,0.0,0.0,0.0,0.05950936765964479,0.0,0.007665844298245611,0.16813894358997156,0.04756164383561644,0.28272328767123284,2.189391077407658,1.618619817813196,0.0,10.626285633593337,0.0,0.0,0.0,0.0,0.0,0.0,0.0,0.0,0.0,0.0,0.0,0.0,0.0,0.0,0.0,0.0,0.0,0.0,0.0,0.0,0.0
2019-01-14T10:30:00-07:00,5.5352272605158515,0.0,0.2814519685629479,0.0,0.0,0.05,0.0,0.0,0.0,0.0,0.05950936765964479,0.0,0.007665844298245611,0.16813894358997156,0.04756164383561644,0.28272328767123284,2.8495221625598077,2.269085565330948,0.0,10.777417057044943,0.0,0.0,0.0,0.0,0.0,0.0,0.0,0.0,0.0,0.0,0.0,0.0,0.0,0.0,0.0,0.0,0.0,0.0,0.0,0.0,0.0
2019-01-14T10:45:00-07:00,0.034330844223423806,0.0,0.2814519685629479,0.0,0.0,0.05,0.0,0.0,0.0,0.0,0.05950936765964479,0.0,0.007665844298245611,0.16813894358997156,0.04756164383561644,0.28272328767123284,2.9106101019283366,2.3293418590970494,0.0,10.913562596836544,0.0,0.0,0.0,0.0,0.0,0.0,0.0,0.0,0.0,0.0,0.0,0.0,0.0,0.0,0.0,0.0,0.0,0.0,0.0,0.0,0.0
2019-01-14T11:00:00-07:00,0.03358977102911753,0.0,0.2814519685629479,0.0,0.0,0.05,0.0,0.0,0.0,0.0,0.05950936765964479,0.0,0.007665844298245611,0.15951643366228066,0.05265753424657534,0.28272328767123284,2.96246443790275,2.3839817413938884,0.0,11.035972563426549,0.0,0.0,0.0,0.0,0.0,0.0,0.0,0.0,0.0,0.0,0.0,0.0,0.0,0.0,0.0,0.0,0.0,0.0,0.0,0.0,0.0
2019-01-14T11:15:00-07:00,0.033164908448823915,0.0,0.2814519685629479,0.0,0.0,0.05,0.0,0.0,0.0,0.0,0.05950936765964479,0.0,0.007665844298245611,0.15951643366228066,0.05265753424657534,0.28272328767123284,3.0042327783855787,2.4253252192964236,0.0,11.1501659036094,0.0,0.0,0.0,0.0,0.0,0.0,0.0,0.0,0.0,0.0,0.0,0.0,0.0,0.0,0.0,0.0,0.0,0.0,0.0,0.0,0.0
2019-01-14T11:30:00-07:00,-0.040692589245953315,0.0,0.2814519685629479,0.0,0.0,0.0,0.0,0.0,0.0,0.0,0.05950936765964479,0.0,0.007665844298245611,0.15951643366228066,0.05265753424657534,0.28272328767123284,4.137165891035013,3.5344008342510804,0.0,11.333074410950971,0.0,0.0,0.0,0.0,0.0,0.0,0.0,0.0,0.0,0.0,0.0,0.0,0.0,0.0,0.0,0.0,0.0,0.0,0.0,0.0,0.0
2019-01-14T11:45:00-07:00,-0.0398751108426767,0.0,0.2814519685629479,0.0,0.0,0.0,0.0,0.0,0.0,0.0,0.05950936765964479,0.0,0.007665844298245611,0.15951643366228066,0.05265753424657534,0.28272328767123284,4.164385992275036,3.56243841389438,0.0,11.498230255705339,0.0,0.0,0.0,0.0,0.0,0.0,0.0,0.0,0.0,0.0,0.0,0.0,0.0,0.0,0.0,0.0,0.0,0.0,0.0,0.0,0.0
2019-01-14T12:00:00-07:00,5.461638908733562,0.0,0.28415175344842725,0.0,0.0,0.0,0.0,0.0,0.0,0.0,0.06248483604262702,0.0,0.007985254477339178,0.15520517869843525,0.05605479452054794,0.28272328767123284,4.176048757112525,3.573169543745905,0.0,11.650889947637866,0.0,0.0,0.0,0.0,0.0,0.0,0.0,0.0,0.0,0.0,0.0,0.0,0.0,0.0,0.0,0.0,0.0,0.0,0.0,0.0,0.0
2019-01-14T12:15:00-07:00,-0.03661757153902645,0.0,0.28415175344842725,0.0,0.0,0.0,0.0,0.0,0.0,0.0,0.06248483604262702,0.0,0.007985254477339178,0.15520517869843525,0.05605479452054794,0.28272328767123284,4.17301642403851,3.571945501089301,0.0,11.799549431535793,0.0,0.0,0.0,0.0,0.0,0.0,0.0,0.0,0.0,0.0,0.0,0.0,0.0,0.0,0.0,0.0,0.0,0.0,0.0,0.0,0.0
2019-01-14T12:30:00-07:00,-0.004809132213161593,0.0,0.28415175344842725,0.0,0.0,0.0,0.0,0.0,0.0,0.0,0.06248483604262702,0.0,0.007985254477339178,0.15520517869843525,0.05605479452054794,0.28272328767123284,2.342355812887241,1.7730933292638973,0.0,11.825009708732631,0.0,0.0,0.0,0.0,0.0,0.0,0.0,0.0,0.0,0.0,0.0,0.0,0.0,0.0,0.0,0.0,0.0,0.0,0.0,0.0,0.0
2019-01-14T12:45:00-07:00,-0.037407531543768524,0.0,0.28415175344842725,0.0,0.0,0.0,0.0,0.0,0.0,0.0,0.06248483604262702,0.0,0.007985254477339178,0.15520517869843525,0.05605479452054794,0.28272328767123284,2.3265339761186357,1.7246730931646852,0.0,11.870755879599692,0.0,0.0,0.0,0.0,0.0,0.0,0.0,0.0,0.0,0.0,0.0,0.0,0.0,0.0,0.0,0.0,0.0,0.0,0.0,0.0,0.0
2019-01-14T13:00:00-07:00,-1.7283604372489088,0.0,0.28510998398570797,0.0,0.0,0.0,0.0,0.0,0.0,0.0,0.06248483604262702,0.0,0.008943485014619881,0.15089392373458985,0.06454794520547945,0.28272328767123284,2.302953914917458,0.005,0.0,11.928970105812711,0.0,0.0,0.0,0.0,0.0,0.0,0.0,0.0,0.0,0.0,0.0,0.0,0.0,0.0,0.0,0.0,0.0,0.0,0.0,0.0,0.0
2019-01-14T13:15:00-07:00,-1.6970589573316885,0.0,0.28510998398570797,0.0,0.0,0.0,0.0,0.0,0.0,0.0,0.06248483604262702,0.0,0.008943485014619881,0.15089392373458985,0.06454794520547945,0.28272328767123284,2.2716524350002376,0.005,0.0,11.995855308178776,0.0,0.0,0.0,0.0,0.0,0.0,0.0,0.0,0.0,0.0,0.0,0.0,0.0,0.0,0.0,0.0,0.0,0.0,0.0,0.0,0.0
2019-01-14T13:30:00-07:00,-1.2955503441609177,0.0,0.28510998398570797,0.0,0.0,0.0,0.0,0.0,0.0,0.0,0.06248483604262702,0.0,0.008943485014619881,0.15089392373458985,0.06454794520547945,0.28272328767123284,1.8701438218294668,0.005,0.0,12.034825272109277,0.0,0.0,0.0,0.0,0.0,0.0,0.0,0.0,0.0,0.0,0.0,0.0,0.0,0.0,0.0,0.0,0.0,0.0,0.0,0.0,0.0
2019-01-14T13:45:00-07:00,-1.2653377299335882,0.0,0.28510998398570797,0.0,0.0,0.0,0.0,0.0,0.0,0.0,0.06248483604262702,0.0,0.008943485014619881,0.15089392373458985,0.06454794520547945,0.28272328767123284,1.8399312076021372,0.005,0.0,12.082804156255373,0.0,0.0,0.0,0.0,0.0,0.0,0.0,0.0,0.0,0.0,0.0,0.0,0.0,0.0,0.0,0.0,0.0,0.0,0.0,0.0,0.0
2019-01-14T14:00:00-07:00,-1.2152390913027387,0.0,0.2857488043438951,0.0,0.0,0.0,0.0,0.0,0.0,0.0,0.06248483604262702,0.0,0.009582305372807014,0.15951643366228066,0.07134246575342466,0.28272328767123284,1.8058884198051108,0.005,0.0,12.137182714988233,0.0,0.0,0.0,0.0,0.0,0.0,0.0,0.0,0.0,0.0,0.0,0.0,0.0,0.0,0.0,0.0,0.0,0.0,0.0,0.0,0.0
2019-01-14T14:15:00-07:00,-1.1773391833091402,0.0,0.2857488043438951,0.0,0.0,0.0,0.0,0.0,0.0,0.0,0.06248483604262702,0.0,0.009582305372807014,0.15951643366228066,0.07134246575342466,0.28272328767123284,1.7679885118115126,0.005,0.0,12.194178804494845,0.0,0.0,0.0,0.0,0.0,0.0,0.0,0.0,0.0,0.0,0.0,0.0,0.0,0.0,0.0,0.0,0.0,0.0,0.0,0.0,0.0
2019-01-14T14:30:00-07:00,-1.2043126757474942,0.0,0.2857488043438951,0.0,0.0,0.0,0.0,0.0,0.0,0.0,0.06248483604262702,0.0,0.009582305372807014,0.15951643366228066,0.07134246575342466,0.28272328767123284,1.7949620042498664,0.005,0.0,12.256125092332297,0.0,0.0,0.0,0.0,0.0,0.0,0.0,0.0,0.0,0.0,0.0,0.0,0.0,0.0,0.0,0.0,0.0,0.0,0.0,0.0,0.0
2019-01-14T14:45:00-07:00,-1.115220880892116,0.0,0.2857488043438951,0.0,0.0,0.05,0.0,0.0,0.0,0.0,0.06248483604262702,0.0,0.009582305372807014,0.15951643366228066,0.07134246575342466,0.28272328767123284,1.7558702093944885,0.005,0.0,12.318731051991813,0.0,0.0,0.0,0.0,0.0,0.0,0.0,0.0,0.0,0.0,0.0,0.0,0.0,0.0,0.0,0.0,0.0,0.0,0.0,0.0,0.0
2019-01-14T15:00:00-07:00,-0.03764510284075562,0.0,0.2969260788450741,0.0,0.0,0.05,0.0,0.0,0.0,0.0,0.06099710185113591,1.0,0.01117935626827485,0.1767614535176624,0.07813698630136985,0.2961863013698629,1.7159063021490617,0.005,0.0,12.385618751662081,0.0,0.0,0.0,0.0,0.0,0.0,0.0,0.0,0.0,0.0,0.0,0.0,0.0,0.0,0.0,0.0,0.0,0.0,0.0,0.0,0.0
2019-01-14T15:15:00-07:00,-0.9994930642669259,0.0,0.2969260788450741,0.0,0.0,0.05,0.0,0.0,0.0,0.0,0.06099710185113591,0.0,0.01117935626827485,0.1767614535176624,0.07813698630136985,0.2961863013698629,1.6777542635752318,0.005,0.0,12.452077410116695,0.0,0.0,0.0,0.0,0.0,0.0,0.0,0.0,0.0,0.0,0.0,0.0,0.0,0.0,0.0,0.0,0.0,0.0,0.0,0.0,0.0
2019-01-14T15:30:00-07:00,0.058838817143818556,0.0,0.2969260788450741,0.0,0.0,0.05,0.0,0.0,0.0,0.0,0.06099710185113591,1.0,0.01117935626827485,0.1767614535176624,0.07813698630136985,0.2961863013698629,0.5143366290573204,-1.1000857531071673,0.0,12.39160076248311,0.0,0.0,0.0,0.0,0.0,0.0,0.0,0.0,0.0,0.0,0.0,0.0,0.0,0.0,0.0,0.0,0.0,0.0,0.0,0.0,0.0
2019-01-14T15:45:00-07:00,0.058785496360697964,0.0,0.2969260788450741,0.0,0.0,0.05,0.0,0.0,0.0,0.0,0.06099710185113591,1.0,0.01117935626827485,0.1767614535176624,0.07813698630136985,0.2961863013698629,0.5297963962651154,-1.084679306682493,0.0,12.350627430283875,0.0,0.0,0.0,0.0,0.0,0.0,0.0,0.0,0.0,0.0,0.0,0.0,0.0,0.0,0.0,0.0,0.0,0.0,0.0,0.0,0.0
2019-01-14T16:00:00-07:00,5.555122372007011,0.0,0.3195269489548511,0.0,0.0,0.05,0.0,0.0,0.0,0.0,0.06546030442560927,0.0,0.014054047880116953,0.2155627481922712,0.09172602739726027,0.31638082191780814,0.5688342437853605,-0.12929210471069455,0.0,12.33464269700396,0.0,0.0,0.0,0.0,0.0,0.0,0.0,0.0,0.0,0.0,0.0,0.0,0.0,0.0,0.0,0.0,0.0,0.0,0.0,0.0,0.0
2019-01-14T16:15:00-07:00,0.055002606457987935,0.0,0.3195269489548511,0.0,0.0,0.05,0.0,0.0,0.0,0.0,0.06546030442560927,0.0,0.014054047880116953,0.2155627481922712,0.09172602739726027,0.31638082191780814,0.6746201104046592,-0.023561232950418832,0.0,12.341079966080127,0.0,0.0,0.0,0.0,0.0,0.0,0.0,0.0,0.0,0.0,0.0,0.0,0.0,0.0,0.0,0.0,0.0,0.0,0.0,0.0,0.0
2019-01-14T16:30:00-07:00,0.05615396910096704,0.0,0.3195269489548511,0.0,0.0,0.05,0.0,0.0,0.0,0.0,0.06546030442560927,0.0,0.014054047880116953,0.2155627481922712,0.09172602739726027,0.31638082191780814,0.10337468032193599,-0.5936553003901629,0.0,12.275084838581787,0.0,0.0,0.0,0.0,0.0,0.0,0.0,0.0,0.0,0.0,0.0,0.0,0.0,0.0,0.0,0.0,0.0,0.0,0.0,0.0,0.0
2019-01-14T16:45:00-07:00,0.056176243550916216,0.0,0.3195269489548511,0.0,0.0,0.05,0.0,0.0,0.0,0.0,0.06546030442560927,0.0,0.014054047880116953,0.2155627481922712,0.09172602739726027,0.31638082191780814,0.09977043394817449,-0.5972372723139752,0.0,12.217392496947852,0.0,0.0,0.0,0.0,0.0,0.0,0.0,0.0,0.0,0.0,0.0,0.0,0.0,0.0,0.0,0.0,0.0,0.0,0.0,0.0,0.0
2019-01-14T17:00:00-07:00,0.056669196309611314,0.0,0.3442762369551017,0.0,0.0,0.05,0.0,0.0,0.0,0.0,0.07141124119157374,0.0,0.017886970029239762,0.2802315726499526,0.10531506849315068,0.3365753424657534,0.09541821030911261,-0.7093327882109464,0.0,12.177508148967947,0.0,0.0,0.0,0.0,0.0,0.0,0.0,0.0,0.0,0.0,0.0,0.0,0.0,0.0,0.0,0.0,0.0,0.0,0.0,0.0,0.0
2019-01-14T17:15:00-07:00,0.056704515299498826,0.0,0.3442762369551017,0.0,0.0,0.05,0.0,0.0,0.0,0.0,0.07141124119157374,0.0,0.017886970029239762,0.2802315726499526,0.10531506849315068,0.3365753424657534,0.0909607135407028,-0.7137549659894686,0.0,12.137515471464214,0.0,0.0,0.0,0.0,0.0,0.0,0.0,0.0,0.0,0.0,0.0,0.0,0.0,0.0,0.0,0.0,0.0,0.0,0.0,0.0,0.0
2019-01-14T17:30:00-07:00,0.057182073881979045,0.0,0.3442762369551017,0.0,0.0,0.05,0.0,0.0,0.0,0.0,0.07141124119157374,0.0,0.017886970029239762,0.2802315726499526,0.10531506849315068,0.3365753424657534,0.0,-0.8042381209476912,0.0,12.087812857870059,0.0,0.0,0.0,0.0,0.0,0.0,0.0,0.0,0.0,0.0,0.0,0.0,0.0,0.0,0.0,0.0,0.0,0.0,0.0,0.0,0.0
2019-01-14T17:45:00-07:00,0.05720343647028758,0.0,0.3442762369551017,0.0,0.0,0.05,0.0,0.0,0.0,0.0,0.07141124119157374,0.0,0.017886970029239762,0.2802315726499526,0.10531506849315068,0.3365753424657534,0.0,-0.8042167583593827,0.0,12.03854688689203,0.0,0.0,0.0,0.0,0.0,0.0,0.0,0.0,0.0,0.0,0.0,0.0,0.0,0.0,0.0,0.0,0.0,0.0,0.0,0.0,0.0
2019-01-14T18:00:00-07:00,5.558084261183756,0.0,0.35459709857368804,0.0,0.0,0.05,0.0,0.0,0.0,0.0,0.07438670957455598,0.0,0.020442251461988296,0.3707679268907064,0.1358904109589041,0.3433068493150684,0.0,-0.936774657707467,0.0,12.003988920050784,0.0,0.0,0.0,0.0,0.0,0.0,0.0,0.0,0.0,0.0,0.0,0.0,0.0,0.0,0.0,0.0,0.0,0.0,0.0,0.0,0.0
2019-01-14T18:15:00-07:00,0.05805412070974414,0.0,0.35459709857368804,0.0,0.0,0.05,0.0,0.0,0.0,0.0,0.07438670957455598,0.0,0.020442251461988296,0.3707679268907064,0.1358904109589041,0.3433068493150684,0.0,-0.9367400274914791,0.0,11.965784009716666,0.0,0.0,0.0,0.0,0.0,0.0,0.0,0.0,0.0,0.0,0.0,0.0,0.0,0.0,0.0,0.0,0.0,0.0,0.0,0.0,0.0
2019-01-14T18:30:00-07:00,0.05808888550529745,0.0,0.35459709857368804,0.0,0.0,0.05,0.0,0.0,0.0,0.0,0.07438670957455598,0.0,0.020442251461988296,0.3707679268907064,0.1358904109589041,0.3433068493150684,0.0,-0.9367052626959258,0.0,11.922844381211661,0.0,0.0,0.0,0.0,0.0,0.0,0.0,0.0,0.0,0.0,0.0,0.0,0.0,0.0,0.0,0.0,0.0,0.0,0.0,0.0,0.0
2019-01-14T18:45:00-07:00,0.05812430900061749,0.0,0.35459709857368804,0.0,0.0,0.05,0.0,0.0,0.0,0.0,0.07438670957455598,0.0,0.020442251461988296,0.3707679268907064,0.1358904109589041,0.3433068493150684,0.0,-0.9366698392006058,0.0,11.877979092199373,0.0,0.0,0.0,0.0,0.0,0.0,0.0,0.0,0.0,0.0,0.0,0.0,0.0,0.0,0.0,0.0,0.0,0.0,0.0,0.0,0.0
2019-01-14T19:00:00-07:00,0.059084235067720314,0.0,0.3481091591042245,0.0,0.0,0.05,0.0,0.0,0.0,0.0,0.07141124119157374,0.0,0.02171989217836257,0.456993026167615,0.18684931506849314,0.3365753424657534,0.0,-1.0644645820040777,0.0,11.845894008543986,0.0,0.0,0.0,0.0,0.0,0.0,0.0,0.0,0.0,0.0,0.0,0.0,0.0,0.0,0.0,0.0,0.0,0.0,0.0,0.0,0.0
2019-01-14T19:15:00-07:00,0.05913837560878732,0.0,0.3481091591042245,0.0,0.0,0.05,0.0,0.0,0.0,0.0,0.07141124119157374,0.0,0.02171989217836257,0.456993026167615,0.18684931506849314,0.3365753424657534,0.0,-1.0644104414630107,0.0,11.808828480033078,0.0,0.0,0.0,0.0,0.0,0.0,0.0,0.0,0.0,0.0,0.0,0.0,0.0,0.0,0.0,0.0,0.0,0.0,0.0,0.0,0.0
2019-01-14T19:30:00-07:00,0.05918889448861897,0.0,0.3481091591042245,0.0,0.0,0.05,0.0,0.0,0.0,0.0,0.07141124119157374,0.0,0.02171989217836257,0.456993026167615,0.18684931506849314,0.3365753424657534,0.0,-1.064359922583179,0.0,11.76839628180014,0.0,0.0,0.0,0.0,0.0,0.0,0.0,0.0,0.0,0.0,0.0,0.0,0.0,0.0,0.0,0.0,0.0,0.0,0.0,0.0,0.0
2019-01-14T19:45:00-07:00,0.05923571906960379,0.0,0.3481091591042245,0.0,0.0,0.05,0.0,0.0,0.0,0.0,0.07141124119157374,0.0,0.02171989217836257,0.456993026167615,0.18684931506849314,0.3365753424657534,0.0,-1.0643130980021942,0.0,11.72335069120764,0.0,0.0,0.0,0.0,0.0,0.0,0.0,0.0,0.0,0.0,0.0,0.0,0.0,0.0,0.0,0.0,0.0,0.0,0.0,0.0,0.0
2019-01-14T20:00:00-07:00,5.5596772554222085,0.0,0.3367873811503146,0.0,0.0,0.05,0.0,0.0,0.0,0.0,0.06992350700008262,0.0,0.0223587125365497,0.47423804602299663,0.22421917808219177,0.3231123287671232,0.0,-1.104239287676735,0.0,11.678320526973916,0.0,0.0,0.0,0.0,0.0,0.0,0.0,0.0,0.0,0.0,0.0,0.0,0.0,0.0,0.0,0.0,0.0,0.0,0.0,0.0,0.0
2019-01-14T20:15:00-07:00,0.06378778578807642,0.0,0.3367873811503146,0.0,0.0,0.05,0.0,0.0,0.0,0.0,0.06992350700008262,0.0,0.0223587125365497,0.47423804602299663,0.22421917808219177,0.3231123287671232,0.0,-1.1000639866208675,0.0,11.628755762133373,0.0,0.0,0.0,0.0,0.0,0.0,0.0,0.0,0.0,0.0,0.0,0.0,0.0,0.0,0.0,0.0,0.0,0.0,0.0,0.0,0.0
2019-01-14T20:30:00-07:00,0.07395275844653715,0.0,0.3367873811503146,0.0,0.0,0.05,0.0,0.0,0.0,0.0,0.06992350700008262,0.0,0.0223587125365497,0.47423804602299663,0.22421917808219177,0.3231123287671232,0.0,-1.0898990139624067,0.0,11.576035805820393,0.0,0.0,0.0,0.0,0.0,0.0,0.0,0.0,0.0,0.0,0.0,0.0,0.0,0.0,0.0,0.0,0.0,0.0,0.0,0.0,0.0
2019-01-14T20:45:00-07:00,0.08481231876453021,0.0,0.3367873811503146,0.0,0.0,0.05,0.0,0.0,0.0,0.0,0.06992350700008262,0.0,0.0223587125365497,0.47423804602299663,0.22421917808219177,0.3231123287671232,0.0,-1.0790394536444137,0.0,11.520626485846998,0.0,0.0,0.0,0.0,0.0,0.0,0.0,0.0,0.0,0.0,0.0,0.0,0.0,0.0,0.0,0.0,0.0,0.0,0.0,0.0,0.0
2019-01-14T21:00:00-07:00,0.08905026184954501,0.0,0.3124593209838456,0.0,0.0,0.05,0.0,0.0,0.0,0.0,0.06843577280859149,0.0,0.020761661641081865,0.3405891421437885,0.21232876712328766,0.2961863013698629,0.0,-0.8992513832370674,0.0,11.444786346625015,0.0,0.0,0.0,0.0,0.0,0.0,0.0,0.0,0.0,0.0,0.0,0.0,0.0,0.0,0.0,0.0,0.0,0.0,0.0,0.0,0.0
2019-01-14T21:15:00-07:00,0.09926845138088891,0.0,0.3124593209838456,0.0,0.0,0.05,0.0,0.0,0.0,0.0,0.06843577280859149,0.0,0.020761661641081865,0.3405891421437885,0.21232876712328766,0.2961863013698629,0.0,-0.8890331937057235,0.0,11.372098283471077,0.0,0.0,0.0,0.0,0.0,0.0,0.0,0.0,0.0,0.0,0.0,0.0,0.0,0.0,0.0,0.0,0.0,0.0,0.0,0.0,0.0
2019-01-14T21:30:00-07:00,0.10960189061622427,0.0,0.3124593209838456,0.0,0.0,0.05,0.0,0.0,0.0,0.0,0.06843577280859149,0.0,0.020761661641081865,0.3405891421437885,0.21232876712328766,0.2961863013698629,0.0,-0.8786997544703882,0.0,11.30352840371297,0.0,0.0,0.0,0.0,0.0,0.0,0.0,0.0,0.0,0.0,0.0,0.0,0.0,0.0,0.0,0.0,0.0,0.0,0.0,0.0,0.0
2019-01-14T21:45:00-07:00,0.1199150198585055,0.0,0.3124593209838456,0.0,0.0,0.05,0.0,0.0,0.0,0.0,0.06843577280859149,0.0,0.020761661641081865,0.3405891421437885,0.21232876712328766,0.2961863013698629,0.0,-0.868386625228107,0.0,11.236502203427271,0.0,0.0,0.0,0.0,0.0,0.0,0.0,0.0,0.0,0.0,0.0,0.0,0.0,0.0,0.0,0.0,0.0,0.0,0.0,0.0,0.0
2019-01-14T22:00:00-07:00,0.10680143461111091,0.0,0.28566343274780953,0.0,0.0,0.05,0.0,0.0,0.0,0.0,0.06546030442560927,0.0,0.017886970029239762,0.17245019855381696,0.1307945205479452,0.26926027397260266,0.0,-0.599050832918103,0.0,11.141235412000988,0.0,0.0,0.0,0.0,0.0,0.0,0.0,0.0,0.0,0.0,0.0,0.0,0.0,0.0,0.0,0.0,0.0,0.0,0.0,0.0,0.0
2019-01-14T22:15:00-07:00,0.1139360525758275,0.0,0.28566343274780953,0.0,0.0,0.05,0.0,0.0,0.0,0.0,0.06546030442560927,0.0,0.017886970029239762,0.17245019855381696,0.1307945205479452,0.26926027397260266,0.0,-0.5919162149533864,0.0,11.05448146458737,0.0,0.0,0.0,0.0,0.0,0.0,0.0,0.0,0.0,0.0,0.0,0.0,0.0,0.0,0.0,0.0,0.0,0.0,0.0,0.0,0.0
2019-01-14T22:30:00-07:00,0.12079967201100117,0.0,0.28566343274780953,0.0,0.0,0.05,0.0,0.0,0.0,0.0,0.06546030442560927,0.0,0.017886970029239762,0.17245019855381696,0.1307945205479452,0.26926027397260266,0.0,-0.5850525955182128,0.0,10.972906277149063,0.0,0.0,0.0,0.0,0.0,0.0,0.0,0.0,0.0,0.0,0.0,0.0,0.0,0.0,0.0,0.0,0.0,0.0,0.0,0.0,0.0
2019-01-14T22:45:00-07:00,0.12751987712444268,0.0,0.28566343274780953,0.0,0.0,0.05,0.0,0.0,0.0,0.0,0.06546030442560927,0.0,0.017886970029239762,0.17245019855381696,0.1307945205479452,0.26926027397260266,0.0,-0.5783323904047712,0.0,10.892273070010932,0.0,0.0,0.0,0.0,0.0,0.0,0.0,0.0,0.0,0.0,0.0,0.0,0.0,0.0,0.0,0.0,0.0,0.0,0.0,0.0,0.0
2019-01-14T23:00:00-07:00,0.11043589752258492,0.0,0.2630625626380325,0.0,0.0,0.05,0.0,0.0,0.0,0.0,0.06099710185113591,0.0,0.015012278417397657,0.07760258934921763,0.05775342465753425,0.24906575342465745,0.0,-0.399995250177358,0.0,10.79000501938568,0.0,0.0,0.0,0.0,0.0,0.0,0.0,0.0,0.0,0.0,0.0,0.0,0.0,0.0,0.0,0.0,0.0,0.0,0.0,0.0,0.0
2019-01-14T23:15:00-07:00,0.11554733990397936,0.0,0.2630625626380325,0.0,0.0,0.05,0.0,0.0,0.0,0.0,0.06099710185113591,0.0,0.015012278417397657,0.07760258934921763,0.05775342465753425,0.24906575342465745,0.0,-0.39488380779596355,0.0,10.692136644624116,0.0,0.0,0.0,0.0,0.0,0.0,0.0,0.0,0.0,0.0,0.0,0.0,0.0,0.0,0.0,0.0,0.0,0.0,0.0,0.0,0.0
2019-01-14T23:30:00-07:00,5.620854149695311,0.0,0.2630625626380325,0.0,0.0,0.05,0.0,0.0,0.0,0.0,0.06099710185113591,0.0,0.015012278417397657,0.07760258934921763,0.05775342465753425,0.24906575342465745,0.0,-0.38964176869463135,0.0,10.599456065903762,0.0,0.0,0.0,0.0,0.0,0.0,0.0,0.0,0.0,0.0,0.0,0.0,0.0,0.0,0.0,0.0,0.0,0.0,0.0,0.0,0.0
2019-01-14T23:45:00-07:00,0.12593721644161338,0.0,0.2630625626380325,0.0,0.0,0.05,0.0,0.0,0.0,0.0,0.06099710185113591,0.0,0.015012278417397657,0.07760258934921763,0.05775342465753425,0.24906575342465745,0.0,-0.38449393125832954,0.0,10.512299770631644,0.0,0.0,0.0,0.0,0.0,0.0,0.0,0.0,0.0,0.0,0.0,0.0,0.0,0.0,0.0,0.0,0.0,0.0,0.0,0.0,0.0
